{"textures":{"0":"modelengine:entity/em_nothingness"},"elements":[{"name":"cube","from":[-15.785715,8.0,-15.785715],"to":[31.785715,8.0,31.785715],"rotation":{"angle":0.0,"axis":"x","origin":[8.0,8.0,8.0]},"faces":{"down":{"uv":[6.9375,6.9375,0.0,13.875],"rotation":0,"texture":"#0","tintindex":0},"east":{"uv":[0.0,0.0,6.9375,0.0],"rotation":0,"texture":"#0","tintindex":0},"north":{"uv":[0.0,0.0,6.9375,0.0],"rotation":0,"texture":"#0","tintindex":0},"south":{"uv":[0.0,0.0,6.9375,0.0],"rotation":0,"texture":"#0","tintindex":0},"up":{"uv":[6.9375,6.9375,0.0,13.875],"rotation":0,"texture":"#0","tintindex":0},"west":{"uv":[0.0,0.0,6.9375,0.0],"rotation":0,"texture":"#0","tintindex":0}}}],"display":{"head":{"translation":[0.0,-6.4,0.0],"rotation":[0.0,0.0,0.0],"scale":[3.7333333,3.7333333,3.7333333]}}}