{"textures":{"0":"modelengine:entity/dungeon_rat"},"elements":[{"name":"cube","from":[7.4,8.0,5.6],"to":[8.6,9.2,6.8],"rotation":{"angle":0.0,"axis":"x","origin":[7.7,8.0,6.8]},"faces":{"down":{"uv":[11.0,0.0,9.0,2.0],"rotation":0,"texture":"#0","tintindex":0},"east":{"uv":[7.0,6.0,9.0,8.0],"rotation":0,"texture":"#0","tintindex":0},"north":{"uv":[5.0,7.0,7.0,9.0],"rotation":0,"texture":"#0","tintindex":0},"south":{"uv":[0.0,8.0,2.0,10.0],"rotation":0,"texture":"#0","tintindex":0},"up":{"uv":[9.0,10.0,7.0,8.0],"rotation":0,"texture":"#0","tintindex":0},"west":{"uv":[8.0,3.0,10.0,5.0],"rotation":0,"texture":"#0","tintindex":0}}},{"name":"cube","from":[7.7,8.15,5.0],"to":[8.3,8.75,5.6],"rotation":{"angle":0.0,"axis":"x","origin":[7.7,8.0,6.8]},"faces":{"down":{"uv":[10.0,9.0,9.0,10.0],"rotation":0,"texture":"#0","tintindex":0},"east":{"uv":[8.0,5.0,9.0,6.0],"rotation":0,"texture":"#0","tintindex":0},"north":{"uv":[2.0,8.0,3.0,9.0],"rotation":0,"texture":"#0","tintindex":0},"south":{"uv":[2.0,9.0,3.0,10.0],"rotation":0,"texture":"#0","tintindex":0},"up":{"uv":[10.0,9.0,9.0,8.0],"rotation":0,"texture":"#0","tintindex":0},"west":{"uv":[9.0,7.0,10.0,8.0],"rotation":0,"texture":"#0","tintindex":0}}},{"name":"cube","from":[6.6499996,8.6,6.5],"to":[7.85,9.8,6.5],"rotation":{"angle":22.5,"axis":"y","origin":[7.25,9.2,6.5]},"faces":{"down":{"uv":[2.0,0.0,0.0,0.0],"rotation":0,"texture":"#0","tintindex":0},"east":{"uv":[0.0,0.0,0.0,2.0],"rotation":0,"texture":"#0","tintindex":0},"north":{"uv":[5.0,9.0,7.0,11.0],"rotation":0,"texture":"#0","tintindex":0},"south":{"uv":[9.0,5.0,11.0,7.0],"rotation":0,"texture":"#0","tintindex":0},"up":{"uv":[2.0,0.0,0.0,0.0],"rotation":0,"texture":"#0","tintindex":0},"west":{"uv":[0.0,0.0,0.0,2.0],"rotation":0,"texture":"#0","tintindex":0}}},{"name":"cube","from":[7.1,8.0,6.8],"to":[8.9,9.2,9.2],"rotation":{"angle":0.0,"axis":"x","origin":[7.7,8.0,6.8]},"faces":{"down":{"uv":[6.0,0.0,3.0,4.0],"rotation":0,"texture":"#0","tintindex":0},"east":{"uv":[0.0,4.0,4.0,6.0],"rotation":0,"texture":"#0","tintindex":0},"north":{"uv":[0.0,6.0,3.0,8.0],"rotation":0,"texture":"#0","tintindex":0},"south":{"uv":[6.0,0.0,9.0,2.0],"rotation":0,"texture":"#0","tintindex":0},"up":{"uv":[3.0,4.0,0.0,0.0],"rotation":0,"texture":"#0","tintindex":0},"west":{"uv":[4.0,4.0,8.0,6.0],"rotation":0,"texture":"#0","tintindex":0}}},{"name":"cube","from":[7.7,8.0,9.2],"to":[8.3,8.6,11.6],"rotation":{"angle":0.0,"axis":"x","origin":[7.7,8.0,6.8]},"faces":{"down":{"uv":[5.0,7.0,4.0,11.0],"rotation":0,"texture":"#0","tintindex":0},"east":{"uv":[6.0,2.0,10.0,3.0],"rotation":0,"texture":"#0","tintindex":0},"north":{"uv":[6.0,3.0,7.0,4.0],"rotation":0,"texture":"#0","tintindex":0},"south":{"uv":[7.0,3.0,8.0,4.0],"rotation":0,"texture":"#0","tintindex":0},"up":{"uv":[4.0,11.0,3.0,7.0],"rotation":0,"texture":"#0","tintindex":0},"west":{"uv":[3.0,6.0,7.0,7.0],"rotation":0,"texture":"#0","tintindex":0}}},{"name":"cube","from":[8.15,8.6,6.5],"to":[9.35,9.8,6.5],"rotation":{"angle":-22.5,"axis":"y","origin":[8.75,9.2,6.5]},"faces":{"down":{"uv":[0.0,0.0,2.0,0.0],"rotation":0,"texture":"#0","tintindex":0},"east":{"uv":[0.0,0.0,0.0,2.0],"rotation":0,"texture":"#0","tintindex":0},"north":{"uv":[7.0,9.0,5.0,11.0],"rotation":0,"texture":"#0","tintindex":0},"south":{"uv":[11.0,5.0,9.0,7.0],"rotation":0,"texture":"#0","tintindex":0},"up":{"uv":[0.0,0.0,2.0,0.0],"rotation":0,"texture":"#0","tintindex":0},"west":{"uv":[0.0,0.0,0.0,2.0],"rotation":0,"texture":"#0","tintindex":0}}}],"display":{"head":{"translation":[0.0,-6.4,0.0],"rotation":[0.0,0.0,0.0],"scale":[3.8095,3.8095,3.8095]}}}