{"textures":{"0":"modelengine:entity/dungeon_pot_medium"},"elements":[{"name":"cube","from":[5.0,15.885715,6.2],"to":[6.2,17.085714,9.8],"rotation":{"angle":0.0,"axis":"x","origin":[3.1999998,9.885714,8.0]},"faces":{"down":{"uv":[3.5,8.25,3.0,9.75],"rotation":0,"texture":"#0","tintindex":0},"east":{"uv":[8.0,7.5,9.5,8.0],"rotation":0,"texture":"#0","tintindex":0},"north":{"uv":[5.0,7.25,5.5,7.75],"rotation":0,"texture":"#0","tintindex":0},"south":{"uv":[5.5,7.25,6.0,7.75],"rotation":0,"texture":"#0","tintindex":0},"up":{"uv":[3.0,9.75,2.5,8.25],"rotation":0,"texture":"#0","tintindex":0},"west":{"uv":[1.0,8.25,2.5,8.75],"rotation":0,"texture":"#0","tintindex":0}}},{"name":"cube","from":[5.6,8.085714,5.6],"to":[10.4,9.285714,10.4],"rotation":{"angle":0.0,"axis":"x","origin":[8.0,8.085714,8.0]},"faces":{"down":{"uv":[8.0,2.0,6.0,4.0],"rotation":0,"texture":"#0","tintindex":0},"east":{"uv":[8.0,5.5,10.0,6.0],"rotation":0,"texture":"#0","tintindex":0},"north":{"uv":[8.0,5.0,10.0,5.5],"rotation":0,"texture":"#0","tintindex":0},"south":{"uv":[8.0,6.0,10.0,6.5],"rotation":0,"texture":"#0","tintindex":0},"up":{"uv":[8.0,2.0,6.0,0.0],"rotation":0,"texture":"#0","tintindex":0},"west":{"uv":[8.0,6.5,10.0,7.0],"rotation":0,"texture":"#0","tintindex":0}}},{"name":"cube","from":[4.3999996,9.285714,4.3999996],"to":[11.6,14.685714,11.6],"rotation":{"angle":0.0,"axis":"x","origin":[8.0,8.685715,8.0]},"faces":{"down":{"uv":[3.0,3.0,0.0,6.0],"rotation":0,"texture":"#0","tintindex":0},"east":{"uv":[3.0,2.25,6.0,4.5],"rotation":0,"texture":"#0","tintindex":0},"north":{"uv":[3.0,0.0,6.0,2.25],"rotation":0,"texture":"#0","tintindex":0},"south":{"uv":[3.0,4.5,6.0,6.75],"rotation":0,"texture":"#0","tintindex":0},"up":{"uv":[3.0,3.0,0.0,0.0],"rotation":0,"texture":"#0","tintindex":0},"west":{"uv":[0.0,6.0,3.0,8.25],"rotation":0,"texture":"#0","tintindex":0}}},{"name":"cube","from":[5.6,14.685714,5.6],"to":[10.4,16.485714,10.4],"rotation":{"angle":0.0,"axis":"x","origin":[8.0,8.685715,8.0]},"faces":{"down":{"uv":[8.0,6.0,6.0,8.0],"rotation":0,"texture":"#0","tintindex":0},"east":{"uv":[3.0,7.5,5.0,8.25],"rotation":0,"texture":"#0","tintindex":0},"north":{"uv":[3.0,6.75,5.0,7.5],"rotation":0,"texture":"#0","tintindex":0},"south":{"uv":[8.0,0.0,10.0,0.75],"rotation":0,"texture":"#0","tintindex":0},"up":{"uv":[8.0,6.0,6.0,4.0],"rotation":0,"texture":"#0","tintindex":0},"west":{"uv":[8.0,0.75,10.0,1.5],"rotation":0,"texture":"#0","tintindex":0}}},{"name":"cube","from":[9.8,15.885715,6.2],"to":[11.0,17.085714,9.8],"rotation":{"angle":0.0,"axis":"x","origin":[8.0,9.885714,8.0]},"faces":{"down":{"uv":[1.0,8.25,0.5,9.75],"rotation":0,"texture":"#0","tintindex":0},"east":{"uv":[8.0,7.0,9.5,7.5],"rotation":0,"texture":"#0","tintindex":0},"north":{"uv":[5.0,6.75,5.5,7.25],"rotation":0,"texture":"#0","tintindex":0},"south":{"uv":[5.5,6.75,6.0,7.25],"rotation":0,"texture":"#0","tintindex":0},"up":{"uv":[0.5,9.75,0.0,8.25],"rotation":0,"texture":"#0","tintindex":0},"west":{"uv":[7.5,8.0,9.0,8.5],"rotation":0,"texture":"#0","tintindex":0}}},{"name":"cube","from":[5.0,15.885715,9.8],"to":[11.0,17.085714,11.0],"rotation":{"angle":0.0,"axis":"x","origin":[3.1999998,9.885714,8.0]},"faces":{"down":{"uv":[10.5,3.0,8.0,3.5],"rotation":0,"texture":"#0","tintindex":0},"east":{"uv":[3.5,8.25,4.0,8.75],"rotation":0,"texture":"#0","tintindex":0},"north":{"uv":[8.0,1.5,10.5,2.0],"rotation":0,"texture":"#0","tintindex":0},"south":{"uv":[8.0,2.0,10.5,2.5],"rotation":0,"texture":"#0","tintindex":0},"up":{"uv":[10.5,3.0,8.0,2.5],"rotation":0,"texture":"#0","tintindex":0},"west":{"uv":[4.0,8.25,4.5,8.75],"rotation":0,"texture":"#0","tintindex":0}}},{"name":"cube","from":[5.0,15.885715,5.0],"to":[11.0,17.085714,6.2],"rotation":{"angle":0.0,"axis":"x","origin":[3.1999998,9.885714,3.1999998]},"faces":{"down":{"uv":[7.5,8.0,5.0,8.5],"rotation":0,"texture":"#0","tintindex":0},"east":{"uv":[4.5,8.25,5.0,8.75],"rotation":0,"texture":"#0","tintindex":0},"north":{"uv":[8.0,3.5,10.5,4.0],"rotation":0,"texture":"#0","tintindex":0},"south":{"uv":[8.0,4.0,10.5,4.5],"rotation":0,"texture":"#0","tintindex":0},"up":{"uv":[10.5,5.0,8.0,4.5],"rotation":0,"texture":"#0","tintindex":0},"west":{"uv":[5.0,8.5,5.5,9.0],"rotation":0,"texture":"#0","tintindex":0}}}],"display":{"head":{"translation":[0.0,-6.4,0.0],"rotation":[0.0,0.0,0.0],"scale":[3.8095,3.8095,3.8095]}}}