{"data":2058,"parent":"item/generated","textures":{"layer0":"item/leather_horse_armor"},"overrides":[{"predicate":{"custom_model_data":1},"model":"modelengine:xi_crate/lock"},{"predicate":{"custom_model_data":2},"model":"modelengine:xi_crate/lid"},{"predicate":{"custom_model_data":3},"model":"modelengine:xi_crate/lightbeam"},{"predicate":{"custom_model_data":4},"model":"modelengine:xi_crate/item"},{"predicate":{"custom_model_data":5},"model":"modelengine:xi_crate/body"},{"predicate":{"custom_model_data":6},"model":"modelengine:archer/noggin"},{"predicate":{"custom_model_data":7},"model":"modelengine:archer/lefthand"},{"predicate":{"custom_model_data":8},"model":"modelengine:archer/leftarm"},{"predicate":{"custom_model_data":9},"model":"modelengine:archer/leftfoot"},{"predicate":{"custom_model_data":10},"model":"modelengine:archer/leftleg"},{"predicate":{"custom_model_data":11},"model":"modelengine:archer/head"},{"predicate":{"custom_model_data":12},"model":"modelengine:archer/leftwing"},{"predicate":{"custom_model_data":13},"model":"modelengine:archer/rightwing"},{"predicate":{"custom_model_data":14},"model":"modelengine:archer/hawk"},{"predicate":{"custom_model_data":15},"model":"modelengine:archer/righthand"},{"predicate":{"custom_model_data":16},"model":"modelengine:archer/rightarm"},{"predicate":{"custom_model_data":17},"model":"modelengine:archer/rightfoot"},{"predicate":{"custom_model_data":18},"model":"modelengine:archer/rightleg"},{"predicate":{"custom_model_data":19},"model":"modelengine:archer/archer"},{"predicate":{"custom_model_data":20},"model":"modelengine:bard/head"},{"predicate":{"custom_model_data":21},"model":"modelengine:bard/leftshin"},{"predicate":{"custom_model_data":22},"model":"modelengine:bard/leftleg"},{"predicate":{"custom_model_data":23},"model":"modelengine:bard/rightshin"},{"predicate":{"custom_model_data":24},"model":"modelengine:bard/rightleg"},{"predicate":{"custom_model_data":25},"model":"modelengine:bard/lefthand"},{"predicate":{"custom_model_data":26},"model":"modelengine:bard/leftforearm"},{"predicate":{"custom_model_data":27},"model":"modelengine:bard/leftarm"},{"predicate":{"custom_model_data":28},"model":"modelengine:bard/righthand"},{"predicate":{"custom_model_data":29},"model":"modelengine:bard/rightforearm"},{"predicate":{"custom_model_data":30},"model":"modelengine:bard/rightarm"},{"predicate":{"custom_model_data":31},"model":"modelengine:bard/bard"},{"predicate":{"custom_model_data":32},"model":"modelengine:bard/lute"},{"predicate":{"custom_model_data":33},"model":"modelengine:bard/stool"},{"predicate":{"custom_model_data":34},"model":"modelengine:birdman/leftleg"},{"predicate":{"custom_model_data":35},"model":"modelengine:birdman/rightleg"},{"predicate":{"custom_model_data":36},"model":"modelengine:birdman/leftwing"},{"predicate":{"custom_model_data":37},"model":"modelengine:birdman/rightwing"},{"predicate":{"custom_model_data":38},"model":"modelengine:birdman/head"},{"predicate":{"custom_model_data":39},"model":"modelengine:birdman/birdman"},{"predicate":{"custom_model_data":40},"model":"modelengine:blacksmith/head"},{"predicate":{"custom_model_data":41},"model":"modelengine:blacksmith/rightfoot"},{"predicate":{"custom_model_data":42},"model":"modelengine:blacksmith/rightleg"},{"predicate":{"custom_model_data":43},"model":"modelengine:blacksmith/leftfoot"},{"predicate":{"custom_model_data":44},"model":"modelengine:blacksmith/leftleg"},{"predicate":{"custom_model_data":45},"model":"modelengine:blacksmith/righthand"},{"predicate":{"custom_model_data":46},"model":"modelengine:blacksmith/rightarm"},{"predicate":{"custom_model_data":47},"model":"modelengine:blacksmith/lefthand"},{"predicate":{"custom_model_data":48},"model":"modelengine:blacksmith/leftarm"},{"predicate":{"custom_model_data":49},"model":"modelengine:blacksmith/blacksmith"},{"predicate":{"custom_model_data":50},"model":"modelengine:butcher/lefthand"},{"predicate":{"custom_model_data":51},"model":"modelengine:butcher/leftarm"},{"predicate":{"custom_model_data":52},"model":"modelengine:butcher/righthand"},{"predicate":{"custom_model_data":53},"model":"modelengine:butcher/rightarm"},{"predicate":{"custom_model_data":54},"model":"modelengine:butcher/leftfoot"},{"predicate":{"custom_model_data":55},"model":"modelengine:butcher/leftleg"},{"predicate":{"custom_model_data":56},"model":"modelengine:butcher/rightfoot"},{"predicate":{"custom_model_data":57},"model":"modelengine:butcher/rightleg"},{"predicate":{"custom_model_data":58},"model":"modelengine:butcher/head"},{"predicate":{"custom_model_data":59},"model":"modelengine:butcher/butcher"},{"predicate":{"custom_model_data":60},"model":"modelengine:capra/righthorn"},{"predicate":{"custom_model_data":61},"model":"modelengine:capra/lefthorn"},{"predicate":{"custom_model_data":62},"model":"modelengine:capra/head"},{"predicate":{"custom_model_data":63},"model":"modelengine:capra/crown"},{"predicate":{"custom_model_data":64},"model":"modelengine:capra/scythe"},{"predicate":{"custom_model_data":65},"model":"modelengine:capra/righthand"},{"predicate":{"custom_model_data":66},"model":"modelengine:capra/rightforearm"},{"predicate":{"custom_model_data":67},"model":"modelengine:capra/rightbicep"},{"predicate":{"custom_model_data":68},"model":"modelengine:capra/lefthand"},{"predicate":{"custom_model_data":69},"model":"modelengine:capra/leftforearm"},{"predicate":{"custom_model_data":70},"model":"modelengine:capra/leftbicep"},{"predicate":{"custom_model_data":71},"model":"modelengine:capra/rightleg"},{"predicate":{"custom_model_data":72},"model":"modelengine:capra/rightthigh"},{"predicate":{"custom_model_data":73},"model":"modelengine:capra/leftleg"},{"predicate":{"custom_model_data":74},"model":"modelengine:capra/leftthigh"},{"predicate":{"custom_model_data":75},"model":"modelengine:capra/rightwing"},{"predicate":{"custom_model_data":76},"model":"modelengine:capra/leftwing"},{"predicate":{"custom_model_data":77},"model":"modelengine:capra/capra"},{"predicate":{"custom_model_data":78},"model":"modelengine:caprachains/chains"},{"predicate":{"custom_model_data":79},"model":"modelengine:deadbeard/hook"},{"predicate":{"custom_model_data":80},"model":"modelengine:deadbeard/rightarm"},{"predicate":{"custom_model_data":81},"model":"modelengine:deadbeard/empty"},{"predicate":{"custom_model_data":82},"model":"modelengine:deadbeard/flintlock"},{"predicate":{"custom_model_data":83},"model":"modelengine:deadbeard/tnt"},{"predicate":{"custom_model_data":84},"model":"modelengine:deadbeard/lefthand"},{"predicate":{"custom_model_data":85},"model":"modelengine:deadbeard/leftarm"},{"predicate":{"custom_model_data":86},"model":"modelengine:deadbeard/rightfoot"},{"predicate":{"custom_model_data":87},"model":"modelengine:deadbeard/rightleg"},{"predicate":{"custom_model_data":88},"model":"modelengine:deadbeard/leftleg"},{"predicate":{"custom_model_data":89},"model":"modelengine:deadbeard/beard1"},{"predicate":{"custom_model_data":90},"model":"modelengine:deadbeard/beard2"},{"predicate":{"custom_model_data":91},"model":"modelengine:deadbeard/head"},{"predicate":{"custom_model_data":92},"model":"modelengine:deadbeard/deadbeard"},{"predicate":{"custom_model_data":93},"model":"modelengine:discord1/righth"},{"predicate":{"custom_model_data":94},"model":"modelengine:discord1/lefth"},{"predicate":{"custom_model_data":95},"model":"modelengine:discord1/body"},{"predicate":{"custom_model_data":96},"model":"modelengine:discord1/list3"},{"predicate":{"custom_model_data":97},"model":"modelengine:discord1/list2"},{"predicate":{"custom_model_data":98},"model":"modelengine:discord1/list1"},{"predicate":{"custom_model_data":99},"model":"modelengine:discord1/eyes"},{"predicate":{"custom_model_data":100},"model":"modelengine:discord1/eyes2"},{"predicate":{"custom_model_data":101},"model":"modelengine:discord1/head"},{"predicate":{"custom_model_data":102},"model":"modelengine:discord1/leftl"},{"predicate":{"custom_model_data":103},"model":"modelengine:discord1/rightl"},{"predicate":{"custom_model_data":104},"model":"modelengine:discord2/handles"},{"predicate":{"custom_model_data":105},"model":"modelengine:discord2/wingr"},{"predicate":{"custom_model_data":106},"model":"modelengine:discord2/downr"},{"predicate":{"custom_model_data":107},"model":"modelengine:discord2/topr"},{"predicate":{"custom_model_data":108},"model":"modelengine:discord2/wingl"},{"predicate":{"custom_model_data":109},"model":"modelengine:discord2/downl"},{"predicate":{"custom_model_data":110},"model":"modelengine:discord2/topl"},{"predicate":{"custom_model_data":111},"model":"modelengine:discord2/base"},{"predicate":{"custom_model_data":112},"model":"modelengine:discord2/jetpack"},{"predicate":{"custom_model_data":113},"model":"modelengine:discord2/righth"},{"predicate":{"custom_model_data":114},"model":"modelengine:discord2/lefth"},{"predicate":{"custom_model_data":115},"model":"modelengine:discord2/body"},{"predicate":{"custom_model_data":116},"model":"modelengine:discord2/ears"},{"predicate":{"custom_model_data":117},"model":"modelengine:discord2/helmet"},{"predicate":{"custom_model_data":118},"model":"modelengine:discord2/eyes"},{"predicate":{"custom_model_data":119},"model":"modelengine:discord2/eyes2"},{"predicate":{"custom_model_data":120},"model":"modelengine:discord2/head"},{"predicate":{"custom_model_data":121},"model":"modelengine:discord2/leftl"},{"predicate":{"custom_model_data":122},"model":"modelengine:discord2/rightl"},{"predicate":{"custom_model_data":123},"model":"modelengine:dungeon_barrel/barrel"},{"predicate":{"custom_model_data":124},"model":"modelengine:dungeon_barrelexplosive/barrel"},{"predicate":{"custom_model_data":125},"model":"modelengine:dungeon_barricade/barricade"},{"predicate":{"custom_model_data":126},"model":"modelengine:dungeon_candelabra/candelabra"},{"predicate":{"custom_model_data":127},"model":"modelengine:dungeon_chandelier/chandelier"},{"predicate":{"custom_model_data":128},"model":"modelengine:dungeon_crate_double/crate"},{"predicate":{"custom_model_data":129},"model":"modelengine:dungeon_crate_large/crate"},{"predicate":{"custom_model_data":130},"model":"modelengine:dungeon_crate_small/crate"},{"predicate":{"custom_model_data":131},"model":"modelengine:dungeon_goldpile/gold"},{"predicate":{"custom_model_data":132},"model":"modelengine:dungeon_hanging_cage/cage"},{"predicate":{"custom_model_data":133},"model":"modelengine:dungeon_ironmaiden/ironmaiden"},{"predicate":{"custom_model_data":134},"model":"modelengine:dungeon_ironmaiden_dirty/ironmaiden"},{"predicate":{"custom_model_data":135},"model":"modelengine:dungeon_medium_lootchest/lid"},{"predicate":{"custom_model_data":136},"model":"modelengine:dungeon_medium_lootchest/chest"},{"predicate":{"custom_model_data":137},"model":"modelengine:dungeon_pillory/pillory"},{"predicate":{"custom_model_data":138},"model":"modelengine:dungeon_pot_medium/pot"},{"predicate":{"custom_model_data":139},"model":"modelengine:dungeon_rat/rat"},{"predicate":{"custom_model_data":140},"model":"modelengine:dungeon_saw/dungeon_saw"},{"predicate":{"custom_model_data":141},"model":"modelengine:dungeon_saw/base"},{"predicate":{"custom_model_data":142},"model":"modelengine:dungeon_shackles/shackles"},{"predicate":{"custom_model_data":143},"model":"modelengine:dungeon_spawn_crystal_off/crystal"},{"predicate":{"custom_model_data":144},"model":"modelengine:dungeon_spawn_crystal_on/crystal"},{"predicate":{"custom_model_data":145},"model":"modelengine:dungeon_spawn_crystal_used/crystal"},{"predicate":{"custom_model_data":146},"model":"modelengine:dungeon_weapon_rack/stand"},{"predicate":{"custom_model_data":147},"model":"modelengine:fallenravager/cloak_d1"},{"predicate":{"custom_model_data":148},"model":"modelengine:fallenravager/cloak_d2"},{"predicate":{"custom_model_data":149},"model":"modelengine:fallenravager/cloak_c"},{"predicate":{"custom_model_data":150},"model":"modelengine:fallenravager/cloak_b"},{"predicate":{"custom_model_data":151},"model":"modelengine:fallenravager/cloak_a"},{"predicate":{"custom_model_data":152},"model":"modelengine:fallenravager/left_shoulder"},{"predicate":{"custom_model_data":153},"model":"modelengine:fallenravager/left_forearm"},{"predicate":{"custom_model_data":154},"model":"modelengine:fallenravager/left_arm"},{"predicate":{"custom_model_data":155},"model":"modelengine:fallenravager/axe"},{"predicate":{"custom_model_data":156},"model":"modelengine:fallenravager/hand"},{"predicate":{"custom_model_data":157},"model":"modelengine:fallenravager/right_forearm"},{"predicate":{"custom_model_data":158},"model":"modelengine:fallenravager/right_arm"},{"predicate":{"custom_model_data":159},"model":"modelengine:fallenravager/head"},{"predicate":{"custom_model_data":160},"model":"modelengine:fallenravager/chest"},{"predicate":{"custom_model_data":161},"model":"modelengine:fallenravager/hip"},{"predicate":{"custom_model_data":162},"model":"modelengine:fallenravager/right_foot"},{"predicate":{"custom_model_data":163},"model":"modelengine:fallenravager/right_shin"},{"predicate":{"custom_model_data":164},"model":"modelengine:fallenravager/right_leg"},{"predicate":{"custom_model_data":165},"model":"modelengine:fallenravager/left_foot"},{"predicate":{"custom_model_data":166},"model":"modelengine:fallenravager/left_shin"},{"predicate":{"custom_model_data":167},"model":"modelengine:fallenravager/left_leg"},{"predicate":{"custom_model_data":168},"model":"modelengine:fallenravager/fravager_chipcitums"},{"predicate":{"custom_model_data":169},"model":"modelengine:fallenravager2/cloak_d1"},{"predicate":{"custom_model_data":170},"model":"modelengine:fallenravager2/cloak_d3"},{"predicate":{"custom_model_data":171},"model":"modelengine:fallenravager2/cloak_d2"},{"predicate":{"custom_model_data":172},"model":"modelengine:fallenravager2/cloak_c"},{"predicate":{"custom_model_data":173},"model":"modelengine:fallenravager2/cloak_b"},{"predicate":{"custom_model_data":174},"model":"modelengine:fallenravager2/cloak_a"},{"predicate":{"custom_model_data":175},"model":"modelengine:fallenravager2/left_shoulder"},{"predicate":{"custom_model_data":176},"model":"modelengine:fallenravager2/left_forearm"},{"predicate":{"custom_model_data":177},"model":"modelengine:fallenravager2/left_arm"},{"predicate":{"custom_model_data":178},"model":"modelengine:fallenravager2/axe"},{"predicate":{"custom_model_data":179},"model":"modelengine:fallenravager2/hand"},{"predicate":{"custom_model_data":180},"model":"modelengine:fallenravager2/right_forearm"},{"predicate":{"custom_model_data":181},"model":"modelengine:fallenravager2/right_arm"},{"predicate":{"custom_model_data":182},"model":"modelengine:fallenravager2/head"},{"predicate":{"custom_model_data":183},"model":"modelengine:fallenravager2/chest"},{"predicate":{"custom_model_data":184},"model":"modelengine:fallenravager2/hip"},{"predicate":{"custom_model_data":185},"model":"modelengine:fallenravager2/right_foot"},{"predicate":{"custom_model_data":186},"model":"modelengine:fallenravager2/right_shin"},{"predicate":{"custom_model_data":187},"model":"modelengine:fallenravager2/right_leg"},{"predicate":{"custom_model_data":188},"model":"modelengine:fallenravager2/left_foot"},{"predicate":{"custom_model_data":189},"model":"modelengine:fallenravager2/left_shin"},{"predicate":{"custom_model_data":190},"model":"modelengine:fallenravager2/left_leg"},{"predicate":{"custom_model_data":191},"model":"modelengine:fallenravager3/axe"},{"predicate":{"custom_model_data":192},"model":"modelengine:fallenravager3/hip"},{"predicate":{"custom_model_data":193},"model":"modelengine:fallenravager3/cloak_d1"},{"predicate":{"custom_model_data":194},"model":"modelengine:fallenravager3/cloak_d2"},{"predicate":{"custom_model_data":195},"model":"modelengine:fallenravager3/cloak_c"},{"predicate":{"custom_model_data":196},"model":"modelengine:fallenravager3/cloak_b"},{"predicate":{"custom_model_data":197},"model":"modelengine:fallenravager3/cloak_a"},{"predicate":{"custom_model_data":198},"model":"modelengine:fallenravager3/left_shoulder"},{"predicate":{"custom_model_data":199},"model":"modelengine:fallenravager3/left_arm"},{"predicate":{"custom_model_data":200},"model":"modelengine:fallenravager3/right_arm"},{"predicate":{"custom_model_data":201},"model":"modelengine:fallenravager3/chest"},{"predicate":{"custom_model_data":202},"model":"modelengine:fallenravager3/right_leg"},{"predicate":{"custom_model_data":203},"model":"modelengine:fallenravager3/right_foot"},{"predicate":{"custom_model_data":204},"model":"modelengine:fallenravager3/right_shin"},{"predicate":{"custom_model_data":205},"model":"modelengine:fallenravager3/left_leg"},{"predicate":{"custom_model_data":206},"model":"modelengine:fallenravager3/left_foot"},{"predicate":{"custom_model_data":207},"model":"modelengine:fallenravager3/left_shin"},{"predicate":{"custom_model_data":208},"model":"modelengine:fallenravager3/left_forearm"},{"predicate":{"custom_model_data":209},"model":"modelengine:fallenravager3/hand"},{"predicate":{"custom_model_data":210},"model":"modelengine:fallenravager3/right_forearm"},{"predicate":{"custom_model_data":211},"model":"modelengine:fallenravager3/head"},{"predicate":{"custom_model_data":212},"model":"modelengine:farmer/head"},{"predicate":{"custom_model_data":213},"model":"modelengine:farmer/lefthand"},{"predicate":{"custom_model_data":214},"model":"modelengine:farmer/leftarm"},{"predicate":{"custom_model_data":215},"model":"modelengine:farmer/leftfoot"},{"predicate":{"custom_model_data":216},"model":"modelengine:farmer/leftleg"},{"predicate":{"custom_model_data":217},"model":"modelengine:farmer/righthand"},{"predicate":{"custom_model_data":218},"model":"modelengine:farmer/rightarm"},{"predicate":{"custom_model_data":219},"model":"modelengine:farmer/rightfoot"},{"predicate":{"custom_model_data":220},"model":"modelengine:farmer/rightleg"},{"predicate":{"custom_model_data":221},"model":"modelengine:farmer/farmer"},{"predicate":{"custom_model_data":222},"model":"modelengine:fhero_fireexplosion/frame1"},{"predicate":{"custom_model_data":223},"model":"modelengine:fhero_shockwave/frame1"},{"predicate":{"custom_model_data":224},"model":"modelengine:fhero_shockwave2/frame1"},{"predicate":{"custom_model_data":225},"model":"modelengine:fhero_supershockwave/rswa_1"},{"predicate":{"custom_model_data":226},"model":"modelengine:fhero_supershockwave/rswa_2"},{"predicate":{"custom_model_data":227},"model":"modelengine:fhero_supershockwave/rswa_3"},{"predicate":{"custom_model_data":228},"model":"modelengine:fhero_supershockwave/rswa_4"},{"predicate":{"custom_model_data":229},"model":"modelengine:firexplosion_resources/frame1"},{"predicate":{"custom_model_data":230},"model":"modelengine:firexplosion_resources/frame2"},{"predicate":{"custom_model_data":231},"model":"modelengine:firexplosion_resources/frame3"},{"predicate":{"custom_model_data":232},"model":"modelengine:firexplosion_resources/frame4"},{"predicate":{"custom_model_data":233},"model":"modelengine:firexplosion_resources/frame5"},{"predicate":{"custom_model_data":234},"model":"modelengine:firexplosion_resources/frame6"},{"predicate":{"custom_model_data":235},"model":"modelengine:firexplosion_resources/frame7"},{"predicate":{"custom_model_data":236},"model":"modelengine:firexplosion_resources/frame8"},{"predicate":{"custom_model_data":237},"model":"modelengine:firexplosion_resources/explosionb1"},{"predicate":{"custom_model_data":238},"model":"modelengine:firexplosion_resources/explosionb2"},{"predicate":{"custom_model_data":239},"model":"modelengine:firexplosion_resources/explosionb3"},{"predicate":{"custom_model_data":240},"model":"modelengine:firexplosion_resources/explosionb4"},{"predicate":{"custom_model_data":241},"model":"modelengine:firexplosion_resources/explosionb5"},{"predicate":{"custom_model_data":242},"model":"modelengine:firexplosion_resources/explosionb6"},{"predicate":{"custom_model_data":243},"model":"modelengine:firexplosion_resources/explosionb7"},{"predicate":{"custom_model_data":244},"model":"modelengine:firexplosion_resources/explosionb8"},{"predicate":{"custom_model_data":245},"model":"modelengine:firexplosion_resources/explosionb9"},{"predicate":{"custom_model_data":246},"model":"modelengine:firexplosion_resources/explosionb10"},{"predicate":{"custom_model_data":247},"model":"modelengine:firexplosion_resources/explosionb11"},{"predicate":{"custom_model_data":248},"model":"modelengine:firexplosion_resources/explosionb12"},{"predicate":{"custom_model_data":249},"model":"modelengine:firexplosion_resources/ravage1"},{"predicate":{"custom_model_data":250},"model":"modelengine:firexplosion_resources/ravage2"},{"predicate":{"custom_model_data":251},"model":"modelengine:firexplosion_resources/ravage3"},{"predicate":{"custom_model_data":252},"model":"modelengine:firexplosion_resources/ravage4"},{"predicate":{"custom_model_data":253},"model":"modelengine:firexplosion_resources/ravage5"},{"predicate":{"custom_model_data":254},"model":"modelengine:firexplosion_resources/ravage6"},{"predicate":{"custom_model_data":255},"model":"modelengine:firexplosion_resources/ravage7"},{"predicate":{"custom_model_data":256},"model":"modelengine:firexplosion_resources/ravage8"},{"predicate":{"custom_model_data":257},"model":"modelengine:firexplosion_resources/ravage9"},{"predicate":{"custom_model_data":258},"model":"modelengine:firexplosion_resources/ravage10"},{"predicate":{"custom_model_data":259},"model":"modelengine:firexplosion_resources/ravage11"},{"predicate":{"custom_model_data":260},"model":"modelengine:firexplosion_resources/ravage12"},{"predicate":{"custom_model_data":261},"model":"modelengine:firexplosion_resources/ravage13"},{"predicate":{"custom_model_data":262},"model":"modelengine:firexplosion_resources/ravage14"},{"predicate":{"custom_model_data":263},"model":"modelengine:firexplosion_resources/ravage15"},{"predicate":{"custom_model_data":264},"model":"modelengine:firexplosion_resources/ravage16"},{"predicate":{"custom_model_data":265},"model":"modelengine:firexplosion_resources/ravage17"},{"predicate":{"custom_model_data":266},"model":"modelengine:firexplosion_resources/ravage18"},{"predicate":{"custom_model_data":267},"model":"modelengine:firexplosion_resources/ravage19"},{"predicate":{"custom_model_data":268},"model":"modelengine:firexplosion_resources/ravage20"},{"predicate":{"custom_model_data":269},"model":"modelengine:firexplosion_resources/ravage21"},{"predicate":{"custom_model_data":270},"model":"modelengine:firexplosion_resources/ravage22"},{"predicate":{"custom_model_data":271},"model":"modelengine:firexplosion_resources/ravage23"},{"predicate":{"custom_model_data":272},"model":"modelengine:firexplosion_resources/ravage24"},{"predicate":{"custom_model_data":273},"model":"modelengine:firexplosion_resources/ravage25"},{"predicate":{"custom_model_data":274},"model":"modelengine:firexplosion_resources/ravageb1"},{"predicate":{"custom_model_data":275},"model":"modelengine:firexplosion_resources/ravageb2"},{"predicate":{"custom_model_data":276},"model":"modelengine:firexplosion_resources/ravageb3"},{"predicate":{"custom_model_data":277},"model":"modelengine:firexplosion_resources/ravageb4"},{"predicate":{"custom_model_data":278},"model":"modelengine:firexplosion_resources/ravageb5"},{"predicate":{"custom_model_data":279},"model":"modelengine:firexplosion_resources/ravageb6"},{"predicate":{"custom_model_data":280},"model":"modelengine:firexplosion_resources/ravageb7"},{"predicate":{"custom_model_data":281},"model":"modelengine:firexplosion_resources/ravageb8"},{"predicate":{"custom_model_data":282},"model":"modelengine:firexplosion_resources/ravageb9"},{"predicate":{"custom_model_data":283},"model":"modelengine:firexplosion_resources/ravageb10"},{"predicate":{"custom_model_data":284},"model":"modelengine:firexplosion_resources/ravageb11"},{"predicate":{"custom_model_data":285},"model":"modelengine:firexplosion_resources/ravageb12"},{"predicate":{"custom_model_data":286},"model":"modelengine:firexplosion_resources/ravageb13"},{"predicate":{"custom_model_data":287},"model":"modelengine:firexplosion_resources/ravageb14"},{"predicate":{"custom_model_data":288},"model":"modelengine:firexplosion_resources/ravageb15"},{"predicate":{"custom_model_data":289},"model":"modelengine:firexplosion_resources/fb1"},{"predicate":{"custom_model_data":290},"model":"modelengine:firexplosion_resources/fb2"},{"predicate":{"custom_model_data":291},"model":"modelengine:firexplosion_resources/fb3"},{"predicate":{"custom_model_data":292},"model":"modelengine:firexplosion_resources/fb4"},{"predicate":{"custom_model_data":293},"model":"modelengine:firexplosion_resources/fb5"},{"predicate":{"custom_model_data":294},"model":"modelengine:firexplosion_resources/fb6"},{"predicate":{"custom_model_data":295},"model":"modelengine:firexplosion_resources/fb7"},{"predicate":{"custom_model_data":296},"model":"modelengine:firexplosion_resources/fb8"},{"predicate":{"custom_model_data":297},"model":"modelengine:firexplosion_resources/fb9"},{"predicate":{"custom_model_data":298},"model":"modelengine:firexplosion_resources/fb10"},{"predicate":{"custom_model_data":299},"model":"modelengine:firexplosion_resources/fb11"},{"predicate":{"custom_model_data":300},"model":"modelengine:firexplosion_resources/fb12"},{"predicate":{"custom_model_data":301},"model":"modelengine:firexplosion_resources/fb13"},{"predicate":{"custom_model_data":302},"model":"modelengine:firexplosion_resources/fb14"},{"predicate":{"custom_model_data":303},"model":"modelengine:firexplosion_resources/fb15"},{"predicate":{"custom_model_data":304},"model":"modelengine:firexplosion_resources/fb16"},{"predicate":{"custom_model_data":305},"model":"modelengine:firexplosion_resources/fb17"},{"predicate":{"custom_model_data":306},"model":"modelengine:firexplosion_resources/fb18"},{"predicate":{"custom_model_data":307},"model":"modelengine:firexplosion_resources/fb19"},{"predicate":{"custom_model_data":308},"model":"modelengine:firexplosion_resources/fb20"},{"predicate":{"custom_model_data":309},"model":"modelengine:firexplosion_resources/rsw1"},{"predicate":{"custom_model_data":310},"model":"modelengine:firexplosion_resources/rsw2"},{"predicate":{"custom_model_data":311},"model":"modelengine:firexplosion_resources/rsw3"},{"predicate":{"custom_model_data":312},"model":"modelengine:firexplosion_resources/rsw4"},{"predicate":{"custom_model_data":313},"model":"modelengine:firexplosion_resources/rsw5"},{"predicate":{"custom_model_data":314},"model":"modelengine:firexplosion_resources/rsw6"},{"predicate":{"custom_model_data":315},"model":"modelengine:firexplosion_resources/rsw7"},{"predicate":{"custom_model_data":316},"model":"modelengine:firexplosion_resources/rsw8"},{"predicate":{"custom_model_data":317},"model":"modelengine:firexplosion_resources/rsw9"},{"predicate":{"custom_model_data":318},"model":"modelengine:firexplosion_resources/rsw10"},{"predicate":{"custom_model_data":319},"model":"modelengine:firexplosion_resources/rsw11"},{"predicate":{"custom_model_data":320},"model":"modelengine:firexplosion_resources/rsw12"},{"predicate":{"custom_model_data":321},"model":"modelengine:firexplosion_resources/rsw13"},{"predicate":{"custom_model_data":322},"model":"modelengine:firexplosion_resources/rsw14"},{"predicate":{"custom_model_data":323},"model":"modelengine:firexplosion_resources/rwsb1"},{"predicate":{"custom_model_data":324},"model":"modelengine:firexplosion_resources/rwsb2"},{"predicate":{"custom_model_data":325},"model":"modelengine:firexplosion_resources/rwsb3"},{"predicate":{"custom_model_data":326},"model":"modelengine:firexplosion_resources/rwsb4"},{"predicate":{"custom_model_data":327},"model":"modelengine:firexplosion_resources/rwsb5"},{"predicate":{"custom_model_data":328},"model":"modelengine:firexplosion_resources/rwsb6"},{"predicate":{"custom_model_data":329},"model":"modelengine:firexplosion_resources/rwsb7"},{"predicate":{"custom_model_data":330},"model":"modelengine:firexplosion_resources/rwsb8"},{"predicate":{"custom_model_data":331},"model":"modelengine:firexplosion_resources/rwsb9"},{"predicate":{"custom_model_data":332},"model":"modelengine:firexplosion_resources/rwsb10"},{"predicate":{"custom_model_data":333},"model":"modelengine:firexplosion_resources/rwsb11"},{"predicate":{"custom_model_data":334},"model":"modelengine:firexplosion_resources/rwsb12"},{"predicate":{"custom_model_data":335},"model":"modelengine:firexplosion_resources/rwsb13"},{"predicate":{"custom_model_data":336},"model":"modelengine:firexplosion_resources/rwsb14"},{"predicate":{"custom_model_data":337},"model":"modelengine:fisherman/right_foot"},{"predicate":{"custom_model_data":338},"model":"modelengine:fisherman/right_leg"},{"predicate":{"custom_model_data":339},"model":"modelengine:fisherman/right_hand"},{"predicate":{"custom_model_data":340},"model":"modelengine:fisherman/right_forearm"},{"predicate":{"custom_model_data":341},"model":"modelengine:fisherman/right_arm"},{"predicate":{"custom_model_data":342},"model":"modelengine:fisherman/left_hand"},{"predicate":{"custom_model_data":343},"model":"modelengine:fisherman/left_forearm"},{"predicate":{"custom_model_data":344},"model":"modelengine:fisherman/left_arm"},{"predicate":{"custom_model_data":345},"model":"modelengine:fisherman/left_foot"},{"predicate":{"custom_model_data":346},"model":"modelengine:fisherman/left_leg"},{"predicate":{"custom_model_data":347},"model":"modelengine:fisherman/head"},{"predicate":{"custom_model_data":348},"model":"modelengine:fisherman/fisherman"},{"predicate":{"custom_model_data":349},"model":"modelengine:fisherman_bobber/bobber"},{"predicate":{"custom_model_data":350},"model":"modelengine:fisherman_prop/crab"},{"predicate":{"custom_model_data":351},"model":"modelengine:fisherman_prop/cage"},{"predicate":{"custom_model_data":352},"model":"modelengine:fisherman_rod/right_hand"},{"predicate":{"custom_model_data":353},"model":"modelengine:fravager_shockwaveresources/rswa_1"},{"predicate":{"custom_model_data":354},"model":"modelengine:fravager_shockwaveresources/rswa_2"},{"predicate":{"custom_model_data":355},"model":"modelengine:fravager_shockwaveresources/rswa_3"},{"predicate":{"custom_model_data":356},"model":"modelengine:fravager_shockwaveresources/rswa_4"},{"predicate":{"custom_model_data":357},"model":"modelengine:fravager_shockwaveresources/rswb_1"},{"predicate":{"custom_model_data":358},"model":"modelengine:fravager_shockwaveresources/rswb_2"},{"predicate":{"custom_model_data":359},"model":"modelengine:fravager_shockwaveresources/rswb_3"},{"predicate":{"custom_model_data":360},"model":"modelengine:fravager_shockwaveresources/rswb_4"},{"predicate":{"custom_model_data":361},"model":"modelengine:fravager_shockwaveresources/rswc_1"},{"predicate":{"custom_model_data":362},"model":"modelengine:fravager_shockwaveresources/rswc_2"},{"predicate":{"custom_model_data":363},"model":"modelengine:fravager_shockwaveresources/rswc_3"},{"predicate":{"custom_model_data":364},"model":"modelengine:fravager_shockwaveresources/rswc_4"},{"predicate":{"custom_model_data":365},"model":"modelengine:fravager_shockwaveresources/rswd_1"},{"predicate":{"custom_model_data":366},"model":"modelengine:fravager_shockwaveresources/rswd_2"},{"predicate":{"custom_model_data":367},"model":"modelengine:fravager_shockwaveresources/rswd_3"},{"predicate":{"custom_model_data":368},"model":"modelengine:fravager_shockwaveresources/rswd_4"},{"predicate":{"custom_model_data":369},"model":"modelengine:fravager_shockwaveresources/rswe_1"},{"predicate":{"custom_model_data":370},"model":"modelengine:fravager_shockwaveresources/rswe_2"},{"predicate":{"custom_model_data":371},"model":"modelengine:fravager_shockwaveresources/rswe_3"},{"predicate":{"custom_model_data":372},"model":"modelengine:fravager_shockwaveresources/rswe_4"},{"predicate":{"custom_model_data":373},"model":"modelengine:fravager_shockwaveresources/rswf_1"},{"predicate":{"custom_model_data":374},"model":"modelengine:fravager_shockwaveresources/rswf_2"},{"predicate":{"custom_model_data":375},"model":"modelengine:fravager_shockwaveresources/rswf_3"},{"predicate":{"custom_model_data":376},"model":"modelengine:fravager_shockwaveresources/rswf_4"},{"predicate":{"custom_model_data":377},"model":"modelengine:fravager_shockwaveresources/rswg_1"},{"predicate":{"custom_model_data":378},"model":"modelengine:fravager_shockwaveresources/rswg_2"},{"predicate":{"custom_model_data":379},"model":"modelengine:fravager_shockwaveresources/rswg_3"},{"predicate":{"custom_model_data":380},"model":"modelengine:fravager_shockwaveresources/rswg_4"},{"predicate":{"custom_model_data":381},"model":"modelengine:fravager_shockwaveresources/rswh_1"},{"predicate":{"custom_model_data":382},"model":"modelengine:fravager_shockwaveresources/rswh_2"},{"predicate":{"custom_model_data":383},"model":"modelengine:fravager_shockwaveresources/rswh_3"},{"predicate":{"custom_model_data":384},"model":"modelengine:fravager_shockwaveresources/rswh_4"},{"predicate":{"custom_model_data":385},"model":"modelengine:fravager_shockwaveresources/rswi_1"},{"predicate":{"custom_model_data":386},"model":"modelengine:fravager_shockwaveresources/rswi_2"},{"predicate":{"custom_model_data":387},"model":"modelengine:fravager_shockwaveresources/rswi_3"},{"predicate":{"custom_model_data":388},"model":"modelengine:fravager_shockwaveresources/rswi_4"},{"predicate":{"custom_model_data":389},"model":"modelengine:fravager_shockwaveresources/rswj_1"},{"predicate":{"custom_model_data":390},"model":"modelengine:fravager_shockwaveresources/rswj_2"},{"predicate":{"custom_model_data":391},"model":"modelengine:fravager_shockwaveresources/rswj_3"},{"predicate":{"custom_model_data":392},"model":"modelengine:fravager_shockwaveresources/rswj_4"},{"predicate":{"custom_model_data":393},"model":"modelengine:fravager_shockwaveresources/rswk_1"},{"predicate":{"custom_model_data":394},"model":"modelengine:fravager_shockwaveresources/rswk_2"},{"predicate":{"custom_model_data":395},"model":"modelengine:fravager_shockwaveresources/rswk_3"},{"predicate":{"custom_model_data":396},"model":"modelengine:fravager_shockwaveresources/rswk_4"},{"predicate":{"custom_model_data":397},"model":"modelengine:fravager_shockwaveresources/rswl_1"},{"predicate":{"custom_model_data":398},"model":"modelengine:fravager_shockwaveresources/rswl_2"},{"predicate":{"custom_model_data":399},"model":"modelengine:fravager_shockwaveresources/rswl_3"},{"predicate":{"custom_model_data":400},"model":"modelengine:fravager_shockwaveresources/rswl_4"},{"predicate":{"custom_model_data":401},"model":"modelengine:fravager_shockwaveresources/rswm_1"},{"predicate":{"custom_model_data":402},"model":"modelengine:fravager_shockwaveresources/rswm_2"},{"predicate":{"custom_model_data":403},"model":"modelengine:fravager_shockwaveresources/rswm_3"},{"predicate":{"custom_model_data":404},"model":"modelengine:fravager_shockwaveresources/rswm_4"},{"predicate":{"custom_model_data":405},"model":"modelengine:fravager_shockwaveresources/rswn_1"},{"predicate":{"custom_model_data":406},"model":"modelengine:fravager_shockwaveresources/rswn_2"},{"predicate":{"custom_model_data":407},"model":"modelengine:fravager_shockwaveresources/rswn_3"},{"predicate":{"custom_model_data":408},"model":"modelengine:fravager_shockwaveresources/rswn_4"},{"predicate":{"custom_model_data":409},"model":"modelengine:guard/hiltsword"},{"predicate":{"custom_model_data":410},"model":"modelengine:guard/handsword"},{"predicate":{"custom_model_data":411},"model":"modelengine:guard/lefthand"},{"predicate":{"custom_model_data":412},"model":"modelengine:guard/leftarm"},{"predicate":{"custom_model_data":413},"model":"modelengine:guard/rightfoot"},{"predicate":{"custom_model_data":414},"model":"modelengine:guard/rightleg"},{"predicate":{"custom_model_data":415},"model":"modelengine:guard/head"},{"predicate":{"custom_model_data":416},"model":"modelengine:guard/torch"},{"predicate":{"custom_model_data":417},"model":"modelengine:guard/empty"},{"predicate":{"custom_model_data":418},"model":"modelengine:guard/righthand"},{"predicate":{"custom_model_data":419},"model":"modelengine:guard/rightarm"},{"predicate":{"custom_model_data":420},"model":"modelengine:guard/leftfoot"},{"predicate":{"custom_model_data":421},"model":"modelengine:guard/leftleg"},{"predicate":{"custom_model_data":422},"model":"modelengine:guard/guard"},{"predicate":{"custom_model_data":423},"model":"modelengine:guardcyan/hiltsword"},{"predicate":{"custom_model_data":424},"model":"modelengine:guardcyan/handsword"},{"predicate":{"custom_model_data":425},"model":"modelengine:guardcyan/lefthand"},{"predicate":{"custom_model_data":426},"model":"modelengine:guardcyan/leftarm"},{"predicate":{"custom_model_data":427},"model":"modelengine:guardcyan/rightfoot"},{"predicate":{"custom_model_data":428},"model":"modelengine:guardcyan/rightleg"},{"predicate":{"custom_model_data":429},"model":"modelengine:guardcyan/head"},{"predicate":{"custom_model_data":430},"model":"modelengine:guardcyan/torch"},{"predicate":{"custom_model_data":431},"model":"modelengine:guardcyan/empty"},{"predicate":{"custom_model_data":432},"model":"modelengine:guardcyan/righthand"},{"predicate":{"custom_model_data":433},"model":"modelengine:guardcyan/rightarm"},{"predicate":{"custom_model_data":434},"model":"modelengine:guardcyan/leftfoot"},{"predicate":{"custom_model_data":435},"model":"modelengine:guardcyan/leftleg"},{"predicate":{"custom_model_data":436},"model":"modelengine:guardcyan/guard"},{"predicate":{"custom_model_data":437},"model":"modelengine:guardgreen/hiltsword"},{"predicate":{"custom_model_data":438},"model":"modelengine:guardgreen/handsword"},{"predicate":{"custom_model_data":439},"model":"modelengine:guardgreen/lefthand"},{"predicate":{"custom_model_data":440},"model":"modelengine:guardgreen/leftarm"},{"predicate":{"custom_model_data":441},"model":"modelengine:guardgreen/rightfoot"},{"predicate":{"custom_model_data":442},"model":"modelengine:guardgreen/rightleg"},{"predicate":{"custom_model_data":443},"model":"modelengine:guardgreen/head"},{"predicate":{"custom_model_data":444},"model":"modelengine:guardgreen/torch"},{"predicate":{"custom_model_data":445},"model":"modelengine:guardgreen/empty"},{"predicate":{"custom_model_data":446},"model":"modelengine:guardgreen/righthand"},{"predicate":{"custom_model_data":447},"model":"modelengine:guardgreen/rightarm"},{"predicate":{"custom_model_data":448},"model":"modelengine:guardgreen/leftfoot"},{"predicate":{"custom_model_data":449},"model":"modelengine:guardgreen/leftleg"},{"predicate":{"custom_model_data":450},"model":"modelengine:guardgreen/guard"},{"predicate":{"custom_model_data":451},"model":"modelengine:guardorange/hiltsword"},{"predicate":{"custom_model_data":452},"model":"modelengine:guardorange/handsword"},{"predicate":{"custom_model_data":453},"model":"modelengine:guardorange/lefthand"},{"predicate":{"custom_model_data":454},"model":"modelengine:guardorange/leftarm"},{"predicate":{"custom_model_data":455},"model":"modelengine:guardorange/rightfoot"},{"predicate":{"custom_model_data":456},"model":"modelengine:guardorange/rightleg"},{"predicate":{"custom_model_data":457},"model":"modelengine:guardorange/head"},{"predicate":{"custom_model_data":458},"model":"modelengine:guardorange/torch"},{"predicate":{"custom_model_data":459},"model":"modelengine:guardorange/empty"},{"predicate":{"custom_model_data":460},"model":"modelengine:guardorange/righthand"},{"predicate":{"custom_model_data":461},"model":"modelengine:guardorange/rightarm"},{"predicate":{"custom_model_data":462},"model":"modelengine:guardorange/leftfoot"},{"predicate":{"custom_model_data":463},"model":"modelengine:guardorange/leftleg"},{"predicate":{"custom_model_data":464},"model":"modelengine:guardorange/guard"},{"predicate":{"custom_model_data":465},"model":"modelengine:guardparts/empty"},{"predicate":{"custom_model_data":466},"model":"modelengine:guardparts/torchhand"},{"predicate":{"custom_model_data":467},"model":"modelengine:guardparts/swordhand"},{"predicate":{"custom_model_data":468},"model":"modelengine:guardpink/hiltsword"},{"predicate":{"custom_model_data":469},"model":"modelengine:guardpink/handsword"},{"predicate":{"custom_model_data":470},"model":"modelengine:guardpink/lefthand"},{"predicate":{"custom_model_data":471},"model":"modelengine:guardpink/leftarm"},{"predicate":{"custom_model_data":472},"model":"modelengine:guardpink/rightfoot"},{"predicate":{"custom_model_data":473},"model":"modelengine:guardpink/rightleg"},{"predicate":{"custom_model_data":474},"model":"modelengine:guardpink/head"},{"predicate":{"custom_model_data":475},"model":"modelengine:guardpink/torch"},{"predicate":{"custom_model_data":476},"model":"modelengine:guardpink/empty"},{"predicate":{"custom_model_data":477},"model":"modelengine:guardpink/righthand"},{"predicate":{"custom_model_data":478},"model":"modelengine:guardpink/rightarm"},{"predicate":{"custom_model_data":479},"model":"modelengine:guardpink/leftfoot"},{"predicate":{"custom_model_data":480},"model":"modelengine:guardpink/leftleg"},{"predicate":{"custom_model_data":481},"model":"modelengine:guardpink/guard"},{"predicate":{"custom_model_data":482},"model":"modelengine:guardpurple/hiltsword"},{"predicate":{"custom_model_data":483},"model":"modelengine:guardpurple/handsword"},{"predicate":{"custom_model_data":484},"model":"modelengine:guardpurple/lefthand"},{"predicate":{"custom_model_data":485},"model":"modelengine:guardpurple/leftarm"},{"predicate":{"custom_model_data":486},"model":"modelengine:guardpurple/rightfoot"},{"predicate":{"custom_model_data":487},"model":"modelengine:guardpurple/rightleg"},{"predicate":{"custom_model_data":488},"model":"modelengine:guardpurple/head"},{"predicate":{"custom_model_data":489},"model":"modelengine:guardpurple/torch"},{"predicate":{"custom_model_data":490},"model":"modelengine:guardpurple/empty"},{"predicate":{"custom_model_data":491},"model":"modelengine:guardpurple/righthand"},{"predicate":{"custom_model_data":492},"model":"modelengine:guardpurple/rightarm"},{"predicate":{"custom_model_data":493},"model":"modelengine:guardpurple/leftfoot"},{"predicate":{"custom_model_data":494},"model":"modelengine:guardpurple/leftleg"},{"predicate":{"custom_model_data":495},"model":"modelengine:guardpurple/guard"},{"predicate":{"custom_model_data":496},"model":"modelengine:guardred/hiltsword"},{"predicate":{"custom_model_data":497},"model":"modelengine:guardred/handsword"},{"predicate":{"custom_model_data":498},"model":"modelengine:guardred/lefthand"},{"predicate":{"custom_model_data":499},"model":"modelengine:guardred/leftarm"},{"predicate":{"custom_model_data":500},"model":"modelengine:guardred/rightfoot"},{"predicate":{"custom_model_data":501},"model":"modelengine:guardred/rightleg"},{"predicate":{"custom_model_data":502},"model":"modelengine:guardred/head"},{"predicate":{"custom_model_data":503},"model":"modelengine:guardred/torch"},{"predicate":{"custom_model_data":504},"model":"modelengine:guardred/empty"},{"predicate":{"custom_model_data":505},"model":"modelengine:guardred/righthand"},{"predicate":{"custom_model_data":506},"model":"modelengine:guardred/rightarm"},{"predicate":{"custom_model_data":507},"model":"modelengine:guardred/leftfoot"},{"predicate":{"custom_model_data":508},"model":"modelengine:guardred/leftleg"},{"predicate":{"custom_model_data":509},"model":"modelengine:guardred/guard"},{"predicate":{"custom_model_data":510},"model":"modelengine:guardyellow/hiltsword"},{"predicate":{"custom_model_data":511},"model":"modelengine:guardyellow/handsword"},{"predicate":{"custom_model_data":512},"model":"modelengine:guardyellow/lefthand"},{"predicate":{"custom_model_data":513},"model":"modelengine:guardyellow/leftarm"},{"predicate":{"custom_model_data":514},"model":"modelengine:guardyellow/rightfoot"},{"predicate":{"custom_model_data":515},"model":"modelengine:guardyellow/rightleg"},{"predicate":{"custom_model_data":516},"model":"modelengine:guardyellow/head"},{"predicate":{"custom_model_data":517},"model":"modelengine:guardyellow/torch"},{"predicate":{"custom_model_data":518},"model":"modelengine:guardyellow/empty"},{"predicate":{"custom_model_data":519},"model":"modelengine:guardyellow/righthand"},{"predicate":{"custom_model_data":520},"model":"modelengine:guardyellow/rightarm"},{"predicate":{"custom_model_data":521},"model":"modelengine:guardyellow/leftfoot"},{"predicate":{"custom_model_data":522},"model":"modelengine:guardyellow/leftleg"},{"predicate":{"custom_model_data":523},"model":"modelengine:guardyellow/guard"},{"predicate":{"custom_model_data":524},"model":"modelengine:imp/leftwing"},{"predicate":{"custom_model_data":525},"model":"modelengine:imp/leftarm"},{"predicate":{"custom_model_data":526},"model":"modelengine:imp/leftleg"},{"predicate":{"custom_model_data":527},"model":"modelengine:imp/rightwing"},{"predicate":{"custom_model_data":528},"model":"modelengine:imp/rightleg"},{"predicate":{"custom_model_data":529},"model":"modelengine:imp/rightarm"},{"predicate":{"custom_model_data":530},"model":"modelengine:imp/imp"},{"predicate":{"custom_model_data":531},"model":"modelengine:jester/righthand"},{"predicate":{"custom_model_data":532},"model":"modelengine:jester/rightforearm"},{"predicate":{"custom_model_data":533},"model":"modelengine:jester/rightarm"},{"predicate":{"custom_model_data":534},"model":"modelengine:jester/lefthand"},{"predicate":{"custom_model_data":535},"model":"modelengine:jester/leftforearm"},{"predicate":{"custom_model_data":536},"model":"modelengine:jester/leftarm"},{"predicate":{"custom_model_data":537},"model":"modelengine:jester/jestertail2"},{"predicate":{"custom_model_data":538},"model":"modelengine:jester/jestertail1"},{"predicate":{"custom_model_data":539},"model":"modelengine:jester/head"},{"predicate":{"custom_model_data":540},"model":"modelengine:jester/rightfoot"},{"predicate":{"custom_model_data":541},"model":"modelengine:jester/rightleg"},{"predicate":{"custom_model_data":542},"model":"modelengine:jester/leftfoot"},{"predicate":{"custom_model_data":543},"model":"modelengine:jester/leftleg"},{"predicate":{"custom_model_data":544},"model":"modelengine:jester/body"},{"predicate":{"custom_model_data":545},"model":"modelengine:jester_mask/happy"},{"predicate":{"custom_model_data":546},"model":"modelengine:jester_mask/sad"},{"predicate":{"custom_model_data":547},"model":"modelengine:jester_prop/jester_head"},{"predicate":{"custom_model_data":548},"model":"modelengine:jester_prop/jester_neck1"},{"predicate":{"custom_model_data":549},"model":"modelengine:jester_prop/jester_neck2"},{"predicate":{"custom_model_data":550},"model":"modelengine:jester_prop/crank"},{"predicate":{"custom_model_data":551},"model":"modelengine:jester_prop/lid"},{"predicate":{"custom_model_data":552},"model":"modelengine:jester_prop/jackinabox"},{"predicate":{"custom_model_data":553},"model":"modelengine:lr_acolyte/right_forearm"},{"predicate":{"custom_model_data":554},"model":"modelengine:lr_acolyte/right_arm"},{"predicate":{"custom_model_data":555},"model":"modelengine:lr_acolyte/incense"},{"predicate":{"custom_model_data":556},"model":"modelengine:lr_acolyte/left_forearm"},{"predicate":{"custom_model_data":557},"model":"modelengine:lr_acolyte/left_arm"},{"predicate":{"custom_model_data":558},"model":"modelengine:lr_acolyte/head"},{"predicate":{"custom_model_data":559},"model":"modelengine:lr_acolyte/front_tabard2"},{"predicate":{"custom_model_data":560},"model":"modelengine:lr_acolyte/front_tabard1"},{"predicate":{"custom_model_data":561},"model":"modelengine:lr_acolyte/right_tabard"},{"predicate":{"custom_model_data":562},"model":"modelengine:lr_acolyte/right_foot"},{"predicate":{"custom_model_data":563},"model":"modelengine:lr_acolyte/right_leg"},{"predicate":{"custom_model_data":564},"model":"modelengine:lr_acolyte/left_foot"},{"predicate":{"custom_model_data":565},"model":"modelengine:lr_acolyte/left_leg"},{"predicate":{"custom_model_data":566},"model":"modelengine:lr_acolyte/torso"},{"predicate":{"custom_model_data":567},"model":"modelengine:lr_assassin/left_foot"},{"predicate":{"custom_model_data":568},"model":"modelengine:lr_assassin/left_leg"},{"predicate":{"custom_model_data":569},"model":"modelengine:lr_assassin/right_foot"},{"predicate":{"custom_model_data":570},"model":"modelengine:lr_assassin/right_leg"},{"predicate":{"custom_model_data":571},"model":"modelengine:lr_assassin/left_hand"},{"predicate":{"custom_model_data":572},"model":"modelengine:lr_assassin/left_arm"},{"predicate":{"custom_model_data":573},"model":"modelengine:lr_assassin/right_hand"},{"predicate":{"custom_model_data":574},"model":"modelengine:lr_assassin/right_arm"},{"predicate":{"custom_model_data":575},"model":"modelengine:lr_assassin/braid2"},{"predicate":{"custom_model_data":576},"model":"modelengine:lr_assassin/braid1"},{"predicate":{"custom_model_data":577},"model":"modelengine:lr_assassin/head"},{"predicate":{"custom_model_data":578},"model":"modelengine:lr_assassin/cape3"},{"predicate":{"custom_model_data":579},"model":"modelengine:lr_assassin/cape2"},{"predicate":{"custom_model_data":580},"model":"modelengine:lr_assassin/cape1"},{"predicate":{"custom_model_data":581},"model":"modelengine:lr_assassin/torso"},{"predicate":{"custom_model_data":582},"model":"modelengine:lr_fortuneteller/head"},{"predicate":{"custom_model_data":583},"model":"modelengine:lr_fortuneteller/left_foot"},{"predicate":{"custom_model_data":584},"model":"modelengine:lr_fortuneteller/left_leg"},{"predicate":{"custom_model_data":585},"model":"modelengine:lr_fortuneteller/right_foot"},{"predicate":{"custom_model_data":586},"model":"modelengine:lr_fortuneteller/right_leg"},{"predicate":{"custom_model_data":587},"model":"modelengine:lr_fortuneteller/left_forearm"},{"predicate":{"custom_model_data":588},"model":"modelengine:lr_fortuneteller/left_arm"},{"predicate":{"custom_model_data":589},"model":"modelengine:lr_fortuneteller/right_forearm"},{"predicate":{"custom_model_data":590},"model":"modelengine:lr_fortuneteller/right_arm"},{"predicate":{"custom_model_data":591},"model":"modelengine:lr_fortuneteller/torso"},{"predicate":{"custom_model_data":592},"model":"modelengine:lr_fortuneteller/tassle1"},{"predicate":{"custom_model_data":593},"model":"modelengine:lr_fortuneteller/tassle2"},{"predicate":{"custom_model_data":594},"model":"modelengine:lr_fortuneteller/tassle3"},{"predicate":{"custom_model_data":595},"model":"modelengine:lr_fortuneteller/tassle4"},{"predicate":{"custom_model_data":596},"model":"modelengine:lr_fortuneteller/cushion"},{"predicate":{"custom_model_data":597},"model":"modelengine:lr_fortuneteller_ball/base"},{"predicate":{"custom_model_data":598},"model":"modelengine:lr_paladin/tabard_front"},{"predicate":{"custom_model_data":599},"model":"modelengine:lr_paladin/left_foot"},{"predicate":{"custom_model_data":600},"model":"modelengine:lr_paladin/left_leg"},{"predicate":{"custom_model_data":601},"model":"modelengine:lr_paladin/head"},{"predicate":{"custom_model_data":602},"model":"modelengine:lr_paladin/right_pauldron"},{"predicate":{"custom_model_data":603},"model":"modelengine:lr_paladin/hammer"},{"predicate":{"custom_model_data":604},"model":"modelengine:lr_paladin/right_hand"},{"predicate":{"custom_model_data":605},"model":"modelengine:lr_paladin/right_arm"},{"predicate":{"custom_model_data":606},"model":"modelengine:lr_paladin/cape3"},{"predicate":{"custom_model_data":607},"model":"modelengine:lr_paladin/cape2"},{"predicate":{"custom_model_data":608},"model":"modelengine:lr_paladin/cape1"},{"predicate":{"custom_model_data":609},"model":"modelengine:lr_paladin/shield"},{"predicate":{"custom_model_data":610},"model":"modelengine:lr_paladin/left_hand"},{"predicate":{"custom_model_data":611},"model":"modelengine:lr_paladin/left_arm"},{"predicate":{"custom_model_data":612},"model":"modelengine:lr_paladin/left_pauldron"},{"predicate":{"custom_model_data":613},"model":"modelengine:lr_paladin/right_foot"},{"predicate":{"custom_model_data":614},"model":"modelengine:lr_paladin/right_leg"},{"predicate":{"custom_model_data":615},"model":"modelengine:lr_paladin/torso"},{"predicate":{"custom_model_data":616},"model":"modelengine:lr_tinkerer/backpack"},{"predicate":{"custom_model_data":617},"model":"modelengine:lr_tinkerer/left_hand"},{"predicate":{"custom_model_data":618},"model":"modelengine:lr_tinkerer/left_arm"},{"predicate":{"custom_model_data":619},"model":"modelengine:lr_tinkerer/right_hand"},{"predicate":{"custom_model_data":620},"model":"modelengine:lr_tinkerer/right_arm"},{"predicate":{"custom_model_data":621},"model":"modelengine:lr_tinkerer/left_foot"},{"predicate":{"custom_model_data":622},"model":"modelengine:lr_tinkerer/left_leg"},{"predicate":{"custom_model_data":623},"model":"modelengine:lr_tinkerer/right_foot"},{"predicate":{"custom_model_data":624},"model":"modelengine:lr_tinkerer/right_leg"},{"predicate":{"custom_model_data":625},"model":"modelengine:lr_tinkerer/head"},{"predicate":{"custom_model_data":626},"model":"modelengine:lr_tinkerer/torso"},{"predicate":{"custom_model_data":627},"model":"modelengine:lr_tinkerer_robot/head"},{"predicate":{"custom_model_data":628},"model":"modelengine:lr_tinkerer_robot/leg1_2"},{"predicate":{"custom_model_data":629},"model":"modelengine:lr_tinkerer_robot/leg1_1"},{"predicate":{"custom_model_data":630},"model":"modelengine:lr_tinkerer_robot/leg1_4"},{"predicate":{"custom_model_data":631},"model":"modelengine:lr_tinkerer_robot/leg1_3"},{"predicate":{"custom_model_data":632},"model":"modelengine:lr_tinkerer_robot/leg1_6"},{"predicate":{"custom_model_data":633},"model":"modelengine:lr_tinkerer_robot/leg1_5"},{"predicate":{"custom_model_data":634},"model":"modelengine:lr_tinkerer_robot/leg1_8"},{"predicate":{"custom_model_data":635},"model":"modelengine:lr_tinkerer_robot/leg1_7"},{"predicate":{"custom_model_data":636},"model":"modelengine:lr_tinkerertable/base"},{"predicate":{"custom_model_data":637},"model":"modelengine:lumberjack/left_foot"},{"predicate":{"custom_model_data":638},"model":"modelengine:lumberjack/left_leg"},{"predicate":{"custom_model_data":639},"model":"modelengine:lumberjack/right_foot"},{"predicate":{"custom_model_data":640},"model":"modelengine:lumberjack/right_leg"},{"predicate":{"custom_model_data":641},"model":"modelengine:lumberjack/left_hand"},{"predicate":{"custom_model_data":642},"model":"modelengine:lumberjack/left_forearm"},{"predicate":{"custom_model_data":643},"model":"modelengine:lumberjack/left_arm"},{"predicate":{"custom_model_data":644},"model":"modelengine:lumberjack/right_hand"},{"predicate":{"custom_model_data":645},"model":"modelengine:lumberjack/right_forearm"},{"predicate":{"custom_model_data":646},"model":"modelengine:lumberjack/right_arm"},{"predicate":{"custom_model_data":647},"model":"modelengine:lumberjack/head"},{"predicate":{"custom_model_data":648},"model":"modelengine:lumberjack/lumberjack"},{"predicate":{"custom_model_data":649},"model":"modelengine:magiccircle/magiccircle"},{"predicate":{"custom_model_data":650},"model":"modelengine:meteor/meteor"},{"predicate":{"custom_model_data":651},"model":"modelengine:minotaur_crate/lockring_left"},{"predicate":{"custom_model_data":652},"model":"modelengine:minotaur_crate/lockring_right"},{"predicate":{"custom_model_data":653},"model":"modelengine:minotaur_crate/lid"},{"predicate":{"custom_model_data":654},"model":"modelengine:minotaur_crate/lightbeam"},{"predicate":{"custom_model_data":655},"model":"modelengine:minotaur_crate/item"},{"predicate":{"custom_model_data":656},"model":"modelengine:minotaur_crate/body"},{"predicate":{"custom_model_data":657},"model":"modelengine:npcgreeting/head"},{"predicate":{"custom_model_data":658},"model":"modelengine:npcpackvol4_parts/empty"},{"predicate":{"custom_model_data":659},"model":"modelengine:npcpackvol4_parts/assassin_hand"},{"predicate":{"custom_model_data":660},"model":"modelengine:npcpackvol4_parts/assassin_hand_flip"},{"predicate":{"custom_model_data":661},"model":"modelengine:npcpackvol4_parts/assassin_katar"},{"predicate":{"custom_model_data":662},"model":"modelengine:paladin_wings/left_wing_end"},{"predicate":{"custom_model_data":663},"model":"modelengine:paladin_wings/left_wing"},{"predicate":{"custom_model_data":664},"model":"modelengine:paladin_wings/right_wing_end"},{"predicate":{"custom_model_data":665},"model":"modelengine:paladin_wings/right_wing"},{"predicate":{"custom_model_data":666},"model":"modelengine:paladin_wings/paladin_wings"},{"predicate":{"custom_model_data":667},"model":"modelengine:pb_rpg3-barricade/dummy"},{"predicate":{"custom_model_data":668},"model":"modelengine:pb_rpg3-barricade/cart"},{"predicate":{"custom_model_data":669},"model":"modelengine:pb_rpg3-barricade/main"},{"predicate":{"custom_model_data":670},"model":"modelengine:pb_rpg3-cube/stone"},{"predicate":{"custom_model_data":671},"model":"modelengine:pb_rpg3-cube/arrow"},{"predicate":{"custom_model_data":672},"model":"modelengine:pb_rpg3-hanging_skeleton/skeleton_right_leg"},{"predicate":{"custom_model_data":673},"model":"modelengine:pb_rpg3-hanging_skeleton/skeleton_left_leg"},{"predicate":{"custom_model_data":674},"model":"modelengine:pb_rpg3-hanging_skeleton/skeleton_left_arm"},{"predicate":{"custom_model_data":675},"model":"modelengine:pb_rpg3-hanging_skeleton/skeleton_right_arm"},{"predicate":{"custom_model_data":676},"model":"modelengine:pb_rpg3-hanging_skeleton/skeleton_body"},{"predicate":{"custom_model_data":677},"model":"modelengine:pb_rpg3-hanging_skeleton/main"},{"predicate":{"custom_model_data":678},"model":"modelengine:pb_rpg3-horizontal_fan/fan"},{"predicate":{"custom_model_data":679},"model":"modelengine:pb_rpg3-horizontal_fan/base"},{"predicate":{"custom_model_data":680},"model":"modelengine:pb_rpg3-jump_pad/pad"},{"predicate":{"custom_model_data":681},"model":"modelengine:pb_rpg3-jump_pad/spring9"},{"predicate":{"custom_model_data":682},"model":"modelengine:pb_rpg3-jump_pad/spring8"},{"predicate":{"custom_model_data":683},"model":"modelengine:pb_rpg3-jump_pad/spring7"},{"predicate":{"custom_model_data":684},"model":"modelengine:pb_rpg3-jump_pad/spring6"},{"predicate":{"custom_model_data":685},"model":"modelengine:pb_rpg3-jump_pad/spring5"},{"predicate":{"custom_model_data":686},"model":"modelengine:pb_rpg3-jump_pad/spring4"},{"predicate":{"custom_model_data":687},"model":"modelengine:pb_rpg3-jump_pad/spring3"},{"predicate":{"custom_model_data":688},"model":"modelengine:pb_rpg3-jump_pad/spring2"},{"predicate":{"custom_model_data":689},"model":"modelengine:pb_rpg3-jump_pad/spring1"},{"predicate":{"custom_model_data":690},"model":"modelengine:pb_rpg3-jump_pad/base"},{"predicate":{"custom_model_data":691},"model":"modelengine:pb_rpg3-lever/lever"},{"predicate":{"custom_model_data":692},"model":"modelengine:pb_rpg3-lever/body"},{"predicate":{"custom_model_data":693},"model":"modelengine:pb_rpg3-poison_emitter/body"},{"predicate":{"custom_model_data":694},"model":"modelengine:pb_rpg3-shrine_binary/red_rune2"},{"predicate":{"custom_model_data":695},"model":"modelengine:pb_rpg3-shrine_binary/red_rune1"},{"predicate":{"custom_model_data":696},"model":"modelengine:pb_rpg3-shrine_binary/blue_rune2"},{"predicate":{"custom_model_data":697},"model":"modelengine:pb_rpg3-shrine_binary/blue_rune1"},{"predicate":{"custom_model_data":698},"model":"modelengine:pb_rpg3-shrine_binary/main"},{"predicate":{"custom_model_data":699},"model":"modelengine:pb_rpg3-shrine_elemental/fire"},{"predicate":{"custom_model_data":700},"model":"modelengine:pb_rpg3-shrine_elemental/fire2"},{"predicate":{"custom_model_data":701},"model":"modelengine:pb_rpg3-shrine_elemental/thunder"},{"predicate":{"custom_model_data":702},"model":"modelengine:pb_rpg3-shrine_elemental/thunder2"},{"predicate":{"custom_model_data":703},"model":"modelengine:pb_rpg3-shrine_elemental/wood"},{"predicate":{"custom_model_data":704},"model":"modelengine:pb_rpg3-shrine_elemental/wood2"},{"predicate":{"custom_model_data":705},"model":"modelengine:pb_rpg3-shrine_elemental/water"},{"predicate":{"custom_model_data":706},"model":"modelengine:pb_rpg3-shrine_elemental/water2"},{"predicate":{"custom_model_data":707},"model":"modelengine:pb_rpg3-shrine_elemental/main"},{"predicate":{"custom_model_data":708},"model":"modelengine:pb_rpg3-speed_pad/light"},{"predicate":{"custom_model_data":709},"model":"modelengine:pb_rpg3-speed_pad/main"},{"predicate":{"custom_model_data":710},"model":"modelengine:pb_rpg3-streetlamp/main"},{"predicate":{"custom_model_data":711},"model":"modelengine:pb_rpg3-trigger_pad/button"},{"predicate":{"custom_model_data":712},"model":"modelengine:pb_rpg3-trigger_pad/body"},{"predicate":{"custom_model_data":713},"model":"modelengine:pb_rpg3-vertical_fan/fan"},{"predicate":{"custom_model_data":714},"model":"modelengine:pb_rpg3-vertical_fan/base"},{"predicate":{"custom_model_data":715},"model":"modelengine:phillip/frontrightleg"},{"predicate":{"custom_model_data":716},"model":"modelengine:phillip/righthorn"},{"predicate":{"custom_model_data":717},"model":"modelengine:phillip/lefthorn"},{"predicate":{"custom_model_data":718},"model":"modelengine:phillip/head"},{"predicate":{"custom_model_data":719},"model":"modelengine:phillip/backrightleg"},{"predicate":{"custom_model_data":720},"model":"modelengine:phillip/frontleftleg"},{"predicate":{"custom_model_data":721},"model":"modelengine:phillip/backleftleg"},{"predicate":{"custom_model_data":722},"model":"modelengine:phillip/phillip"},{"predicate":{"custom_model_data":723},"model":"modelengine:queen/left_arm4"},{"predicate":{"custom_model_data":724},"model":"modelengine:queen/left_forearm"},{"predicate":{"custom_model_data":725},"model":"modelengine:queen/left_arm3"},{"predicate":{"custom_model_data":726},"model":"modelengine:queen/dress"},{"predicate":{"custom_model_data":727},"model":"modelengine:queen/cape4"},{"predicate":{"custom_model_data":728},"model":"modelengine:queen/cape3"},{"predicate":{"custom_model_data":729},"model":"modelengine:queen/cape2"},{"predicate":{"custom_model_data":730},"model":"modelengine:queen/cape1"},{"predicate":{"custom_model_data":731},"model":"modelengine:queen/head"},{"predicate":{"custom_model_data":732},"model":"modelengine:queen/right_arm2"},{"predicate":{"custom_model_data":733},"model":"modelengine:queen/right_forearm"},{"predicate":{"custom_model_data":734},"model":"modelengine:queen/right_arm"},{"predicate":{"custom_model_data":735},"model":"modelengine:queen/queen"},{"predicate":{"custom_model_data":736},"model":"modelengine:ravage_effectus_xd/ravage1"},{"predicate":{"custom_model_data":737},"model":"modelengine:ravager_fire_blade/llamus"},{"predicate":{"custom_model_data":738},"model":"modelengine:ravager_fireblade2/fb1"},{"predicate":{"custom_model_data":739},"model":"modelengine:ravagerstatue/axe"},{"predicate":{"custom_model_data":740},"model":"modelengine:ravagerstatue/hand"},{"predicate":{"custom_model_data":741},"model":"modelengine:ravagerstatue/right_forearm"},{"predicate":{"custom_model_data":742},"model":"modelengine:ravagerstatue/right_arm"},{"predicate":{"custom_model_data":743},"model":"modelengine:ravagerstatue/left_forearm"},{"predicate":{"custom_model_data":744},"model":"modelengine:ravagerstatue/left_arm"},{"predicate":{"custom_model_data":745},"model":"modelengine:ravagerstatue/core"},{"predicate":{"custom_model_data":746},"model":"modelengine:ravagerstatue/head"},{"predicate":{"custom_model_data":747},"model":"modelengine:roman_soldier/head"},{"predicate":{"custom_model_data":748},"model":"modelengine:roman_soldier/left_foot"},{"predicate":{"custom_model_data":749},"model":"modelengine:roman_soldier/left_leg"},{"predicate":{"custom_model_data":750},"model":"modelengine:roman_soldier/right_foot"},{"predicate":{"custom_model_data":751},"model":"modelengine:roman_soldier/right_leg"},{"predicate":{"custom_model_data":752},"model":"modelengine:roman_soldier/right_hand"},{"predicate":{"custom_model_data":753},"model":"modelengine:roman_soldier/right_forearm"},{"predicate":{"custom_model_data":754},"model":"modelengine:roman_soldier/right_arm"},{"predicate":{"custom_model_data":755},"model":"modelengine:roman_soldier/left_hand"},{"predicate":{"custom_model_data":756},"model":"modelengine:roman_soldier/left_forearm"},{"predicate":{"custom_model_data":757},"model":"modelengine:roman_soldier/left_arm"},{"predicate":{"custom_model_data":758},"model":"modelengine:roman_soldier/soldier"},{"predicate":{"custom_model_data":759},"model":"modelengine:scythe/fx"},{"predicate":{"custom_model_data":760},"model":"modelengine:scythe/scythe"},{"predicate":{"custom_model_data":761},"model":"modelengine:slashfx/slashfx"},{"predicate":{"custom_model_data":762},"model":"modelengine:slimy_crate/vine1"},{"predicate":{"custom_model_data":763},"model":"modelengine:slimy_crate/vine2"},{"predicate":{"custom_model_data":764},"model":"modelengine:slimy_crate/lid"},{"predicate":{"custom_model_data":765},"model":"modelengine:slimy_crate/vine_bottom2"},{"predicate":{"custom_model_data":766},"model":"modelengine:slimy_crate/vine_bottom"},{"predicate":{"custom_model_data":767},"model":"modelengine:slimy_crate/drop"},{"predicate":{"custom_model_data":768},"model":"modelengine:slimy_crate/item"},{"predicate":{"custom_model_data":769},"model":"modelengine:slimy_crate/lightbeam"},{"predicate":{"custom_model_data":770},"model":"modelengine:slimy_crate/body"},{"predicate":{"custom_model_data":771},"model":"modelengine:slimy_crate/slime_ground"},{"predicate":{"custom_model_data":772},"model":"modelengine:soulknight_crate/chain_left"},{"predicate":{"custom_model_data":773},"model":"modelengine:soulknight_crate/chain_right"},{"predicate":{"custom_model_data":774},"model":"modelengine:soulknight_crate/skull_up"},{"predicate":{"custom_model_data":775},"model":"modelengine:soulknight_crate/lid"},{"predicate":{"custom_model_data":776},"model":"modelengine:soulknight_crate/lightbeam"},{"predicate":{"custom_model_data":777},"model":"modelengine:soulknight_crate/item"},{"predicate":{"custom_model_data":778},"model":"modelengine:soulknight_crate/skull_bot"},{"predicate":{"custom_model_data":779},"model":"modelengine:soulknight_crate/body"},{"predicate":{"custom_model_data":780},"model":"modelengine:tnt/tnt"},{"predicate":{"custom_model_data":781},"model":"modelengine:toffy_crate_black/group"},{"predicate":{"custom_model_data":782},"model":"modelengine:toffy_crate_black/group"},{"predicate":{"custom_model_data":783},"model":"modelengine:toffy_crate_black/group"},{"predicate":{"custom_model_data":784},"model":"modelengine:toffy_crate_black/group"},{"predicate":{"custom_model_data":785},"model":"modelengine:toffy_crate_black/group"},{"predicate":{"custom_model_data":786},"model":"modelengine:toffy_crate_blue/group"},{"predicate":{"custom_model_data":787},"model":"modelengine:toffy_crate_blue/group"},{"predicate":{"custom_model_data":788},"model":"modelengine:toffy_crate_blue/group"},{"predicate":{"custom_model_data":789},"model":"modelengine:toffy_crate_blue/group"},{"predicate":{"custom_model_data":790},"model":"modelengine:toffy_crate_blue/group"},{"predicate":{"custom_model_data":791},"model":"modelengine:toffy_crate_cinder/sides"},{"predicate":{"custom_model_data":792},"model":"modelengine:toffy_crate_cinder/middle"},{"predicate":{"custom_model_data":793},"model":"modelengine:toffy_crate_cinder/horn"},{"predicate":{"custom_model_data":794},"model":"modelengine:toffy_crate_cinder/horn"},{"predicate":{"custom_model_data":795},"model":"modelengine:toffy_crate_green/group"},{"predicate":{"custom_model_data":796},"model":"modelengine:toffy_crate_green/group"},{"predicate":{"custom_model_data":797},"model":"modelengine:toffy_crate_green/group"},{"predicate":{"custom_model_data":798},"model":"modelengine:toffy_crate_green/group"},{"predicate":{"custom_model_data":799},"model":"modelengine:toffy_crate_green/group"},{"predicate":{"custom_model_data":800},"model":"modelengine:toffy_crate_purple/group"},{"predicate":{"custom_model_data":801},"model":"modelengine:toffy_crate_purple/group"},{"predicate":{"custom_model_data":802},"model":"modelengine:toffy_crate_purple/group"},{"predicate":{"custom_model_data":803},"model":"modelengine:toffy_crate_purple/group"},{"predicate":{"custom_model_data":804},"model":"modelengine:toffy_crate_purple/group"},{"predicate":{"custom_model_data":805},"model":"modelengine:toffy_crate_red/group"},{"predicate":{"custom_model_data":806},"model":"modelengine:toffy_crate_red/group"},{"predicate":{"custom_model_data":807},"model":"modelengine:toffy_crate_red/group"},{"predicate":{"custom_model_data":808},"model":"modelengine:toffy_crate_red/group"},{"predicate":{"custom_model_data":809},"model":"modelengine:toffy_crate_red/group"},{"predicate":{"custom_model_data":810},"model":"modelengine:toffy_crate_viking/group"},{"predicate":{"custom_model_data":811},"model":"modelengine:toffy_crate_viking/group"},{"predicate":{"custom_model_data":812},"model":"modelengine:toffy_crate_viking/group"},{"predicate":{"custom_model_data":813},"model":"modelengine:toffy_crate_viking/group"},{"predicate":{"custom_model_data":814},"model":"modelengine:toffy_crate_viking/group"},{"predicate":{"custom_model_data":815},"model":"modelengine:toffy_crate_viking/group"},{"predicate":{"custom_model_data":816},"model":"modelengine:toffy_crate_viking/group"},{"predicate":{"custom_model_data":817},"model":"modelengine:toffy_crate_viking/group"},{"predicate":{"custom_model_data":818},"model":"modelengine:toffy_crate_viking/group"},{"predicate":{"custom_model_data":819},"model":"modelengine:toffy_crate_viking/group"},{"predicate":{"custom_model_data":820},"model":"modelengine:toffy_crate_viking/group"},{"predicate":{"custom_model_data":821},"model":"modelengine:toffy_crate_viking/group"},{"predicate":{"custom_model_data":822},"model":"modelengine:toffy_key_black/group"},{"predicate":{"custom_model_data":823},"model":"modelengine:toffy_key_black/group"},{"predicate":{"custom_model_data":824},"model":"modelengine:toffy_key_blue/group"},{"predicate":{"custom_model_data":825},"model":"modelengine:toffy_key_blue/group"},{"predicate":{"custom_model_data":826},"model":"modelengine:toffy_key_cinder/group"},{"predicate":{"custom_model_data":827},"model":"modelengine:toffy_key_cinder/group"},{"predicate":{"custom_model_data":828},"model":"modelengine:toffy_key_green/group"},{"predicate":{"custom_model_data":829},"model":"modelengine:toffy_key_green/group"},{"predicate":{"custom_model_data":830},"model":"modelengine:toffy_key_paladin/group"},{"predicate":{"custom_model_data":831},"model":"modelengine:toffy_key_paladin/group"},{"predicate":{"custom_model_data":832},"model":"modelengine:toffy_key_purple/group"},{"predicate":{"custom_model_data":833},"model":"modelengine:toffy_key_purple/group"},{"predicate":{"custom_model_data":834},"model":"modelengine:toffy_key_red/group"},{"predicate":{"custom_model_data":835},"model":"modelengine:toffy_key_red/group"},{"predicate":{"custom_model_data":836},"model":"modelengine:undeadcrew/head"},{"predicate":{"custom_model_data":837},"model":"modelengine:undeadcrew/lefthand"},{"predicate":{"custom_model_data":838},"model":"modelengine:undeadcrew/leftarm"},{"predicate":{"custom_model_data":839},"model":"modelengine:undeadcrew/leftfoot"},{"predicate":{"custom_model_data":840},"model":"modelengine:undeadcrew/leftleg"},{"predicate":{"custom_model_data":841},"model":"modelengine:undeadcrew/rightfoot"},{"predicate":{"custom_model_data":842},"model":"modelengine:undeadcrew/rightleg"},{"predicate":{"custom_model_data":843},"model":"modelengine:undeadcrew/righthand"},{"predicate":{"custom_model_data":844},"model":"modelengine:undeadcrew/rightarm"},{"predicate":{"custom_model_data":845},"model":"modelengine:undeadcrew/undeadcrew"},{"predicate":{"custom_model_data":846},"model":"modelengine:wizard/lefthand"},{"predicate":{"custom_model_data":847},"model":"modelengine:wizard/leftarm"},{"predicate":{"custom_model_data":848},"model":"modelengine:wizard/righthand"},{"predicate":{"custom_model_data":849},"model":"modelengine:wizard/rightarm"},{"predicate":{"custom_model_data":850},"model":"modelengine:wizard/leftfoot"},{"predicate":{"custom_model_data":851},"model":"modelengine:wizard/leftleg"},{"predicate":{"custom_model_data":852},"model":"modelengine:wizard/rightfoot"},{"predicate":{"custom_model_data":853},"model":"modelengine:wizard/rightleg"},{"predicate":{"custom_model_data":854},"model":"modelengine:wizard/head"},{"predicate":{"custom_model_data":855},"model":"modelengine:wizard/wizard"},{"predicate":{"custom_model_data":856},"model":"modelengine:wizard/page"},{"predicate":{"custom_model_data":857},"model":"modelengine:wizard/book"},{"predicate":{"custom_model_data":1001},"model":"modelengine:candycauldron2/handle"},{"predicate":{"custom_model_data":1002},"model":"modelengine:candycauldron2/cauldron"},{"predicate":{"custom_model_data":1003},"model":"modelengine:frankenstein2/rightfoot"},{"predicate":{"custom_model_data":1004},"model":"modelengine:frankenstein2/rightshin"},{"predicate":{"custom_model_data":1005},"model":"modelengine:frankenstein2/rightleg"},{"predicate":{"custom_model_data":1006},"model":"modelengine:frankenstein2/leftfoot"},{"predicate":{"custom_model_data":1007},"model":"modelengine:frankenstein2/leftshin"},{"predicate":{"custom_model_data":1008},"model":"modelengine:frankenstein2/leftleg"},{"predicate":{"custom_model_data":1009},"model":"modelengine:frankenstein2/jaw"},{"predicate":{"custom_model_data":1010},"model":"modelengine:frankenstein2/head"},{"predicate":{"custom_model_data":1011},"model":"modelengine:frankenstein2/righthand"},{"predicate":{"custom_model_data":1012},"model":"modelengine:frankenstein2/rightforearm"},{"predicate":{"custom_model_data":1013},"model":"modelengine:frankenstein2/rightarm"},{"predicate":{"custom_model_data":1014},"model":"modelengine:frankenstein2/lefthand3"},{"predicate":{"custom_model_data":1015},"model":"modelengine:frankenstein2/leftforearm3"},{"predicate":{"custom_model_data":1016},"model":"modelengine:frankenstein2/leftarm3"},{"predicate":{"custom_model_data":1017},"model":"modelengine:frankenstein2/frankenstein"},{"predicate":{"custom_model_data":1018},"model":"modelengine:frankenstein_parts/leftleg"},{"predicate":{"custom_model_data":1019},"model":"modelengine:frankenstein_parts/rightarm"},{"predicate":{"custom_model_data":1020},"model":"modelengine:frankenstein_parts/leftarm3"},{"predicate":{"custom_model_data":1021},"model":"modelengine:haunted_armor/head"},{"predicate":{"custom_model_data":1022},"model":"modelengine:haunted_armor/right_hand"},{"predicate":{"custom_model_data":1023},"model":"modelengine:haunted_armor/right_arm"},{"predicate":{"custom_model_data":1024},"model":"modelengine:haunted_armor/left_hand"},{"predicate":{"custom_model_data":1025},"model":"modelengine:haunted_armor/left_arm"},{"predicate":{"custom_model_data":1026},"model":"modelengine:haunted_armor/right_foot"},{"predicate":{"custom_model_data":1027},"model":"modelengine:haunted_armor/right_leg"},{"predicate":{"custom_model_data":1028},"model":"modelengine:haunted_armor/left_foot"},{"predicate":{"custom_model_data":1029},"model":"modelengine:haunted_armor/left_leg"},{"predicate":{"custom_model_data":1030},"model":"modelengine:haunted_armor/knight"},{"predicate":{"custom_model_data":1031},"model":"modelengine:haunted_armor/base"},{"predicate":{"custom_model_data":1032},"model":"modelengine:murder/crow1"},{"predicate":{"custom_model_data":1033},"model":"modelengine:murder/crow3"},{"predicate":{"custom_model_data":1034},"model":"modelengine:murder/crow4"},{"predicate":{"custom_model_data":1035},"model":"modelengine:murder/crow2"},{"predicate":{"custom_model_data":1036},"model":"modelengine:murder/crow5"},{"predicate":{"custom_model_data":1037},"model":"modelengine:murder/crow6"},{"predicate":{"custom_model_data":1038},"model":"modelengine:murder/crow7"},{"predicate":{"custom_model_data":1039},"model":"modelengine:pumpkin_monster/right_leg"},{"predicate":{"custom_model_data":1040},"model":"modelengine:pumpkin_monster/left_leg"},{"predicate":{"custom_model_data":1041},"model":"modelengine:pumpkin_monster/jaw"},{"predicate":{"custom_model_data":1042},"model":"modelengine:pumpkin_monster/vine14"},{"predicate":{"custom_model_data":1043},"model":"modelengine:pumpkin_monster/vine13"},{"predicate":{"custom_model_data":1044},"model":"modelengine:pumpkin_monster/vine12"},{"predicate":{"custom_model_data":1045},"model":"modelengine:pumpkin_monster/vine11"},{"predicate":{"custom_model_data":1046},"model":"modelengine:pumpkin_monster/vine10"},{"predicate":{"custom_model_data":1047},"model":"modelengine:pumpkin_monster/vine9"},{"predicate":{"custom_model_data":1048},"model":"modelengine:pumpkin_monster/vine8"},{"predicate":{"custom_model_data":1049},"model":"modelengine:pumpkin_monster/vine15"},{"predicate":{"custom_model_data":1050},"model":"modelengine:pumpkin_monster/vine7"},{"predicate":{"custom_model_data":1051},"model":"modelengine:pumpkin_monster/vine6"},{"predicate":{"custom_model_data":1052},"model":"modelengine:pumpkin_monster/vine5"},{"predicate":{"custom_model_data":1053},"model":"modelengine:pumpkin_monster/vine4"},{"predicate":{"custom_model_data":1054},"model":"modelengine:pumpkin_monster/vine3"},{"predicate":{"custom_model_data":1055},"model":"modelengine:pumpkin_monster/vine2"},{"predicate":{"custom_model_data":1056},"model":"modelengine:pumpkin_monster/head"},{"predicate":{"custom_model_data":1057},"model":"modelengine:pumpkin_vine/vine15"},{"predicate":{"custom_model_data":1058},"model":"modelengine:pumpkin_vine/vine7"},{"predicate":{"custom_model_data":1059},"model":"modelengine:pumpkin_vine/vine6"},{"predicate":{"custom_model_data":1060},"model":"modelengine:pumpkin_vine/vine5"},{"predicate":{"custom_model_data":1061},"model":"modelengine:pumpkin_vine/vine4"},{"predicate":{"custom_model_data":1062},"model":"modelengine:scarecrow/head"},{"predicate":{"custom_model_data":1063},"model":"modelengine:scarecrow/crowhead"},{"predicate":{"custom_model_data":1064},"model":"modelengine:scarecrow/crow"},{"predicate":{"custom_model_data":1065},"model":"modelengine:scarecrow/right_hand"},{"predicate":{"custom_model_data":1066},"model":"modelengine:scarecrow/right_forearm"},{"predicate":{"custom_model_data":1067},"model":"modelengine:scarecrow/right_arm"},{"predicate":{"custom_model_data":1068},"model":"modelengine:scarecrow/left_hand"},{"predicate":{"custom_model_data":1069},"model":"modelengine:scarecrow/left_forearm"},{"predicate":{"custom_model_data":1070},"model":"modelengine:scarecrow/left_arm"},{"predicate":{"custom_model_data":1071},"model":"modelengine:scarecrow/right_foot"},{"predicate":{"custom_model_data":1072},"model":"modelengine:scarecrow/right_shin"},{"predicate":{"custom_model_data":1073},"model":"modelengine:scarecrow/right_leg"},{"predicate":{"custom_model_data":1074},"model":"modelengine:scarecrow/left_foot"},{"predicate":{"custom_model_data":1075},"model":"modelengine:scarecrow/left_shin"},{"predicate":{"custom_model_data":1076},"model":"modelengine:scarecrow/left_leg"},{"predicate":{"custom_model_data":1077},"model":"modelengine:scarecrow/torso"},{"predicate":{"custom_model_data":1078},"model":"modelengine:scarecrow_glow/head"},{"predicate":{"custom_model_data":1079},"model":"modelengine:scarecrow_glow/left_hand"},{"predicate":{"custom_model_data":1080},"model":"modelengine:scarecrow_glow/left_forearm"},{"predicate":{"custom_model_data":1081},"model":"modelengine:scarecrow_glow/left_arm"},{"predicate":{"custom_model_data":1082},"model":"modelengine:spectre/head"},{"predicate":{"custom_model_data":1083},"model":"modelengine:spectre/righthand"},{"predicate":{"custom_model_data":1084},"model":"modelengine:spectre/rightarm"},{"predicate":{"custom_model_data":1085},"model":"modelengine:spectre/lefthand"},{"predicate":{"custom_model_data":1086},"model":"modelengine:spectre/leftarm"},{"predicate":{"custom_model_data":1087},"model":"modelengine:spectre/rightfoot"},{"predicate":{"custom_model_data":1088},"model":"modelengine:spectre/rightleg"},{"predicate":{"custom_model_data":1089},"model":"modelengine:spectre/leftfoot"},{"predicate":{"custom_model_data":1090},"model":"modelengine:spectre/leftleg"},{"predicate":{"custom_model_data":1091},"model":"modelengine:spectre/body"},{"predicate":{"custom_model_data":1092},"model":"modelengine:witch/hat"},{"predicate":{"custom_model_data":1093},"model":"modelengine:witch/head"},{"predicate":{"custom_model_data":1094},"model":"modelengine:witch/scarf3"},{"predicate":{"custom_model_data":1095},"model":"modelengine:witch/scarf2"},{"predicate":{"custom_model_data":1096},"model":"modelengine:witch/scarf"},{"predicate":{"custom_model_data":1097},"model":"modelengine:witch/left_hand"},{"predicate":{"custom_model_data":1098},"model":"modelengine:witch/left_forearm"},{"predicate":{"custom_model_data":1099},"model":"modelengine:witch/left_arm"},{"predicate":{"custom_model_data":1100},"model":"modelengine:witch/right_hand"},{"predicate":{"custom_model_data":1101},"model":"modelengine:witch/right_forearm"},{"predicate":{"custom_model_data":1102},"model":"modelengine:witch/right_arm"},{"predicate":{"custom_model_data":1103},"model":"modelengine:witch/left_foot"},{"predicate":{"custom_model_data":1104},"model":"modelengine:witch/left_leg"},{"predicate":{"custom_model_data":1105},"model":"modelengine:witch/right_foot"},{"predicate":{"custom_model_data":1106},"model":"modelengine:witch/right_leg"},{"predicate":{"custom_model_data":1107},"model":"modelengine:witch/torso"},{"predicate":{"custom_model_data":1108},"model":"modelengine:witch/broom"},{"predicate":{"custom_model_data":1109},"model":"modelengine:witch_falling/hat"},{"predicate":{"custom_model_data":1110},"model":"modelengine:witch_falling/head"},{"predicate":{"custom_model_data":1111},"model":"modelengine:witch_falling/scarf3"},{"predicate":{"custom_model_data":1112},"model":"modelengine:witch_falling/scarf2"},{"predicate":{"custom_model_data":1113},"model":"modelengine:witch_falling/scarf"},{"predicate":{"custom_model_data":1114},"model":"modelengine:witch_falling/left_hand"},{"predicate":{"custom_model_data":1115},"model":"modelengine:witch_falling/left_forearm"},{"predicate":{"custom_model_data":1116},"model":"modelengine:witch_falling/left_arm"},{"predicate":{"custom_model_data":1117},"model":"modelengine:witch_falling/right_hand"},{"predicate":{"custom_model_data":1118},"model":"modelengine:witch_falling/right_forearm"},{"predicate":{"custom_model_data":1119},"model":"modelengine:witch_falling/right_arm"},{"predicate":{"custom_model_data":1120},"model":"modelengine:witch_falling/left_foot"},{"predicate":{"custom_model_data":1121},"model":"modelengine:witch_falling/left_leg"},{"predicate":{"custom_model_data":1122},"model":"modelengine:witch_falling/right_foot"},{"predicate":{"custom_model_data":1123},"model":"modelengine:witch_falling/right_leg"},{"predicate":{"custom_model_data":1124},"model":"modelengine:witch_falling/torso"},{"predicate":{"custom_model_data":2001},"model":"modelengine:adventurer/righthand"},{"predicate":{"custom_model_data":2002},"model":"modelengine:adventurer/rightarm"},{"predicate":{"custom_model_data":2003},"model":"modelengine:adventurer/head"},{"predicate":{"custom_model_data":2004},"model":"modelengine:adventurer/rightfoot"},{"predicate":{"custom_model_data":2005},"model":"modelengine:adventurer/rightleg"},{"predicate":{"custom_model_data":2006},"model":"modelengine:adventurer/leftfoot"},{"predicate":{"custom_model_data":2007},"model":"modelengine:adventurer/leftleg"},{"predicate":{"custom_model_data":2008},"model":"modelengine:adventurer/lefthand"},{"predicate":{"custom_model_data":2009},"model":"modelengine:adventurer/leftarm"},{"predicate":{"custom_model_data":2010},"model":"modelengine:adventurer/adventurer"},{"predicate":{"custom_model_data":2011},"model":"modelengine:anchor/anchor"},{"predicate":{"custom_model_data":2012},"model":"modelengine:anchor/chain"},{"predicate":{"custom_model_data":2013},"model":"modelengine:king/righthand"},{"predicate":{"custom_model_data":2014},"model":"modelengine:king/rightarm"},{"predicate":{"custom_model_data":2015},"model":"modelengine:king/head"},{"predicate":{"custom_model_data":2016},"model":"modelengine:king/lefthand"},{"predicate":{"custom_model_data":2017},"model":"modelengine:king/leftarm"},{"predicate":{"custom_model_data":2018},"model":"modelengine:king/leftfoot"},{"predicate":{"custom_model_data":2019},"model":"modelengine:king/leftleg"},{"predicate":{"custom_model_data":2020},"model":"modelengine:king/rightfoot"},{"predicate":{"custom_model_data":2021},"model":"modelengine:king/rightleg"},{"predicate":{"custom_model_data":2022},"model":"modelengine:king/king"},{"predicate":{"custom_model_data":2023},"model":"modelengine:lootbag/shield"},{"predicate":{"custom_model_data":2024},"model":"modelengine:lootbag/lootbag"},{"predicate":{"custom_model_data":2025},"model":"modelengine:minecart/minecart"},{"predicate":{"custom_model_data":2026},"model":"modelengine:miner/head"},{"predicate":{"custom_model_data":2027},"model":"modelengine:miner/leftfoot"},{"predicate":{"custom_model_data":2028},"model":"modelengine:miner/leftleg"},{"predicate":{"custom_model_data":2029},"model":"modelengine:miner/rightfoot"},{"predicate":{"custom_model_data":2030},"model":"modelengine:miner/rightleg"},{"predicate":{"custom_model_data":2031},"model":"modelengine:miner/righthand"},{"predicate":{"custom_model_data":2032},"model":"modelengine:miner/rightarm"},{"predicate":{"custom_model_data":2033},"model":"modelengine:miner/lefthand"},{"predicate":{"custom_model_data":2034},"model":"modelengine:miner/leftarm"},{"predicate":{"custom_model_data":2035},"model":"modelengine:miner/lantern"},{"predicate":{"custom_model_data":2036},"model":"modelengine:miner/miner"},{"predicate":{"custom_model_data":2037},"model":"modelengine:pirate/leftfoot"},{"predicate":{"custom_model_data":2038},"model":"modelengine:pirate/leftleg"},{"predicate":{"custom_model_data":2039},"model":"modelengine:pirate/rightfoot"},{"predicate":{"custom_model_data":2040},"model":"modelengine:pirate/rightleg"},{"predicate":{"custom_model_data":2041},"model":"modelengine:pirate/lefthand"},{"predicate":{"custom_model_data":2042},"model":"modelengine:pirate/leftarm"},{"predicate":{"custom_model_data":2043},"model":"modelengine:pirate/righthand"},{"predicate":{"custom_model_data":2044},"model":"modelengine:pirate/rightarm"},{"predicate":{"custom_model_data":2045},"model":"modelengine:pirate/head"},{"predicate":{"custom_model_data":2046},"model":"modelengine:pirate/bard"},{"predicate":{"custom_model_data":2047},"model":"modelengine:tap/tap"},{"predicate":{"custom_model_data":2048},"model":"modelengine:tavern/righthand"},{"predicate":{"custom_model_data":2049},"model":"modelengine:tavern/rightarm"},{"predicate":{"custom_model_data":2050},"model":"modelengine:tavern/lefthand"},{"predicate":{"custom_model_data":2051},"model":"modelengine:tavern/leftarm"},{"predicate":{"custom_model_data":2052},"model":"modelengine:tavern/rightfoot"},{"predicate":{"custom_model_data":2053},"model":"modelengine:tavern/rightleg"},{"predicate":{"custom_model_data":2054},"model":"modelengine:tavern/leftfoot"},{"predicate":{"custom_model_data":2055},"model":"modelengine:tavern/leftleg"},{"predicate":{"custom_model_data":2056},"model":"modelengine:tavern/head"},{"predicate":{"custom_model_data":2057},"model":"modelengine:tavern/tavern"},{"predicate":{"custom_model_data":2058},"model":"modelengine:throne/throne"}]}