{"textures":{"0":"modelengine:entity/lumberjack"},"elements":[{"name":"cube","from":[8.0,3.8000004,5.8999996],"to":[11.0,9.8,10.1],"rotation":{"angle":0.0,"axis":"x","origin":[4.7,6.2,6.8]},"faces":{"down":{"uv":[0.0125,5.7625,0.6125,6.6125],"rotation":0,"texture":"#0","tintindex":0},"east":{"uv":[3.1125,2.2625,2.2625,3.4875],"rotation":0,"texture":"#0","tintindex":0},"north":{"uv":[2.6125,4.5125,2.0125,5.7375],"rotation":0,"texture":"#0","tintindex":0},"south":{"uv":[4.6125,4.7625,4.0125,5.9875],"rotation":0,"texture":"#0","tintindex":0},"up":{"uv":[3.2625,6.4875,3.8625,5.6375],"rotation":0,"texture":"#0","tintindex":0},"west":{"uv":[2.2375,2.2625,1.3875,3.4875],"rotation":0,"texture":"#0","tintindex":0}}},{"name":"cube","from":[7.7,6.2,5.6],"to":[11.3,7.4,10.4],"rotation":{"angle":0.0,"axis":"x","origin":[4.7,6.2,6.8]},"faces":{"down":{"uv":[4.6375,4.7625,5.3625,5.7375],"rotation":0,"texture":"#0","tintindex":0},"east":{"uv":[7.9875,4.3875,7.0125,4.6125],"rotation":0,"texture":"#0","tintindex":0},"north":{"uv":[7.9875,4.0125,7.2625,4.2375],"rotation":0,"texture":"#0","tintindex":0},"south":{"uv":[7.9875,7.2625,7.2625,7.4875],"rotation":0,"texture":"#0","tintindex":0},"up":{"uv":[4.7625,0.9875,5.4875,0.0125],"rotation":0,"texture":"#0","tintindex":0},"west":{"uv":[5.1125,3.6375,4.1375,3.8625],"rotation":0,"texture":"#0","tintindex":0}}}],"display":{"head":{"translation":[0.0,-6.4,0.0],"rotation":[0.0,0.0,0.0],"scale":[3.8095,3.8095,3.8095]}}}