{"textures":{"0":"modelengine:entity/lumberjack"},"elements":[{"name":"cube","from":[7.7,5.2999997,7.1],"to":[10.1,8.3,10.1],"rotation":{"angle":0.0,"axis":"x","origin":[7.4,9.5,8.0]},"faces":{"down":{"uv":[6.7625,0.6375,7.2375,1.2375],"rotation":0,"texture":"#0","tintindex":0},"east":{"uv":[4.6125,6.0125,4.0125,6.6125],"rotation":0,"texture":"#0","tintindex":0},"north":{"uv":[6.9875,4.3875,6.5125,4.9875],"rotation":0,"texture":"#0","tintindex":0},"south":{"uv":[0.4875,6.6375,0.0125,7.2375],"rotation":0,"texture":"#0","tintindex":0},"up":{"uv":[4.0125,7.2375,4.4875,6.6375],"rotation":0,"texture":"#0","tintindex":0},"west":{"uv":[2.6125,5.7625,2.0125,6.3625],"rotation":0,"texture":"#0","tintindex":0}}}],"display":{"head":{"translation":[0.0,-6.4,0.0],"rotation":[0.0,0.0,0.0],"scale":[3.8095,3.8095,3.8095]}}}