{"textures":{"0":"modelengine:entity/guard"},"elements":[{"name":"cube","from":[5.8999996,7.4,6.5],"to":[8.9,9.2,9.5],"rotation":{"angle":0.0,"axis":"x","origin":[7.4,8.3,8.0]},"faces":{"down":{"uv":[9.0,6.0,7.75,7.25],"rotation":0,"texture":"#0","tintindex":0},"east":{"uv":[10.0,7.25,11.25,8.0],"rotation":0,"texture":"#0","tintindex":0},"north":{"uv":[10.0,6.5,11.25,7.25],"rotation":0,"texture":"#0","tintindex":0},"south":{"uv":[7.5,10.0,8.75,10.75],"rotation":0,"texture":"#0","tintindex":0},"up":{"uv":[5.25,9.0,4.0,7.75],"rotation":0,"texture":"#0","tintindex":0},"west":{"uv":[10.5,0.0,11.75,0.75],"rotation":0,"texture":"#0","tintindex":0}}},{"name":"cube","from":[6.2,5.6,6.8],"to":[8.0,7.4,9.2],"rotation":{"angle":0.0,"axis":"x","origin":[7.1,6.5,8.0]},"faces":{"down":{"uv":[11.25,2.5,10.5,3.5],"rotation":0,"texture":"#0","tintindex":0},"east":{"uv":[2.0,10.0,3.0,10.75],"rotation":0,"texture":"#0","tintindex":0},"north":{"uv":[2.0,10.75,2.75,11.5],"rotation":0,"texture":"#0","tintindex":0},"south":{"uv":[10.75,3.5,11.5,4.25],"rotation":0,"texture":"#0","tintindex":0},"up":{"uv":[9.5,11.0,8.75,10.0],"rotation":0,"texture":"#0","tintindex":0},"west":{"uv":[10.5,1.75,11.5,2.5],"rotation":0,"texture":"#0","tintindex":0}}}],"display":{"head":{"translation":[0.0,-6.4,0.0],"rotation":[0.0,0.0,0.0],"scale":[3.8095,3.8095,3.8095]}}}