{"textures":{"0":"modelengine:entity/guard"},"elements":[{"name":"cube","from":[7.4,7.4,7.25],"to":[8.6,8.6,12.650001],"rotation":{"angle":0.0,"axis":"x","origin":[8.0,8.0,8.0]},"faces":{"down":{"uv":[9.25,13.5,9.75,16.0],"rotation":0,"texture":"#0","tintindex":0},"east":{"uv":[8.75,14.75,6.25,15.25],"rotation":0,"texture":"#0","tintindex":0},"north":{"uv":[5.75,15.5,5.25,16.0],"rotation":0,"texture":"#0","tintindex":0},"south":{"uv":[6.25,15.5,5.75,16.0],"rotation":0,"texture":"#0","tintindex":0},"up":{"uv":[8.75,16.0,9.25,13.5],"rotation":0,"texture":"#0","tintindex":0},"west":{"uv":[8.75,15.5,6.25,16.0],"rotation":0,"texture":"#0","tintindex":0}}},{"name":"cube","from":[7.1,7.1,4.85],"to":[8.9,8.9,7.25],"rotation":{"angle":0.0,"axis":"x","origin":[8.0,8.0,8.0]},"faces":{"down":{"uv":[7.25,12.5,8.0,13.5],"rotation":0,"texture":"#0","tintindex":0},"east":{"uv":[7.25,14.0,6.25,14.75],"rotation":0,"texture":"#0","tintindex":0},"north":{"uv":[6.25,13.25,5.5,14.0],"rotation":0,"texture":"#0","tintindex":0},"south":{"uv":[6.25,14.0,5.5,14.75],"rotation":0,"texture":"#0","tintindex":0},"up":{"uv":[8.0,13.5,8.75,12.5],"rotation":0,"texture":"#0","tintindex":0},"west":{"uv":[8.25,14.0,7.25,14.75],"rotation":0,"texture":"#0","tintindex":0}}}],"display":{"head":{"translation":[0.0,-6.4,0.0],"rotation":[0.0,0.0,0.0],"scale":[3.8095,3.8095,3.8095]}}}