{"textures":{"0":"modelengine:entity/rpg3_barricade"},"elements":[{"name":"cube","from":[4.7078285,5.8959913,9.171944],"to":[5.307829,8.295991,10.971945],"rotation":{"angle":22.5,"axis":"x","origin":[10.7078285,12.495992,6.171944]},"faces":{"down":{"uv":[12.625,4.0,12.5,4.375],"rotation":0,"texture":"#0","tintindex":0},"east":{"uv":[0.5,11.75,0.875,12.25],"rotation":0,"texture":"#0","tintindex":0},"north":{"uv":[7.75,12.375,7.875,12.875],"rotation":0,"texture":"#0","tintindex":0},"south":{"uv":[7.875,12.375,8.0,12.875],"rotation":0,"texture":"#0","tintindex":0},"up":{"uv":[12.625,4.0,12.5,3.625],"rotation":0,"texture":"#0","tintindex":0},"west":{"uv":[0.875,11.75,1.25,12.25],"rotation":0,"texture":"#0","tintindex":0}}},{"name":"cube","from":[2.9078288,7.695991,1.971944],"to":[4.1078286,8.295991,16.971943],"rotation":{"angle":22.5,"axis":"x","origin":[10.7078285,12.495992,6.171944]},"faces":{"down":{"uv":[6.75,10.25,6.5,13.375],"rotation":0,"texture":"#0","tintindex":0},"east":{"uv":[10.25,9.75,13.375,9.875],"rotation":0,"texture":"#0","tintindex":0},"north":{"uv":[6.875,9.75,7.125,9.875],"rotation":0,"texture":"#0","tintindex":0},"south":{"uv":[7.125,9.75,7.375,9.875],"rotation":0,"texture":"#0","tintindex":0},"up":{"uv":[2.5,12.875,2.25,9.75],"rotation":0,"texture":"#0","tintindex":0},"west":{"uv":[11.125,8.375,14.25,8.5],"rotation":0,"texture":"#0","tintindex":0}}},{"name":"cube","from":[4.1078286,8.295991,1.971944],"to":[11.907829,8.895991,13.971944],"rotation":{"angle":22.5,"axis":"x","origin":[10.7078285,12.495992,6.171944]},"faces":{"down":{"uv":[14.25,6.125,12.625,3.625],"rotation":0,"texture":"#0","tintindex":0},"east":{"uv":[11.25,10.5,13.75,10.625],"rotation":0,"texture":"#0","tintindex":0},"north":{"uv":[11.375,11.875,13.0,12.0],"rotation":0,"texture":"#0","tintindex":0},"south":{"uv":[12.0,7.375,13.625,7.5],"rotation":0,"texture":"#0","tintindex":0},"up":{"uv":[1.625,2.5,0.0,0.0],"rotation":0,"texture":"#0","tintindex":0},"west":{"uv":[11.375,3.0,13.875,3.125],"rotation":0,"texture":"#0","tintindex":0}}},{"name":"cube","from":[4.1078286,8.895991,13.371943],"to":[11.907829,11.295991,13.971944],"rotation":{"angle":22.5,"axis":"x","origin":[10.7078285,12.495992,6.171944]},"faces":{"down":{"uv":[13.5,8.25,11.875,8.375],"rotation":0,"texture":"#0","tintindex":0},"east":{"uv":[8.125,3.0,8.25,3.5],"rotation":0,"texture":"#0","tintindex":0},"north":{"uv":[10.25,1.875,11.875,2.375],"rotation":0,"texture":"#0","tintindex":0},"south":{"uv":[10.25,1.875,11.875,2.375],"rotation":0,"texture":"#0","tintindex":0},"up":{"uv":[13.5,8.25,11.875,8.125],"rotation":0,"texture":"#0","tintindex":0},"west":{"uv":[7.625,12.375,7.75,12.875],"rotation":0,"texture":"#0","tintindex":0}}},{"name":"cube","from":[11.907829,10.6959915,1.971944],"to":[12.507829,12.495992,13.971944],"rotation":{"angle":22.5,"axis":"x","origin":[10.7078285,12.495992,6.171944]},"faces":{"down":{"uv":[11.125,11.25,11.0,13.75],"rotation":0,"texture":"#0","tintindex":0},"east":{"uv":[8.875,3.0,11.375,3.375],"rotation":0,"texture":"#0","tintindex":0},"north":{"uv":[12.25,5.75,12.375,6.125],"rotation":0,"texture":"#0","tintindex":0},"south":{"uv":[12.375,4.125,12.5,4.5],"rotation":0,"texture":"#0","tintindex":0},"up":{"uv":[11.0,13.75,10.875,11.25],"rotation":0,"texture":"#0","tintindex":0},"west":{"uv":[9.625,4.75,12.125,5.125],"rotation":0,"texture":"#0","tintindex":0}}},{"name":"cube","from":[1.7078286,5.295991,7.071944],"to":[14.907829,5.8959913,7.671944],"rotation":{"angle":22.5,"axis":"x","origin":[13.107829,5.295991,6.771944]},"faces":{"down":{"uv":[14.0,10.375,11.25,10.5],"rotation":0,"texture":"#0","tintindex":0},"east":{"uv":[3.625,2.375,3.75,2.5],"rotation":0,"texture":"#0","tintindex":0},"north":{"uv":[11.125,8.5,13.875,8.625],"rotation":0,"texture":"#0","tintindex":0},"south":{"uv":[11.125,8.625,13.875,8.75],"rotation":0,"texture":"#0","tintindex":0},"up":{"uv":[14.0,10.375,11.25,10.25],"rotation":0,"texture":"#0","tintindex":0},"west":{"uv":[5.5,1.75,5.625,1.875],"rotation":0,"texture":"#0","tintindex":0}}},{"name":"cube","from":[2.9078288,8.295991,4.371944],"to":[3.5078287,12.495992,5.571944],"rotation":{"angle":22.5,"axis":"x","origin":[10.7078285,12.495992,6.171944]},"faces":{"down":{"uv":[12.75,0.625,12.625,0.875],"rotation":0,"texture":"#0","tintindex":0},"east":{"uv":[7.75,11.5,8.0,12.375],"rotation":0,"texture":"#0","tintindex":0},"north":{"uv":[7.125,12.375,7.25,13.25],"rotation":0,"texture":"#0","tintindex":0},"south":{"uv":[7.25,12.375,7.375,13.25],"rotation":0,"texture":"#0","tintindex":0},"up":{"uv":[12.75,0.625,12.625,0.375],"rotation":0,"texture":"#0","tintindex":0},"west":{"uv":[8.0,11.5,8.25,12.375],"rotation":0,"texture":"#0","tintindex":0}}},{"name":"cube","from":[11.907829,7.695991,1.971944],"to":[13.107829,8.295991,19.971943],"rotation":{"angle":22.5,"axis":"x","origin":[10.7078285,12.495992,6.171944]},"faces":{"down":{"uv":[2.25,9.75,2.0,13.5],"rotation":0,"texture":"#0","tintindex":0},"east":{"uv":[10.25,2.875,14.0,3.0],"rotation":0,"texture":"#0","tintindex":0},"north":{"uv":[9.5,8.75,9.75,8.875],"rotation":0,"texture":"#0","tintindex":0},"south":{"uv":[6.625,9.75,6.875,9.875],"rotation":0,"texture":"#0","tintindex":0},"up":{"uv":[2.0,13.5,1.75,9.75],"rotation":0,"texture":"#0","tintindex":0},"west":{"uv":[10.25,9.625,14.0,9.75],"rotation":0,"texture":"#0","tintindex":0}}},{"name":"cube","from":[4.1078286,7.695991,9.771944],"to":[11.907829,8.295991,10.371944],"rotation":{"angle":22.5,"axis":"x","origin":[10.7078285,12.495992,6.171944]},"faces":{"down":{"uv":[13.625,9.375,12.0,9.5],"rotation":0,"texture":"#0","tintindex":0},"east":{"uv":[7.25,1.625,7.375,1.75],"rotation":0,"texture":"#0","tintindex":0},"north":{"uv":[12.0,7.5,13.625,7.625],"rotation":0,"texture":"#0","tintindex":0},"south":{"uv":[12.0,7.625,13.625,7.75],"rotation":0,"texture":"#0","tintindex":0},"up":{"uv":[13.625,9.375,12.0,9.25],"rotation":0,"texture":"#0","tintindex":0},"west":{"uv":[8.0,3.375,8.125,3.5],"rotation":0,"texture":"#0","tintindex":0}}},{"name":"cube","from":[10.7078285,5.8959913,9.171944],"to":[11.307829,8.295991,10.971945],"rotation":{"angle":22.5,"axis":"x","origin":[10.7078285,12.495992,6.171944]},"faces":{"down":{"uv":[12.625,4.75,12.5,5.125],"rotation":0,"texture":"#0","tintindex":0},"east":{"uv":[12.125,3.625,12.5,4.125],"rotation":0,"texture":"#0","tintindex":0},"north":{"uv":[8.0,12.375,8.125,12.875],"rotation":0,"texture":"#0","tintindex":0},"south":{"uv":[8.125,12.375,8.25,12.875],"rotation":0,"texture":"#0","tintindex":0},"up":{"uv":[12.625,4.75,12.5,4.375],"rotation":0,"texture":"#0","tintindex":0},"west":{"uv":[4.625,12.125,5.0,12.625],"rotation":0,"texture":"#0","tintindex":0}}},{"name":"cube","from":[8.907829,2.8959908,6.771944],"to":[10.107829,3.495991,13.971944],"rotation":{"angle":-45.0,"axis":"y","origin":[2.9078288,2.8959908,10.371944]},"faces":{"down":{"uv":[10.875,11.25,10.625,12.75],"rotation":0,"texture":"#0","tintindex":0},"east":{"uv":[4.625,11.875,6.125,12.0],"rotation":0,"texture":"#0","tintindex":0},"north":{"uv":[8.0,8.75,8.25,8.875],"rotation":0,"texture":"#0","tintindex":0},"south":{"uv":[9.25,8.75,9.5,8.875],"rotation":0,"texture":"#0","tintindex":0},"up":{"uv":[10.625,12.75,10.375,11.25],"rotation":0,"texture":"#0","tintindex":0},"west":{"uv":[4.625,12.0,6.125,12.125],"rotation":0,"texture":"#0","tintindex":0}}},{"name":"cube","from":[11.907829,8.295991,1.971944],"to":[12.507829,10.095991,13.971944],"rotation":{"angle":22.5,"axis":"x","origin":[10.7078285,12.495992,6.171944]},"faces":{"down":{"uv":[11.125,11.25,11.0,13.75],"rotation":0,"texture":"#0","tintindex":0},"east":{"uv":[8.875,3.0,11.375,3.375],"rotation":0,"texture":"#0","tintindex":0},"north":{"uv":[12.25,5.75,12.375,6.125],"rotation":0,"texture":"#0","tintindex":0},"south":{"uv":[12.375,4.125,12.5,4.5],"rotation":0,"texture":"#0","tintindex":0},"up":{"uv":[11.0,13.75,10.875,11.25],"rotation":0,"texture":"#0","tintindex":0},"west":{"uv":[9.625,4.75,12.125,5.125],"rotation":0,"texture":"#0","tintindex":0}}},{"name":"cube","from":[3.5078287,8.295991,1.971944],"to":[4.1078286,10.095991,13.971944],"rotation":{"angle":22.5,"axis":"x","origin":[10.7078285,12.495992,6.171944]},"faces":{"down":{"uv":[11.125,11.25,11.0,13.75],"rotation":0,"texture":"#0","tintindex":0},"east":{"uv":[8.875,3.0,11.375,3.375],"rotation":0,"texture":"#0","tintindex":0},"north":{"uv":[12.25,5.75,12.375,6.125],"rotation":0,"texture":"#0","tintindex":0},"south":{"uv":[12.375,4.125,12.5,4.5],"rotation":0,"texture":"#0","tintindex":0},"up":{"uv":[11.0,13.75,10.875,11.25],"rotation":0,"texture":"#0","tintindex":0},"west":{"uv":[9.625,4.75,12.125,5.125],"rotation":0,"texture":"#0","tintindex":0}}},{"name":"cube","from":[3.5078287,10.6959915,1.971944],"to":[4.1078286,12.495992,13.971944],"rotation":{"angle":22.5,"axis":"x","origin":[10.7078285,12.495992,6.171944]},"faces":{"down":{"uv":[11.125,11.25,11.0,13.75],"rotation":0,"texture":"#0","tintindex":0},"east":{"uv":[8.875,3.0,11.375,3.375],"rotation":0,"texture":"#0","tintindex":0},"north":{"uv":[12.25,5.75,12.375,6.125],"rotation":0,"texture":"#0","tintindex":0},"south":{"uv":[12.375,4.125,12.5,4.5],"rotation":0,"texture":"#0","tintindex":0},"up":{"uv":[11.0,13.75,10.875,11.25],"rotation":0,"texture":"#0","tintindex":0},"west":{"uv":[9.625,4.75,12.125,5.125],"rotation":0,"texture":"#0","tintindex":0}}},{"name":"cube","from":[2.9078288,8.295991,9.771944],"to":[3.5078287,12.495992,10.971945],"rotation":{"angle":22.5,"axis":"x","origin":[10.7078285,12.495992,6.171944]},"faces":{"down":{"uv":[12.75,0.625,12.625,0.875],"rotation":0,"texture":"#0","tintindex":0},"east":{"uv":[7.75,11.5,8.0,12.375],"rotation":0,"texture":"#0","tintindex":0},"north":{"uv":[7.125,12.375,7.25,13.25],"rotation":0,"texture":"#0","tintindex":0},"south":{"uv":[7.25,12.375,7.375,13.25],"rotation":0,"texture":"#0","tintindex":0},"up":{"uv":[12.75,0.625,12.625,0.375],"rotation":0,"texture":"#0","tintindex":0},"west":{"uv":[8.0,11.5,8.25,12.375],"rotation":0,"texture":"#0","tintindex":0}}},{"name":"cube","from":[12.507829,8.295991,9.771944],"to":[13.107829,12.495992,10.971945],"rotation":{"angle":22.5,"axis":"x","origin":[25.10783,12.495992,6.171944]},"faces":{"down":{"uv":[12.625,0.625,12.75,0.875],"rotation":0,"texture":"#0","tintindex":0},"east":{"uv":[8.25,11.5,8.0,12.375],"rotation":0,"texture":"#0","tintindex":0},"north":{"uv":[7.25,12.375,7.125,13.25],"rotation":0,"texture":"#0","tintindex":0},"south":{"uv":[7.375,12.375,7.25,13.25],"rotation":0,"texture":"#0","tintindex":0},"up":{"uv":[12.625,0.625,12.75,0.375],"rotation":0,"texture":"#0","tintindex":0},"west":{"uv":[8.0,11.5,7.75,12.375],"rotation":0,"texture":"#0","tintindex":0}}},{"name":"cube","from":[12.507829,8.295991,4.371944],"to":[13.107829,12.495992,5.571944],"rotation":{"angle":22.5,"axis":"x","origin":[25.10783,12.495992,6.171944]},"faces":{"down":{"uv":[12.625,0.625,12.75,0.875],"rotation":0,"texture":"#0","tintindex":0},"east":{"uv":[8.25,11.5,8.0,12.375],"rotation":0,"texture":"#0","tintindex":0},"north":{"uv":[7.25,12.375,7.125,13.25],"rotation":0,"texture":"#0","tintindex":0},"south":{"uv":[7.375,12.375,7.25,13.25],"rotation":0,"texture":"#0","tintindex":0},"up":{"uv":[12.625,0.625,12.75,0.375],"rotation":0,"texture":"#0","tintindex":0},"west":{"uv":[8.0,11.5,7.75,12.375],"rotation":0,"texture":"#0","tintindex":0}}}],"display":{"head":{"translation":[0.0,-6.4,0.0],"rotation":[0.0,0.0,0.0],"scale":[3.8095,3.8095,3.8095]}}}