{"textures":{"0":"modelengine:entity/rpg3_barricade"},"elements":[{"name":"cube","from":[7.55,7.5870056,6.2],"to":[11.15,14.787005,9.8],"rotation":{"angle":0.0,"axis":"x","origin":[9.35,8.0,8.0]},"faces":{"down":{"uv":[10.0,10.625,9.25,11.375],"rotation":0,"texture":"#0","tintindex":0},"east":{"uv":[7.375,1.625,8.125,3.125],"rotation":0,"texture":"#0","tintindex":0},"north":{"uv":[7.375,1.625,8.125,3.125],"rotation":0,"texture":"#0","tintindex":0},"south":{"uv":[7.375,1.625,8.125,3.125],"rotation":0,"texture":"#0","tintindex":0},"up":{"uv":[9.25,11.25,8.5,10.5],"rotation":0,"texture":"#0","tintindex":0},"west":{"uv":[7.375,1.625,8.125,3.125],"rotation":0,"texture":"#0","tintindex":0}}},{"name":"cube","from":[8.75,0.98700523,7.4],"to":[9.950001,20.187008,8.6],"rotation":{"angle":0.0,"axis":"x","origin":[9.35,8.0,8.0]},"faces":{"down":{"uv":[8.125,3.125,7.875,3.375],"rotation":0,"texture":"#0","tintindex":0},"east":{"uv":[2.875,9.125,3.125,13.125],"rotation":0,"texture":"#0","tintindex":0},"north":{"uv":[2.625,9.125,2.875,13.125],"rotation":0,"texture":"#0","tintindex":0},"south":{"uv":[3.125,9.125,3.375,13.125],"rotation":0,"texture":"#0","tintindex":0},"up":{"uv":[3.5,5.75,3.25,5.5],"rotation":0,"texture":"#0","tintindex":0},"west":{"uv":[3.375,9.125,3.625,13.125],"rotation":0,"texture":"#0","tintindex":0}}},{"name":"cube","from":[9.387868,4.4964466,6.2],"to":[9.387868,7.496446,9.8],"rotation":{"angle":-45.0,"axis":"z","origin":[9.35,8.0,8.0]},"faces":{"down":{"uv":[0.75,0.0,0.0,0.0],"rotation":270,"texture":"#0","tintindex":0},"east":{"uv":[4.875,10.75,5.625,11.375],"rotation":0,"texture":"#0","tintindex":0},"north":{"uv":[0.0,0.0,0.0,0.625],"rotation":0,"texture":"#0","tintindex":0},"south":{"uv":[0.0,0.0,0.0,0.625],"rotation":0,"texture":"#0","tintindex":0},"up":{"uv":[0.75,0.0,0.0,0.0],"rotation":90,"texture":"#0","tintindex":0},"west":{"uv":[5.625,10.75,4.875,11.375],"rotation":0,"texture":"#0","tintindex":0}}},{"name":"cube","from":[7.55,4.4964466,8.0378685],"to":[11.15,7.496446,8.0378685],"rotation":{"angle":45.0,"axis":"x","origin":[9.35,8.0,8.0]},"faces":{"down":{"uv":[0.75,0.0,0.0,0.0],"rotation":0,"texture":"#0","tintindex":0},"east":{"uv":[0.0,0.0,0.0,0.625],"rotation":0,"texture":"#0","tintindex":0},"north":{"uv":[4.875,10.75,5.625,11.375],"rotation":0,"texture":"#0","tintindex":0},"south":{"uv":[5.625,10.75,4.875,11.375],"rotation":0,"texture":"#0","tintindex":0},"up":{"uv":[0.75,0.0,0.0,0.0],"rotation":0,"texture":"#0","tintindex":0},"west":{"uv":[0.0,0.0,0.0,0.625],"rotation":0,"texture":"#0","tintindex":0}}},{"name":"cube","from":[9.312132,4.4964466,6.2],"to":[9.312132,7.496446,9.8],"rotation":{"angle":45.0,"axis":"z","origin":[9.35,8.0,8.0]},"faces":{"down":{"uv":[0.75,0.0,0.0,0.0],"rotation":270,"texture":"#0","tintindex":0},"east":{"uv":[4.875,10.75,5.625,11.375],"rotation":0,"texture":"#0","tintindex":0},"north":{"uv":[0.0,0.0,0.0,0.625],"rotation":0,"texture":"#0","tintindex":0},"south":{"uv":[0.0,0.0,0.0,0.625],"rotation":0,"texture":"#0","tintindex":0},"up":{"uv":[0.75,0.0,0.0,0.0],"rotation":90,"texture":"#0","tintindex":0},"west":{"uv":[5.625,10.75,4.875,11.375],"rotation":0,"texture":"#0","tintindex":0}}},{"name":"cube","from":[7.55,4.4964466,7.962132],"to":[11.15,7.496446,7.962132],"rotation":{"angle":-45.0,"axis":"x","origin":[9.35,8.0,8.0]},"faces":{"down":{"uv":[0.75,0.0,0.0,0.0],"rotation":0,"texture":"#0","tintindex":0},"east":{"uv":[0.0,0.0,0.0,0.625],"rotation":0,"texture":"#0","tintindex":0},"north":{"uv":[4.875,10.75,5.625,11.375],"rotation":0,"texture":"#0","tintindex":0},"south":{"uv":[5.625,10.75,4.875,11.375],"rotation":0,"texture":"#0","tintindex":0},"up":{"uv":[0.75,0.0,0.0,0.0],"rotation":0,"texture":"#0","tintindex":0},"west":{"uv":[0.0,0.0,0.0,0.625],"rotation":0,"texture":"#0","tintindex":0}}}],"display":{"head":{"translation":[0.0,-6.4,0.0],"rotation":[0.0,0.0,0.0],"scale":[3.8095,3.8095,3.8095]}}}