{"textures":{"0":"modelengine:entity/rpg3_barricade"},"elements":[{"name":"wheel","from":[4.0999994,9.195584,12.654416],"to":[4.0999994,15.195585,18.654415],"rotation":{"angle":-45.0,"axis":"z","origin":[3.499999,12.795585,16.854416]},"faces":{"down":{"uv":[0.0,0.0,1.25,0.0],"rotation":270,"texture":"#0","tintindex":0},"east":{"uv":[5.375,8.75,4.125,10.0],"rotation":270,"texture":"#0","tintindex":0},"north":{"uv":[0.0,0.0,1.25,0.0],"rotation":90,"texture":"#0","tintindex":0},"south":{"uv":[0.0,0.0,1.25,0.0],"rotation":270,"texture":"#0","tintindex":0},"up":{"uv":[0.0,0.0,1.25,0.0],"rotation":270,"texture":"#0","tintindex":0},"west":{"uv":[5.375,10.0,4.125,8.75],"rotation":270,"texture":"#0","tintindex":0}}},{"name":"wheel","from":[-14.200002,8.6,12.8],"to":[-8.200001,8.6,18.8],"rotation":{"angle":45.0,"axis":"y","origin":[-14.800001,8.3,15.8]},"faces":{"down":{"uv":[5.375,8.75,4.125,10.0],"rotation":0,"texture":"#0","tintindex":0},"east":{"uv":[0.0,0.0,1.25,0.0],"rotation":0,"texture":"#0","tintindex":0},"north":{"uv":[0.0,0.0,1.25,0.0],"rotation":0,"texture":"#0","tintindex":0},"south":{"uv":[0.0,0.0,1.25,0.0],"rotation":0,"texture":"#0","tintindex":0},"up":{"uv":[5.375,10.0,4.125,8.75],"rotation":0,"texture":"#0","tintindex":0},"west":{"uv":[0.0,0.0,1.25,0.0],"rotation":0,"texture":"#0","tintindex":0}}},{"name":"plank","from":[-2.200001,14.150001,-5.200001],"to":[0.79999924,14.75,11.0],"rotation":{"angle":22.5,"axis":"y","origin":[0.49999905,14.45,2.8999999]},"faces":{"down":{"uv":[8.875,0.0,8.25,3.375],"rotation":0,"texture":"#0","tintindex":0},"east":{"uv":[2.5,9.75,2.625,13.125],"rotation":270,"texture":"#0","tintindex":0},"north":{"uv":[8.125,7.0,7.5,7.125],"rotation":180,"texture":"#0","tintindex":0},"south":{"uv":[8.0,3.5,7.375,3.375],"rotation":0,"texture":"#0","tintindex":0},"up":{"uv":[8.25,0.0,8.875,3.375],"rotation":180,"texture":"#0","tintindex":0},"west":{"uv":[6.375,10.375,6.5,13.75],"rotation":90,"texture":"#0","tintindex":0}}},{"name":"plank","from":[8.523715,6.5073214,12.8],"to":[9.123715,22.707321,15.8],"rotation":{"angle":22.5,"axis":"z","origin":[7.6237154,18.057323,6.5]},"faces":{"down":{"uv":[8.125,7.0,7.5,7.125],"rotation":270,"texture":"#0","tintindex":0},"east":{"uv":[8.25,0.0,8.875,3.375],"rotation":0,"texture":"#0","tintindex":0},"north":{"uv":[6.375,10.375,6.5,13.75],"rotation":0,"texture":"#0","tintindex":0},"south":{"uv":[2.5,9.75,2.625,13.125],"rotation":0,"texture":"#0","tintindex":0},"up":{"uv":[8.0,3.5,7.375,3.375],"rotation":90,"texture":"#0","tintindex":0},"west":{"uv":[8.875,0.0,8.25,3.375],"rotation":0,"texture":"#0","tintindex":0}}},{"name":"cube","from":[4.3999996,8.0,-6.4000006],"to":[5.5999994,10.4,-4.0000005],"rotation":{"angle":45.0,"axis":"y","origin":[2.5999994,8.0,3.1999998]},"faces":{"down":{"uv":[11.875,12.125,11.625,12.625],"rotation":0,"texture":"#0","tintindex":0},"east":{"uv":[3.25,1.875,3.75,2.375],"rotation":0,"texture":"#0","tintindex":0},"north":{"uv":[12.125,6.125,12.375,6.625],"rotation":0,"texture":"#0","tintindex":0},"south":{"uv":[12.125,6.625,12.375,7.125],"rotation":0,"texture":"#0","tintindex":0},"up":{"uv":[11.625,12.625,11.375,12.125],"rotation":0,"texture":"#0","tintindex":0},"west":{"uv":[2.75,6.375,3.25,6.875],"rotation":0,"texture":"#0","tintindex":0}}},{"name":"cube","from":[-6.400001,8.0,-6.4000006],"to":[-5.2000012,10.4,-4.0000005],"rotation":{"angle":45.0,"axis":"y","origin":[2.5999994,8.0,3.1999998]},"faces":{"down":{"uv":[11.875,12.125,11.625,12.625],"rotation":0,"texture":"#0","tintindex":0},"east":{"uv":[3.25,1.875,3.75,2.375],"rotation":0,"texture":"#0","tintindex":0},"north":{"uv":[12.125,6.125,12.375,6.625],"rotation":0,"texture":"#0","tintindex":0},"south":{"uv":[12.125,6.625,12.375,7.125],"rotation":0,"texture":"#0","tintindex":0},"up":{"uv":[11.625,12.625,11.375,12.125],"rotation":0,"texture":"#0","tintindex":0},"west":{"uv":[2.75,6.375,3.25,6.875],"rotation":0,"texture":"#0","tintindex":0}}},{"name":"cube","from":[-7.000001,8.6,-5.8],"to":[6.199999,9.8,-4.6000004],"rotation":{"angle":45.0,"axis":"y","origin":[2.5999994,9.2,3.1999998]},"faces":{"down":{"uv":[13.0,9.0,10.25,9.25],"rotation":0,"texture":"#0","tintindex":0},"east":{"uv":[5.875,10.375,6.125,10.625],"rotation":0,"texture":"#0","tintindex":0},"north":{"uv":[9.75,4.5,12.5,4.75],"rotation":0,"texture":"#0","tintindex":0},"south":{"uv":[6.75,10.25,9.5,10.5],"rotation":0,"texture":"#0","tintindex":0},"up":{"uv":[13.0,9.0,10.25,8.75],"rotation":0,"texture":"#0","tintindex":0},"west":{"uv":[6.125,10.375,6.375,10.625],"rotation":0,"texture":"#0","tintindex":0}}},{"name":"cube","from":[5.5999994,9.8,14.6],"to":[6.799999,29.0,15.8],"rotation":{"angle":0.0,"axis":"x","origin":[6.199999,8.0,4.3999996]},"faces":{"down":{"uv":[12.375,7.125,12.125,7.375],"rotation":0,"texture":"#0","tintindex":0},"east":{"uv":[3.875,9.125,4.125,13.125],"rotation":0,"texture":"#0","tintindex":0},"north":{"uv":[3.625,9.125,3.875,13.125],"rotation":0,"texture":"#0","tintindex":0},"south":{"uv":[1.25,9.75,1.5,13.75],"rotation":0,"texture":"#0","tintindex":0},"up":{"uv":[12.375,4.375,12.125,4.125],"rotation":0,"texture":"#0","tintindex":0},"west":{"uv":[1.5,9.75,1.75,13.75],"rotation":0,"texture":"#0","tintindex":0}}},{"name":"cube","from":[4.999999,9.8,14.0],"to":[7.3999996,11.0,16.400002],"rotation":{"angle":0.0,"axis":"x","origin":[6.199999,8.0,4.3999996]},"faces":{"down":{"uv":[6.125,11.375,5.625,11.875],"rotation":0,"texture":"#0","tintindex":0},"east":{"uv":[2.75,6.875,3.25,7.125],"rotation":0,"texture":"#0","tintindex":0},"north":{"uv":[2.75,6.875,3.25,7.125],"rotation":0,"texture":"#0","tintindex":0},"south":{"uv":[2.75,6.875,3.25,7.125],"rotation":0,"texture":"#0","tintindex":0},"up":{"uv":[5.625,11.875,5.125,11.375],"rotation":0,"texture":"#0","tintindex":0},"west":{"uv":[2.75,6.875,3.25,7.125],"rotation":0,"texture":"#0","tintindex":0}}},{"name":"cube","from":[1.999999,8.0,11.0],"to":[10.4,9.8,19.400002],"rotation":{"angle":45.0,"axis":"y","origin":[6.199999,8.9,15.2]},"faces":{"down":{"uv":[7.375,1.75,5.625,3.5],"rotation":0,"texture":"#0","tintindex":0},"east":{"uv":[10.25,9.25,12.0,9.625],"rotation":0,"texture":"#0","tintindex":0},"north":{"uv":[10.25,9.25,12.0,9.625],"rotation":0,"texture":"#0","tintindex":0},"south":{"uv":[10.25,9.25,12.0,9.625],"rotation":0,"texture":"#0","tintindex":0},"up":{"uv":[6.875,1.75,5.125,0.0],"rotation":0,"texture":"#0","tintindex":0},"west":{"uv":[10.25,9.25,12.0,9.625],"rotation":0,"texture":"#0","tintindex":0}}},{"name":"cube","from":[-2.8000011,12.2,0.7999997],"to":[8.599999,14.0,1.3999997],"rotation":{"angle":0.0,"axis":"x","origin":[6.799999,10.4,5.0]},"faces":{"down":{"uv":[13.75,3.25,11.375,3.375],"rotation":0,"texture":"#0","tintindex":0},"east":{"uv":[12.5,5.125,12.625,5.5],"rotation":0,"texture":"#0","tintindex":0},"north":{"uv":[9.625,7.375,12.0,7.75],"rotation":0,"texture":"#0","tintindex":0},"south":{"uv":[9.625,7.375,12.0,7.75],"rotation":0,"texture":"#0","tintindex":0},"up":{"uv":[13.75,3.25,11.375,3.125],"rotation":0,"texture":"#0","tintindex":0},"west":{"uv":[12.5,5.5,12.625,5.875],"rotation":0,"texture":"#0","tintindex":0}}},{"name":"cube","from":[-2.8000011,8.0,0.7999997],"to":[8.599999,9.8,1.3999997],"rotation":{"angle":0.0,"axis":"x","origin":[6.799999,10.4,5.0]},"faces":{"down":{"uv":[13.75,3.25,11.375,3.375],"rotation":0,"texture":"#0","tintindex":0},"east":{"uv":[12.5,5.125,12.625,5.5],"rotation":0,"texture":"#0","tintindex":0},"north":{"uv":[9.625,7.375,12.0,7.75],"rotation":0,"texture":"#0","tintindex":0},"south":{"uv":[9.625,7.375,12.0,7.75],"rotation":0,"texture":"#0","tintindex":0},"up":{"uv":[13.75,3.25,11.375,3.125],"rotation":0,"texture":"#0","tintindex":0},"west":{"uv":[12.5,5.5,12.625,5.875],"rotation":0,"texture":"#0","tintindex":0}}},{"name":"cube","from":[21.2,12.8,8.6],"to":[21.2,12.8,8.6],"rotation":{"angle":0.0,"axis":"x","origin":[6.799999,10.4,5.0]},"faces":{"down":{"uv":[0.0,0.0,0.0,0.0],"rotation":0,"texture":"#0","tintindex":0},"east":{"uv":[0.0,0.0,0.0,0.0],"rotation":0,"texture":"#0","tintindex":0},"north":{"uv":[0.0,0.0,0.0,0.0],"rotation":0,"texture":"#0","tintindex":0},"south":{"uv":[0.0,0.0,0.0,0.0],"rotation":0,"texture":"#0","tintindex":0},"up":{"uv":[0.0,0.0,0.0,0.0],"rotation":0,"texture":"#0","tintindex":0},"west":{"uv":[0.0,0.0,0.0,0.0],"rotation":0,"texture":"#0","tintindex":0}}},{"name":"cube","from":[21.2,11.0,8.6],"to":[21.2,11.0,8.6],"rotation":{"angle":0.0,"axis":"x","origin":[6.799999,10.4,5.0]},"faces":{"down":{"uv":[0.0,0.0,0.0,0.0],"rotation":0,"texture":"#0","tintindex":0},"east":{"uv":[0.0,0.0,0.0,0.0],"rotation":0,"texture":"#0","tintindex":0},"north":{"uv":[0.0,0.0,0.0,0.0],"rotation":0,"texture":"#0","tintindex":0},"south":{"uv":[0.0,0.0,0.0,0.0],"rotation":0,"texture":"#0","tintindex":0},"up":{"uv":[0.0,0.0,0.0,0.0],"rotation":0,"texture":"#0","tintindex":0},"west":{"uv":[0.0,0.0,0.0,0.0],"rotation":0,"texture":"#0","tintindex":0}}},{"name":"cube","from":[16.400002,8.0,5.0],"to":[24.2,17.6,5.6],"rotation":{"angle":22.5,"axis":"y","origin":[12.200001,8.0,20.0]},"faces":{"down":{"uv":[13.75,3.5,12.125,3.625],"rotation":0,"texture":"#0","tintindex":0},"east":{"uv":[9.25,11.375,9.375,13.375],"rotation":0,"texture":"#0","tintindex":0},"north":{"uv":[1.625,4.375,3.25,6.375],"rotation":0,"texture":"#0","tintindex":0},"south":{"uv":[5.375,3.75,7.0,5.75],"rotation":0,"texture":"#0","tintindex":0},"up":{"uv":[13.75,3.5,12.125,3.375],"rotation":0,"texture":"#0","tintindex":0},"west":{"uv":[9.375,11.375,9.5,13.375],"rotation":0,"texture":"#0","tintindex":0}}},{"name":"cube","from":[16.400002,8.0,12.2],"to":[24.2,17.6,12.8],"rotation":{"angle":22.5,"axis":"y","origin":[12.200001,8.0,20.0]},"faces":{"down":{"uv":[13.0,12.0,11.375,12.125],"rotation":0,"texture":"#0","tintindex":0},"east":{"uv":[6.125,11.375,6.25,13.375],"rotation":0,"texture":"#0","tintindex":0},"north":{"uv":[3.75,3.75,5.375,5.75],"rotation":0,"texture":"#0","tintindex":0},"south":{"uv":[3.25,4.375,1.625,6.375],"rotation":0,"texture":"#0","tintindex":0},"up":{"uv":[13.625,9.625,12.0,9.5],"rotation":0,"texture":"#0","tintindex":0},"west":{"uv":[6.25,11.375,6.375,13.375],"rotation":0,"texture":"#0","tintindex":0}}},{"name":"cube","from":[23.599998,8.0,5.6],"to":[24.2,17.6,12.2],"rotation":{"angle":22.5,"axis":"y","origin":[12.200001,8.0,20.0]},"faces":{"down":{"uv":[8.25,1.625,8.125,3.0],"rotation":0,"texture":"#0","tintindex":0},"east":{"uv":[4.125,7.125,2.75,9.125],"rotation":0,"texture":"#0","tintindex":0},"north":{"uv":[9.5,11.375,9.625,13.375],"rotation":0,"texture":"#0","tintindex":0},"south":{"uv":[9.625,11.375,9.75,13.375],"rotation":0,"texture":"#0","tintindex":0},"up":{"uv":[3.75,5.75,3.625,4.375],"rotation":0,"texture":"#0","tintindex":0},"west":{"uv":[1.375,6.375,2.75,8.375],"rotation":0,"texture":"#0","tintindex":0}}},{"name":"cube","from":[16.400002,8.0,5.6],"to":[17.0,17.6,12.2],"rotation":{"angle":22.5,"axis":"y","origin":[12.200001,8.0,20.0]},"faces":{"down":{"uv":[5.125,12.125,5.0,13.5],"rotation":0,"texture":"#0","tintindex":0},"east":{"uv":[7.0,3.5,8.375,5.5],"rotation":0,"texture":"#0","tintindex":0},"north":{"uv":[9.75,11.375,9.875,13.375],"rotation":0,"texture":"#0","tintindex":0},"south":{"uv":[9.875,11.375,10.0,13.375],"rotation":0,"texture":"#0","tintindex":0},"up":{"uv":[12.25,6.125,12.125,4.75],"rotation":0,"texture":"#0","tintindex":0},"west":{"uv":[2.75,7.125,4.125,9.125],"rotation":0,"texture":"#0","tintindex":0}}},{"name":"cube","from":[17.0,8.0,5.6],"to":[23.599998,15.8,12.2],"rotation":{"angle":22.5,"axis":"y","origin":[12.200001,8.0,20.0]},"faces":{"down":{"uv":[9.75,3.375,8.375,4.75],"rotation":0,"texture":"#0","tintindex":0},"east":{"uv":[4.125,7.125,5.5,8.75],"rotation":0,"texture":"#0","tintindex":0},"north":{"uv":[6.875,0.0,8.25,1.625],"rotation":0,"texture":"#0","tintindex":0},"south":{"uv":[5.5,7.125,6.875,8.75],"rotation":0,"texture":"#0","tintindex":0},"up":{"uv":[2.625,9.75,1.25,8.375],"rotation":0,"texture":"#0","tintindex":0},"west":{"uv":[6.875,7.125,8.25,8.75],"rotation":0,"texture":"#0","tintindex":0}}},{"name":"cube","from":[15.799999,15.8,4.3999996],"to":[24.8,16.400002,13.400001],"rotation":{"angle":22.5,"axis":"y","origin":[12.200001,8.0,20.0]},"faces":{"down":{"uv":[5.625,1.875,3.75,3.75],"rotation":0,"texture":"#0","tintindex":0},"east":{"uv":[11.875,7.75,13.75,7.875],"rotation":0,"texture":"#0","tintindex":0},"north":{"uv":[11.875,2.75,13.75,2.875],"rotation":0,"texture":"#0","tintindex":0},"south":{"uv":[11.875,7.875,13.75,8.0],"rotation":0,"texture":"#0","tintindex":0},"up":{"uv":[5.125,1.875,3.25,0.0],"rotation":0,"texture":"#0","tintindex":0},"west":{"uv":[11.875,8.0,13.75,8.125],"rotation":0,"texture":"#0","tintindex":0}}},{"name":"cube","from":[15.799999,9.2,4.3999996],"to":[24.8,9.8,13.400001],"rotation":{"angle":22.5,"axis":"y","origin":[12.200001,8.0,20.0]},"faces":{"down":{"uv":[5.625,1.875,3.75,3.75],"rotation":0,"texture":"#0","tintindex":0},"east":{"uv":[11.875,7.75,13.75,7.875],"rotation":0,"texture":"#0","tintindex":0},"north":{"uv":[11.875,2.75,13.75,2.875],"rotation":0,"texture":"#0","tintindex":0},"south":{"uv":[11.875,7.875,13.75,8.0],"rotation":0,"texture":"#0","tintindex":0},"up":{"uv":[5.125,1.875,3.25,0.0],"rotation":0,"texture":"#0","tintindex":0},"west":{"uv":[11.875,8.0,13.75,8.125],"rotation":0,"texture":"#0","tintindex":0}}},{"name":"cube","from":[0.79999924,11.098518,-1.0082631],"to":[11.599999,13.498518,-0.40826297],"rotation":{"angle":-22.5,"axis":"y","origin":[6.799999,8.998518,0.04173708]},"faces":{"down":{"uv":[13.625,11.625,11.375,11.75],"rotation":0,"texture":"#0","tintindex":0},"east":{"uv":[8.5,12.375,8.625,12.875],"rotation":0,"texture":"#0","tintindex":0},"north":{"uv":[8.875,7.75,11.125,8.25],"rotation":0,"texture":"#0","tintindex":0},"south":{"uv":[8.875,7.75,11.125,8.25],"rotation":0,"texture":"#0","tintindex":0},"up":{"uv":[13.625,11.625,11.375,11.5],"rotation":0,"texture":"#0","tintindex":0},"west":{"uv":[8.625,12.375,8.75,12.875],"rotation":0,"texture":"#0","tintindex":0}}},{"name":"cube","from":[9.2,8.098518,-0.40826297],"to":[10.999999,13.498518,0.19173694],"rotation":{"angle":-22.5,"axis":"y","origin":[6.799999,8.998518,0.04173708]},"faces":{"down":{"uv":[5.5,1.75,5.125,1.875],"rotation":0,"texture":"#0","tintindex":0},"east":{"uv":[5.625,12.125,5.75,13.25],"rotation":0,"texture":"#0","tintindex":0},"north":{"uv":[3.25,4.375,3.625,5.5],"rotation":0,"texture":"#0","tintindex":0},"south":{"uv":[8.5,11.25,8.875,12.375],"rotation":0,"texture":"#0","tintindex":0},"up":{"uv":[3.625,2.5,3.25,2.375],"rotation":0,"texture":"#0","tintindex":0},"west":{"uv":[5.75,12.125,5.875,13.25],"rotation":0,"texture":"#0","tintindex":0}}},{"name":"cube","from":[1.3999991,8.098518,-0.40826297],"to":[3.1999993,13.498518,0.19173694],"rotation":{"angle":-22.5,"axis":"y","origin":[6.799999,8.998518,0.04173708]},"faces":{"down":{"uv":[9.25,8.75,8.875,8.875],"rotation":0,"texture":"#0","tintindex":0},"east":{"uv":[5.875,12.125,6.0,13.25],"rotation":0,"texture":"#0","tintindex":0},"north":{"uv":[8.875,11.25,9.25,12.375],"rotation":0,"texture":"#0","tintindex":0},"south":{"uv":[10.0,11.25,10.375,12.375],"rotation":0,"texture":"#0","tintindex":0},"up":{"uv":[7.25,1.75,6.875,1.625],"rotation":0,"texture":"#0","tintindex":0},"west":{"uv":[6.0,12.125,6.125,13.25],"rotation":0,"texture":"#0","tintindex":0}}},{"name":"cube","from":[1.999999,11.998518,-1.608263],"to":[2.5999994,12.598518,-1.0082631],"rotation":{"angle":-22.5,"axis":"y","origin":[6.799999,8.998518,0.04173708]},"faces":{"down":{"uv":[7.75,9.75,7.625,9.875],"rotation":0,"texture":"#0","tintindex":0},"east":{"uv":[8.25,3.375,8.375,3.5],"rotation":0,"texture":"#0","tintindex":0},"north":{"uv":[8.125,7.0,8.25,7.125],"rotation":0,"texture":"#0","tintindex":0},"south":{"uv":[2.625,9.0,2.75,9.125],"rotation":0,"texture":"#0","tintindex":0},"up":{"uv":[7.625,9.875,7.5,9.75],"rotation":0,"texture":"#0","tintindex":0},"west":{"uv":[7.375,9.75,7.5,9.875],"rotation":0,"texture":"#0","tintindex":0}}},{"name":"cube","from":[1.999999,8.998518,-1.608263],"to":[2.5999994,9.598518,-1.0082631],"rotation":{"angle":-22.5,"axis":"y","origin":[6.799999,8.998518,0.04173708]},"faces":{"down":{"uv":[12.75,1.625,12.625,1.75],"rotation":0,"texture":"#0","tintindex":0},"east":{"uv":[12.25,4.375,12.375,4.5],"rotation":0,"texture":"#0","tintindex":0},"north":{"uv":[12.125,4.375,12.25,4.5],"rotation":0,"texture":"#0","tintindex":0},"south":{"uv":[12.375,7.25,12.5,7.375],"rotation":0,"texture":"#0","tintindex":0},"up":{"uv":[12.75,1.625,12.625,1.5],"rotation":0,"texture":"#0","tintindex":0},"west":{"uv":[12.625,1.375,12.75,1.5],"rotation":0,"texture":"#0","tintindex":0}}},{"name":"cube","from":[9.799999,11.998518,-1.608263],"to":[10.4,12.598518,-1.0082631],"rotation":{"angle":-22.5,"axis":"y","origin":[6.799999,8.998518,0.04173708]},"faces":{"down":{"uv":[10.25,8.75,10.125,8.875],"rotation":0,"texture":"#0","tintindex":0},"east":{"uv":[7.875,9.75,8.0,9.875],"rotation":0,"texture":"#0","tintindex":0},"north":{"uv":[7.75,9.75,7.875,9.875],"rotation":0,"texture":"#0","tintindex":0},"south":{"uv":[9.75,8.75,9.875,8.875],"rotation":0,"texture":"#0","tintindex":0},"up":{"uv":[10.125,8.875,10.0,8.75],"rotation":0,"texture":"#0","tintindex":0},"west":{"uv":[9.875,8.75,10.0,8.875],"rotation":0,"texture":"#0","tintindex":0}}},{"name":"cube","from":[9.799999,8.998518,-1.608263],"to":[10.4,9.598518,-1.0082631],"rotation":{"angle":-22.5,"axis":"y","origin":[6.799999,8.998518,0.04173708]},"faces":{"down":{"uv":[6.375,10.625,6.25,10.75],"rotation":0,"texture":"#0","tintindex":0},"east":{"uv":[9.375,10.5,9.5,10.625],"rotation":0,"texture":"#0","tintindex":0},"north":{"uv":[9.25,10.5,9.375,10.625],"rotation":0,"texture":"#0","tintindex":0},"south":{"uv":[5.875,10.625,6.0,10.75],"rotation":0,"texture":"#0","tintindex":0},"up":{"uv":[6.25,10.75,6.125,10.625],"rotation":0,"texture":"#0","tintindex":0},"west":{"uv":[6.0,10.625,6.125,10.75],"rotation":0,"texture":"#0","tintindex":0}}},{"name":"cube","from":[0.79999924,8.098518,-1.0082631],"to":[11.599999,10.498518,-0.40826297],"rotation":{"angle":-22.5,"axis":"y","origin":[6.799999,8.998518,0.04173708]},"faces":{"down":{"uv":[14.125,1.875,11.875,2.0],"rotation":0,"texture":"#0","tintindex":0},"east":{"uv":[8.75,12.375,8.875,12.875],"rotation":0,"texture":"#0","tintindex":0},"north":{"uv":[8.875,8.25,11.125,8.75],"rotation":0,"texture":"#0","tintindex":0},"south":{"uv":[8.875,7.75,11.125,8.25],"rotation":0,"texture":"#0","tintindex":0},"up":{"uv":[13.625,11.875,11.375,11.75],"rotation":0,"texture":"#0","tintindex":0},"west":{"uv":[8.875,12.375,9.0,12.875],"rotation":0,"texture":"#0","tintindex":0}}},{"name":"cube","from":[-2.8000011,10.1,0.7999997],"to":[8.599999,11.900001,1.3999997],"rotation":{"angle":0.0,"axis":"x","origin":[6.799999,10.4,5.0]},"faces":{"down":{"uv":[13.75,3.25,11.375,3.375],"rotation":0,"texture":"#0","tintindex":0},"east":{"uv":[12.5,5.125,12.625,5.5],"rotation":0,"texture":"#0","tintindex":0},"north":{"uv":[9.625,7.375,12.0,7.75],"rotation":0,"texture":"#0","tintindex":0},"south":{"uv":[9.625,7.375,12.0,7.75],"rotation":0,"texture":"#0","tintindex":0},"up":{"uv":[13.75,3.25,11.375,3.125],"rotation":0,"texture":"#0","tintindex":0},"west":{"uv":[12.5,5.5,12.625,5.875],"rotation":0,"texture":"#0","tintindex":0}}},{"name":"cube","from":[-2.8000011,12.2,8.0],"to":[8.599999,14.0,8.6],"rotation":{"angle":0.0,"axis":"x","origin":[6.799999,10.4,5.0]},"faces":{"down":{"uv":[13.75,3.25,11.375,3.375],"rotation":0,"texture":"#0","tintindex":0},"east":{"uv":[12.5,5.125,12.625,5.5],"rotation":0,"texture":"#0","tintindex":0},"north":{"uv":[9.625,7.375,12.0,7.75],"rotation":0,"texture":"#0","tintindex":0},"south":{"uv":[9.625,7.375,12.0,7.75],"rotation":0,"texture":"#0","tintindex":0},"up":{"uv":[13.75,3.25,11.375,3.125],"rotation":0,"texture":"#0","tintindex":0},"west":{"uv":[12.5,5.5,12.625,5.875],"rotation":0,"texture":"#0","tintindex":0}}},{"name":"cube","from":[-2.8000011,10.1,8.0],"to":[8.599999,11.900001,8.6],"rotation":{"angle":0.0,"axis":"x","origin":[6.799999,10.4,5.0]},"faces":{"down":{"uv":[13.75,3.25,11.375,3.375],"rotation":0,"texture":"#0","tintindex":0},"east":{"uv":[12.5,5.125,12.625,5.5],"rotation":0,"texture":"#0","tintindex":0},"north":{"uv":[9.625,7.375,12.0,7.75],"rotation":0,"texture":"#0","tintindex":0},"south":{"uv":[9.625,7.375,12.0,7.75],"rotation":0,"texture":"#0","tintindex":0},"up":{"uv":[13.75,3.25,11.375,3.125],"rotation":0,"texture":"#0","tintindex":0},"west":{"uv":[12.5,5.5,12.625,5.875],"rotation":0,"texture":"#0","tintindex":0}}},{"name":"cube","from":[-2.8000011,8.0,8.0],"to":[8.599999,9.8,8.6],"rotation":{"angle":0.0,"axis":"x","origin":[6.799999,10.4,5.0]},"faces":{"down":{"uv":[13.75,3.25,11.375,3.375],"rotation":0,"texture":"#0","tintindex":0},"east":{"uv":[12.5,5.125,12.625,5.5],"rotation":0,"texture":"#0","tintindex":0},"north":{"uv":[9.625,7.375,12.0,7.75],"rotation":0,"texture":"#0","tintindex":0},"south":{"uv":[9.625,7.375,12.0,7.75],"rotation":0,"texture":"#0","tintindex":0},"up":{"uv":[13.75,3.25,11.375,3.125],"rotation":0,"texture":"#0","tintindex":0},"west":{"uv":[12.5,5.5,12.625,5.875],"rotation":0,"texture":"#0","tintindex":0}}},{"name":"cube","from":[31.400002,12.8,8.6],"to":[32.0,12.8,8.6],"rotation":{"angle":0.0,"axis":"x","origin":[6.799999,10.4,5.0]},"faces":{"down":{"uv":[0.125,0.0,0.0,0.0],"rotation":0,"texture":"#0","tintindex":0},"east":{"uv":[0.0,0.0,0.0,0.0],"rotation":0,"texture":"#0","tintindex":0},"north":{"uv":[0.0,0.0,0.125,0.0],"rotation":0,"texture":"#0","tintindex":0},"south":{"uv":[0.0,0.0,0.125,0.0],"rotation":0,"texture":"#0","tintindex":0},"up":{"uv":[0.125,0.0,0.0,0.0],"rotation":0,"texture":"#0","tintindex":0},"west":{"uv":[0.0,0.0,0.0,0.0],"rotation":0,"texture":"#0","tintindex":0}}},{"name":"cube","from":[-2.200001,8.6,1.3999997],"to":[-1.6000009,13.400001,8.0],"rotation":{"angle":0.0,"axis":"x","origin":[6.799999,10.4,5.0]},"faces":{"down":{"uv":[5.625,12.125,5.5,13.5],"rotation":0,"texture":"#0","tintindex":0},"east":{"uv":[8.875,2.0,10.25,3.0],"rotation":0,"texture":"#0","tintindex":0},"north":{"uv":[12.25,4.75,12.375,5.75],"rotation":0,"texture":"#0","tintindex":0},"south":{"uv":[12.375,4.75,12.5,5.75],"rotation":0,"texture":"#0","tintindex":0},"up":{"uv":[5.5,13.5,5.375,12.125],"rotation":0,"texture":"#0","tintindex":0},"west":{"uv":[8.875,2.0,10.25,3.0],"rotation":0,"texture":"#0","tintindex":0}}},{"name":"cube","from":[7.3999996,8.6,1.3999997],"to":[7.999999,13.400001,8.0],"rotation":{"angle":0.0,"axis":"x","origin":[6.799999,10.4,5.0]},"faces":{"down":{"uv":[5.625,12.125,5.5,13.5],"rotation":0,"texture":"#0","tintindex":0},"east":{"uv":[8.875,2.0,10.25,3.0],"rotation":0,"texture":"#0","tintindex":0},"north":{"uv":[12.25,4.75,12.375,5.75],"rotation":0,"texture":"#0","tintindex":0},"south":{"uv":[12.375,4.75,12.5,5.75],"rotation":0,"texture":"#0","tintindex":0},"up":{"uv":[5.5,13.5,5.375,12.125],"rotation":0,"texture":"#0","tintindex":0},"west":{"uv":[8.875,2.0,10.25,3.0],"rotation":0,"texture":"#0","tintindex":0}}},{"name":"cube","from":[-14.200002,8.3,12.8],"to":[-8.200001,8.3,18.8],"rotation":{"angle":45.0,"axis":"y","origin":[-14.800001,8.3,15.8]},"faces":{"down":{"uv":[5.375,8.75,4.125,10.0],"rotation":0,"texture":"#0","tintindex":0},"east":{"uv":[0.0,0.0,1.25,0.0],"rotation":0,"texture":"#0","tintindex":0},"north":{"uv":[0.0,0.0,1.25,0.0],"rotation":0,"texture":"#0","tintindex":0},"south":{"uv":[0.0,0.0,1.25,0.0],"rotation":0,"texture":"#0","tintindex":0},"up":{"uv":[5.375,10.0,4.125,8.75],"rotation":0,"texture":"#0","tintindex":0},"west":{"uv":[0.0,0.0,1.25,0.0],"rotation":0,"texture":"#0","tintindex":0}}},{"name":"cube","from":[-2.200001,8.0,1.3999997],"to":[7.999999,8.6,8.0],"rotation":{"angle":0.0,"axis":"x","origin":[6.799999,10.4,5.0]},"faces":{"down":{"uv":[5.375,7.125,3.25,5.75],"rotation":0,"texture":"#0","tintindex":0},"east":{"uv":[5.625,3.5,7.0,3.625],"rotation":0,"texture":"#0","tintindex":0},"north":{"uv":[11.875,2.0,14.0,2.125],"rotation":0,"texture":"#0","tintindex":0},"south":{"uv":[11.875,2.125,14.0,2.25],"rotation":0,"texture":"#0","tintindex":0},"up":{"uv":[5.375,7.125,3.25,5.75],"rotation":0,"texture":"#0","tintindex":0},"west":{"uv":[5.625,3.625,7.0,3.75],"rotation":0,"texture":"#0","tintindex":0}}}],"display":{"head":{"translation":[15.680003,-6.4,0.0],"rotation":[0.0,0.0,0.0],"scale":[3.8095,3.8095,3.8095]}}}