{"textures":{"0":"modelengine:entity/rpg3_speed_pad","1":"modelengine:entity/speed_pad_particle"},"elements":[{"name":"cube","from":[7.704576,6.2,3.1821895],"to":[8.604576,9.8,7.68219],"rotation":{"angle":45.0,"axis":"y","origin":[8.604576,6.6499996,3.8121896]},"faces":{"down":{"uv":[2.0,2.0,1.0,3.0],"rotation":0,"texture":"#1","tintindex":0},"east":{"uv":[4.0,4.0,5.0,8.0],"rotation":0,"texture":"#1","tintindex":0},"north":{"uv":[4.0,4.0,5.0,8.0],"rotation":0,"texture":"#1","tintindex":0},"south":{"uv":[4.0,4.0,5.0,8.0],"rotation":0,"texture":"#1","tintindex":0},"up":{"uv":[1.0,3.0,0.0,2.0],"rotation":0,"texture":"#1","tintindex":0},"west":{"uv":[0.0,4.0,5.0,8.0],"rotation":0,"texture":"#1","tintindex":0}}},{"name":"cube","from":[4.104576,6.2,3.1821895],"to":[7.704576,9.8,4.08219],"rotation":{"angle":45.0,"axis":"y","origin":[8.604576,6.6499996,3.8121896]},"faces":{"down":{"uv":[8.0,8.0,4.0,9.0],"rotation":0,"texture":"#1","tintindex":0},"east":{"uv":[2.0,2.0,3.0,3.0],"rotation":0,"texture":"#1","tintindex":0},"north":{"uv":[4.0,4.0,5.0,8.0],"rotation":0,"texture":"#1","tintindex":0},"south":{"uv":[4.0,4.0,5.0,8.0],"rotation":0,"texture":"#1","tintindex":0},"up":{"uv":[8.0,9.0,4.0,8.0],"rotation":0,"texture":"#1","tintindex":0},"west":{"uv":[4.0,4.0,5.0,8.0],"rotation":0,"texture":"#1","tintindex":0}}},{"name":"cube","from":[7.704576,6.2,5.7921896],"to":[8.604576,9.8,10.292191],"rotation":{"angle":45.0,"axis":"y","origin":[8.604576,6.6499996,6.51219]},"faces":{"down":{"uv":[2.0,2.0,1.0,3.0],"rotation":0,"texture":"#1","tintindex":0},"east":{"uv":[4.0,4.0,5.0,8.0],"rotation":0,"texture":"#1","tintindex":0},"north":{"uv":[4.0,4.0,5.0,8.0],"rotation":0,"texture":"#1","tintindex":0},"south":{"uv":[4.0,4.0,5.0,8.0],"rotation":0,"texture":"#1","tintindex":0},"up":{"uv":[1.0,3.0,0.0,2.0],"rotation":0,"texture":"#1","tintindex":0},"west":{"uv":[0.0,4.0,5.0,8.0],"rotation":0,"texture":"#1","tintindex":0}}},{"name":"cube","from":[4.104576,6.2,5.7921896],"to":[7.704576,9.8,6.6921897],"rotation":{"angle":45.0,"axis":"y","origin":[8.604576,6.6499996,6.51219]},"faces":{"down":{"uv":[8.0,8.0,4.0,9.0],"rotation":0,"texture":"#1","tintindex":0},"east":{"uv":[2.0,2.0,3.0,3.0],"rotation":0,"texture":"#1","tintindex":0},"north":{"uv":[4.0,4.0,5.0,8.0],"rotation":0,"texture":"#1","tintindex":0},"south":{"uv":[4.0,4.0,5.0,8.0],"rotation":0,"texture":"#1","tintindex":0},"up":{"uv":[8.0,9.0,4.0,8.0],"rotation":0,"texture":"#1","tintindex":0},"west":{"uv":[4.0,4.0,5.0,8.0],"rotation":0,"texture":"#1","tintindex":0}}},{"name":"cube","from":[7.704576,6.2,8.26719],"to":[8.604576,9.8,12.76719],"rotation":{"angle":45.0,"axis":"y","origin":[8.604576,6.6499996,8.98719]},"faces":{"down":{"uv":[2.0,2.0,1.0,3.0],"rotation":0,"texture":"#1","tintindex":0},"east":{"uv":[4.0,4.0,5.0,8.0],"rotation":0,"texture":"#1","tintindex":0},"north":{"uv":[4.0,4.0,5.0,8.0],"rotation":0,"texture":"#1","tintindex":0},"south":{"uv":[4.0,4.0,5.0,8.0],"rotation":0,"texture":"#1","tintindex":0},"up":{"uv":[1.0,3.0,0.0,2.0],"rotation":0,"texture":"#1","tintindex":0},"west":{"uv":[0.0,4.0,5.0,8.0],"rotation":0,"texture":"#1","tintindex":0}}},{"name":"cube","from":[4.104576,6.2,8.26719],"to":[7.704576,9.8,9.16719],"rotation":{"angle":45.0,"axis":"y","origin":[8.604576,6.6499996,8.98719]},"faces":{"down":{"uv":[8.0,8.0,4.0,9.0],"rotation":0,"texture":"#1","tintindex":0},"east":{"uv":[2.0,2.0,3.0,3.0],"rotation":0,"texture":"#1","tintindex":0},"north":{"uv":[4.0,4.0,5.0,8.0],"rotation":0,"texture":"#1","tintindex":0},"south":{"uv":[4.0,4.0,5.0,8.0],"rotation":0,"texture":"#1","tintindex":0},"up":{"uv":[8.0,9.0,4.0,8.0],"rotation":0,"texture":"#1","tintindex":0},"west":{"uv":[4.0,4.0,5.0,8.0],"rotation":0,"texture":"#1","tintindex":0}}},{"name":"cube inverted","from":[7.704576,9.8,9.16719],"to":[4.104576,6.2,8.26719],"rotation":{"angle":45.0,"axis":"y","origin":[8.604576,6.6499996,8.98719]},"faces":{"down":{"uv":[4.0,9.0,8.0,8.0],"rotation":0,"texture":"#1","tintindex":0},"east":{"uv":[4.0,8.0,5.0,4.0],"rotation":0,"texture":"#1","tintindex":0},"north":{"uv":[4.0,8.0,5.0,4.0],"rotation":0,"texture":"#1","tintindex":0},"south":{"uv":[4.0,8.0,5.0,4.0],"rotation":0,"texture":"#1","tintindex":0},"up":{"uv":[4.0,8.0,8.0,9.0],"rotation":0,"texture":"#1","tintindex":0},"west":{"uv":[2.0,3.0,3.0,2.0],"rotation":0,"texture":"#1","tintindex":0}}},{"name":"cube inverted","from":[8.604576,9.8,12.76719],"to":[7.704576,6.2,8.26719],"rotation":{"angle":45.0,"axis":"y","origin":[8.604576,6.6499996,8.98719]},"faces":{"down":{"uv":[0.0,3.0,1.0,2.0],"rotation":0,"texture":"#1","tintindex":0},"east":{"uv":[0.0,8.0,5.0,4.0],"rotation":0,"texture":"#1","tintindex":0},"north":{"uv":[4.0,8.0,5.0,4.0],"rotation":0,"texture":"#1","tintindex":0},"south":{"uv":[4.0,8.0,5.0,4.0],"rotation":0,"texture":"#1","tintindex":0},"up":{"uv":[1.0,2.0,2.0,3.0],"rotation":0,"texture":"#1","tintindex":0},"west":{"uv":[4.0,8.0,5.0,4.0],"rotation":0,"texture":"#1","tintindex":0}}},{"name":"cube inverted","from":[8.604576,9.8,10.292191],"to":[7.704576,6.2,5.7921896],"rotation":{"angle":45.0,"axis":"y","origin":[8.604576,6.6499996,6.51219]},"faces":{"down":{"uv":[0.0,3.0,1.0,2.0],"rotation":0,"texture":"#1","tintindex":0},"east":{"uv":[0.0,8.0,5.0,4.0],"rotation":0,"texture":"#1","tintindex":0},"north":{"uv":[4.0,8.0,5.0,4.0],"rotation":0,"texture":"#1","tintindex":0},"south":{"uv":[4.0,8.0,5.0,4.0],"rotation":0,"texture":"#1","tintindex":0},"up":{"uv":[1.0,2.0,2.0,3.0],"rotation":0,"texture":"#1","tintindex":0},"west":{"uv":[4.0,8.0,5.0,4.0],"rotation":0,"texture":"#1","tintindex":0}}},{"name":"cube inverted","from":[7.704576,9.8,6.6921897],"to":[4.104576,6.2,5.7921896],"rotation":{"angle":45.0,"axis":"y","origin":[8.604576,6.6499996,6.51219]},"faces":{"down":{"uv":[4.0,9.0,8.0,8.0],"rotation":0,"texture":"#1","tintindex":0},"east":{"uv":[4.0,8.0,5.0,4.0],"rotation":0,"texture":"#1","tintindex":0},"north":{"uv":[4.0,8.0,5.0,4.0],"rotation":0,"texture":"#1","tintindex":0},"south":{"uv":[4.0,8.0,5.0,4.0],"rotation":0,"texture":"#1","tintindex":0},"up":{"uv":[4.0,8.0,8.0,9.0],"rotation":0,"texture":"#1","tintindex":0},"west":{"uv":[2.0,3.0,3.0,2.0],"rotation":0,"texture":"#1","tintindex":0}}},{"name":"cube inverted","from":[8.604576,9.8,7.68219],"to":[7.704576,6.2,3.1821895],"rotation":{"angle":45.0,"axis":"y","origin":[8.604576,6.6499996,3.8121896]},"faces":{"down":{"uv":[0.0,3.0,1.0,2.0],"rotation":0,"texture":"#1","tintindex":0},"east":{"uv":[0.0,8.0,5.0,4.0],"rotation":0,"texture":"#1","tintindex":0},"north":{"uv":[4.0,8.0,5.0,4.0],"rotation":0,"texture":"#1","tintindex":0},"south":{"uv":[4.0,8.0,5.0,4.0],"rotation":0,"texture":"#1","tintindex":0},"up":{"uv":[1.0,2.0,2.0,3.0],"rotation":0,"texture":"#1","tintindex":0},"west":{"uv":[4.0,8.0,5.0,4.0],"rotation":0,"texture":"#1","tintindex":0}}},{"name":"cube inverted","from":[7.704576,9.8,4.08219],"to":[4.104576,6.2,3.1821895],"rotation":{"angle":45.0,"axis":"y","origin":[8.604576,6.6499996,3.8121896]},"faces":{"down":{"uv":[4.0,9.0,8.0,8.0],"rotation":0,"texture":"#1","tintindex":0},"east":{"uv":[4.0,8.0,5.0,4.0],"rotation":0,"texture":"#1","tintindex":0},"north":{"uv":[4.0,8.0,5.0,4.0],"rotation":0,"texture":"#1","tintindex":0},"south":{"uv":[4.0,8.0,5.0,4.0],"rotation":0,"texture":"#1","tintindex":0},"up":{"uv":[4.0,8.0,8.0,9.0],"rotation":0,"texture":"#1","tintindex":0},"west":{"uv":[2.0,3.0,3.0,2.0],"rotation":0,"texture":"#1","tintindex":0}}}],"display":{"head":{"translation":[0.0,-6.4,0.0],"rotation":[0.0,0.0,0.0],"scale":[3.8095,3.8095,3.8095]}}}