{"textures":{"0":"modelengine:entity/rpg3_speed_pad","1":"modelengine:entity/speed_pad_particle"},"elements":[{"name":"cube","from":[-1.4500003,6.6499996,3.6799998],"to":[16.55,7.55,21.68],"rotation":{"angle":0.0,"axis":"x","origin":[-1.4500003,6.6499996,3.6799998]},"faces":{"down":{"uv":[5.0,5.0,0.0,10.0],"rotation":0,"texture":"#0","tintindex":0},"east":{"uv":[8.5,2.75,13.5,3.0],"rotation":0,"texture":"#0","tintindex":0},"north":{"uv":[8.5,2.5,13.5,2.75],"rotation":0,"texture":"#0","tintindex":0},"south":{"uv":[8.5,3.0,13.5,3.25],"rotation":0,"texture":"#0","tintindex":0},"up":{"uv":[5.0,5.0,0.0,0.0],"rotation":0,"texture":"#0","tintindex":0},"west":{"uv":[8.5,3.25,13.5,3.5],"rotation":0,"texture":"#0","tintindex":0}}},{"name":"cube","from":[-1.4500003,7.55,3.6799998],"to":[2.1499996,8.45,7.28],"rotation":{"angle":0.0,"axis":"x","origin":[-1.4500003,6.6499996,3.6799998]},"faces":{"down":{"uv":[9.5,4.5,8.5,5.5],"rotation":0,"texture":"#0","tintindex":0},"east":{"uv":[9.5,4.75,10.5,5.0],"rotation":0,"texture":"#0","tintindex":0},"north":{"uv":[9.5,4.5,10.5,4.75],"rotation":0,"texture":"#0","tintindex":0},"south":{"uv":[9.5,5.0,10.5,5.25],"rotation":0,"texture":"#0","tintindex":0},"up":{"uv":[9.5,4.5,8.5,3.5],"rotation":0,"texture":"#0","tintindex":0},"west":{"uv":[9.5,5.25,10.5,5.5],"rotation":0,"texture":"#0","tintindex":0}}},{"name":"cube","from":[12.95,7.55,3.6799998],"to":[16.55,8.45,7.28],"rotation":{"angle":0.0,"axis":"x","origin":[16.55,6.6499996,3.6799998]},"faces":{"down":{"uv":[7.0,8.5,6.0,9.5],"rotation":0,"texture":"#0","tintindex":0},"east":{"uv":[9.5,5.75,10.5,6.0],"rotation":0,"texture":"#0","tintindex":0},"north":{"uv":[9.5,5.5,10.5,5.75],"rotation":0,"texture":"#0","tintindex":0},"south":{"uv":[6.0,9.5,7.0,9.75],"rotation":0,"texture":"#0","tintindex":0},"up":{"uv":[9.5,6.5,8.5,5.5],"rotation":0,"texture":"#0","tintindex":0},"west":{"uv":[9.5,6.0,10.5,6.25],"rotation":0,"texture":"#0","tintindex":0}}},{"name":"cube","from":[12.95,7.55,18.08],"to":[16.55,8.45,21.68],"rotation":{"angle":0.0,"axis":"x","origin":[16.55,6.6499996,21.68]},"faces":{"down":{"uv":[10.0,7.5,9.0,8.5],"rotation":0,"texture":"#0","tintindex":0},"east":{"uv":[7.0,9.75,8.0,10.0],"rotation":0,"texture":"#0","tintindex":0},"north":{"uv":[6.0,9.75,7.0,10.0],"rotation":0,"texture":"#0","tintindex":0},"south":{"uv":[8.0,9.75,9.0,10.0],"rotation":0,"texture":"#0","tintindex":0},"up":{"uv":[10.0,7.5,9.0,6.5],"rotation":0,"texture":"#0","tintindex":0},"west":{"uv":[9.0,9.75,10.0,10.0],"rotation":0,"texture":"#0","tintindex":0}}},{"name":"cube","from":[-1.4500003,7.55,18.08],"to":[2.1499996,8.45,21.68],"rotation":{"angle":0.0,"axis":"x","origin":[-1.4500003,6.6499996,21.68]},"faces":{"down":{"uv":[9.0,8.5,8.0,9.5],"rotation":0,"texture":"#0","tintindex":0},"east":{"uv":[7.0,9.5,8.0,9.75],"rotation":0,"texture":"#0","tintindex":0},"north":{"uv":[9.5,6.25,10.5,6.5],"rotation":0,"texture":"#0","tintindex":0},"south":{"uv":[8.0,9.5,9.0,9.75],"rotation":0,"texture":"#0","tintindex":0},"up":{"uv":[8.0,9.5,7.0,8.5],"rotation":0,"texture":"#0","tintindex":0},"west":{"uv":[9.0,9.5,10.0,9.75],"rotation":0,"texture":"#0","tintindex":0}}},{"name":"cube","from":[1.2499998,6.425,5.48],"to":[13.85,8.225,6.38],"rotation":{"angle":45.0,"axis":"y","origin":[7.55,7.1,12.68]},"faces":{"down":{"uv":[13.0,3.75,9.5,4.0],"rotation":0,"texture":"#0","tintindex":0},"east":{"uv":[8.5,6.5,8.75,7.0],"rotation":0,"texture":"#0","tintindex":0},"north":{"uv":[8.5,0.5,12.0,1.0],"rotation":0,"texture":"#0","tintindex":0},"south":{"uv":[8.5,1.0,12.0,1.5],"rotation":0,"texture":"#0","tintindex":0},"up":{"uv":[13.0,3.75,9.5,3.5],"rotation":0,"texture":"#0","tintindex":0},"west":{"uv":[8.75,6.5,9.0,7.0],"rotation":0,"texture":"#0","tintindex":0}}},{"name":"cube","from":[1.2499998,6.425,18.98],"to":[13.85,8.225,19.880001],"rotation":{"angle":45.0,"axis":"y","origin":[7.55,7.1,12.68]},"faces":{"down":{"uv":[13.0,4.25,9.5,4.5],"rotation":0,"texture":"#0","tintindex":0},"east":{"uv":[0.0,10.0,0.25,10.5],"rotation":0,"texture":"#0","tintindex":0},"north":{"uv":[8.5,1.5,12.0,2.0],"rotation":0,"texture":"#0","tintindex":0},"south":{"uv":[8.5,2.0,12.0,2.5],"rotation":0,"texture":"#0","tintindex":0},"up":{"uv":[13.0,4.25,9.5,4.0],"rotation":0,"texture":"#0","tintindex":0},"west":{"uv":[0.25,10.0,0.5,10.5],"rotation":0,"texture":"#0","tintindex":0}}},{"name":"cube","from":[0.34999967,6.425,5.48],"to":[1.2499998,8.225,19.880001],"rotation":{"angle":45.0,"axis":"y","origin":[7.55,7.1,12.68]},"faces":{"down":{"uv":[6.0,8.5,5.75,12.5],"rotation":0,"texture":"#0","tintindex":0},"east":{"uv":[5.0,8.0,9.0,8.5],"rotation":0,"texture":"#0","tintindex":0},"north":{"uv":[1.0,10.0,1.25,10.5],"rotation":0,"texture":"#0","tintindex":0},"south":{"uv":[1.25,10.0,1.5,10.5],"rotation":0,"texture":"#0","tintindex":0},"up":{"uv":[5.75,12.5,5.5,8.5],"rotation":0,"texture":"#0","tintindex":0},"west":{"uv":[8.5,0.0,12.5,0.5],"rotation":0,"texture":"#0","tintindex":0}}},{"name":"cube","from":[1.2499998,6.875,6.38],"to":[13.85,7.775,18.98],"rotation":{"angle":45.0,"axis":"y","origin":[7.55,7.1,12.68]},"faces":{"down":{"uv":[8.5,3.5,5.0,7.0],"rotation":0,"texture":"#0","tintindex":0},"east":{"uv":[9.0,8.75,12.5,9.0],"rotation":0,"texture":"#0","tintindex":0},"north":{"uv":[9.0,8.5,12.5,8.75],"rotation":0,"texture":"#0","tintindex":0},"south":{"uv":[9.0,9.0,12.5,9.25],"rotation":0,"texture":"#0","tintindex":0},"up":{"uv":[8.5,3.5,5.0,0.0],"rotation":0,"texture":"#0","tintindex":0},"west":{"uv":[9.0,9.25,12.5,9.5],"rotation":0,"texture":"#0","tintindex":0}}},{"name":"cube","from":[13.85,6.425,5.48],"to":[14.75,8.225,19.880001],"rotation":{"angle":45.0,"axis":"y","origin":[7.55,7.1,12.68]},"faces":{"down":{"uv":[5.5,8.5,5.25,12.5],"rotation":0,"texture":"#0","tintindex":0},"east":{"uv":[5.0,7.0,9.0,7.5],"rotation":0,"texture":"#0","tintindex":0},"north":{"uv":[0.5,10.0,0.75,10.5],"rotation":0,"texture":"#0","tintindex":0},"south":{"uv":[0.75,10.0,1.0,10.5],"rotation":0,"texture":"#0","tintindex":0},"up":{"uv":[5.25,12.5,5.0,8.5],"rotation":0,"texture":"#0","tintindex":0},"west":{"uv":[5.0,7.5,9.0,8.0],"rotation":0,"texture":"#0","tintindex":0}}}],"display":{"head":{"translation":[0.0,-6.4,0.0],"rotation":[0.0,0.0,0.0],"scale":[3.8095,3.8095,3.8095]}}}