{"textures":{"0":"modelengine:entity/deadbeard3"},"elements":[{"name":"cube","from":[3.7999997,8.411907,7.9849305],"to":[11.6,12.311908,7.9849305],"rotation":{"angle":0.0,"axis":"x","origin":[5.0,13.511908,6.7849307]},"faces":{"down":{"uv":[3.25,7.625,1.625,8.625],"rotation":0,"texture":"#0","tintindex":0},"east":{"uv":[0.875,9.875,1.875,10.75],"rotation":0,"texture":"#0","tintindex":0},"north":{"uv":[7.75,3.0,9.375,3.875],"rotation":0,"texture":"#0","tintindex":0},"south":{"uv":[7.75,3.0,9.375,3.875],"rotation":0,"texture":"#0","tintindex":0},"up":{"uv":[1.625,8.625,0.0,7.625],"rotation":0,"texture":"#0","tintindex":0},"west":{"uv":[1.875,9.875,2.875,10.75],"rotation":0,"texture":"#0","tintindex":0}}},{"name":"cube","from":[10.4,7.34161,11.484858],"to":[10.4,10.34161,13.884856],"rotation":{"angle":22.5,"axis":"x","origin":[5.0,12.14161,8.484858]},"faces":{"down":{"uv":[12.625,7.0,11.5,7.5],"rotation":0,"texture":"#0","tintindex":0},"east":{"uv":[12.875,13.0,13.375,13.625],"rotation":0,"texture":"#0","tintindex":0},"north":{"uv":[7.0,6.375,8.125,7.0],"rotation":0,"texture":"#0","tintindex":0},"south":{"uv":[10.25,5.625,11.375,6.25],"rotation":0,"texture":"#0","tintindex":0},"up":{"uv":[12.625,0.5,11.5,0.0],"rotation":0,"texture":"#0","tintindex":0},"west":{"uv":[0.0,13.25,0.5,13.875],"rotation":0,"texture":"#0","tintindex":0}}},{"name":"cube","from":[5.0,7.34161,11.484858],"to":[5.0,10.34161,13.884856],"rotation":{"angle":22.5,"axis":"x","origin":[5.0,12.14161,8.484858]},"faces":{"down":{"uv":[12.625,7.0,11.5,7.5],"rotation":0,"texture":"#0","tintindex":0},"east":{"uv":[12.875,13.0,13.375,13.625],"rotation":0,"texture":"#0","tintindex":0},"north":{"uv":[7.0,6.375,8.125,7.0],"rotation":0,"texture":"#0","tintindex":0},"south":{"uv":[10.25,5.625,11.375,6.25],"rotation":0,"texture":"#0","tintindex":0},"up":{"uv":[12.625,0.5,11.5,0.0],"rotation":0,"texture":"#0","tintindex":0},"west":{"uv":[0.0,13.25,0.5,13.875],"rotation":0,"texture":"#0","tintindex":0}}},{"name":"cube","from":[5.0,7.34161,13.884856],"to":[10.4,10.34161,13.884856],"rotation":{"angle":22.5,"axis":"x","origin":[5.0,12.14161,8.484858]},"faces":{"down":{"uv":[12.625,7.0,11.5,7.5],"rotation":0,"texture":"#0","tintindex":0},"east":{"uv":[12.875,13.0,13.375,13.625],"rotation":0,"texture":"#0","tintindex":0},"north":{"uv":[10.25,5.625,11.375,6.25],"rotation":0,"texture":"#0","tintindex":0},"south":{"uv":[10.25,5.625,11.375,6.25],"rotation":0,"texture":"#0","tintindex":0},"up":{"uv":[12.625,0.5,11.5,0.0],"rotation":0,"texture":"#0","tintindex":0},"west":{"uv":[0.0,13.25,0.5,13.875],"rotation":0,"texture":"#0","tintindex":0}}},{"name":"cube","from":[3.7999997,9.627592,6.4899683],"to":[11.6,13.527593,6.4899683],"rotation":{"angle":-22.5,"axis":"x","origin":[5.0,14.727592,5.289968]},"faces":{"down":{"uv":[5.625,7.5,4.0,8.5],"rotation":0,"texture":"#0","tintindex":0},"east":{"uv":[5.75,4.0,6.75,4.875],"rotation":0,"texture":"#0","tintindex":0},"north":{"uv":[7.75,1.25,9.375,2.125],"rotation":0,"texture":"#0","tintindex":0},"south":{"uv":[7.75,1.25,9.375,2.125],"rotation":0,"texture":"#0","tintindex":0},"up":{"uv":[8.625,6.375,7.0,5.375],"rotation":0,"texture":"#0","tintindex":0},"west":{"uv":[9.625,0.0,10.625,0.875],"rotation":0,"texture":"#0","tintindex":0}}},{"name":"cube","from":[3.7999997,9.627592,11.2899685],"to":[11.6,13.527593,11.2899685],"rotation":{"angle":-22.5,"axis":"x","origin":[5.0,14.727592,5.289968]},"faces":{"down":{"uv":[5.625,7.5,4.0,8.5],"rotation":0,"texture":"#0","tintindex":0},"east":{"uv":[5.75,4.0,6.75,4.875],"rotation":0,"texture":"#0","tintindex":0},"north":{"uv":[7.75,2.125,9.375,3.0],"rotation":0,"texture":"#0","tintindex":0},"south":{"uv":[7.75,2.125,9.375,3.0],"rotation":0,"texture":"#0","tintindex":0},"up":{"uv":[8.625,6.375,7.0,5.375],"rotation":0,"texture":"#0","tintindex":0},"west":{"uv":[9.625,0.0,10.625,0.875],"rotation":0,"texture":"#0","tintindex":0}}},{"name":"cube","from":[5.6,5.0,8.75],"to":[9.8,8.45,9.8],"rotation":{"angle":22.5,"axis":"x","origin":[7.4,9.8,6.8]},"faces":{"down":{"uv":[14.25,2.625,13.375,2.875],"rotation":0,"texture":"#0","tintindex":0},"east":{"uv":[2.75,13.625,3.0,14.375],"rotation":0,"texture":"#0","tintindex":0},"north":{"uv":[9.0,11.0,9.875,11.75],"rotation":0,"texture":"#0","tintindex":0},"south":{"uv":[11.0,11.0,11.875,11.75],"rotation":0,"texture":"#0","tintindex":0},"up":{"uv":[12.75,11.875,11.875,11.625],"rotation":0,"texture":"#0","tintindex":0},"west":{"uv":[4.75,13.625,5.0,14.375],"rotation":0,"texture":"#0","tintindex":0}}},{"name":"cube","from":[6.2,1.9999998,7.55],"to":[9.2,4.25,11.0],"rotation":{"angle":0.0,"axis":"x","origin":[7.4,9.2,5.0]},"faces":{"down":{"uv":[10.125,12.125,9.5,12.875],"rotation":0,"texture":"#0","tintindex":0},"east":{"uv":[12.75,5.625,13.5,6.125],"rotation":0,"texture":"#0","tintindex":0},"north":{"uv":[12.875,11.125,13.5,11.625],"rotation":0,"texture":"#0","tintindex":0},"south":{"uv":[13.125,6.5,13.75,7.0],"rotation":0,"texture":"#0","tintindex":0},"up":{"uv":[9.5,12.875,8.875,12.125],"rotation":0,"texture":"#0","tintindex":0},"west":{"uv":[12.75,8.125,13.5,8.625],"rotation":0,"texture":"#0","tintindex":0}}},{"name":"cube","from":[3.7999997,5.6,9.2],"to":[11.6,8.6,13.400001],"rotation":{"angle":22.5,"axis":"x","origin":[7.4,9.2,5.0]},"faces":{"down":{"uv":[9.875,3.875,8.25,4.75],"rotation":0,"texture":"#0","tintindex":0},"east":{"uv":[11.875,11.875,12.75,12.5],"rotation":0,"texture":"#0","tintindex":0},"north":{"uv":[8.625,9.125,10.25,9.75],"rotation":0,"texture":"#0","tintindex":0},"south":{"uv":[2.625,9.25,4.25,9.875],"rotation":0,"texture":"#0","tintindex":0},"up":{"uv":[9.875,9.125,8.25,8.25],"rotation":0,"texture":"#0","tintindex":0},"west":{"uv":[11.875,4.125,12.75,4.75],"rotation":0,"texture":"#0","tintindex":0}}},{"name":"cube","from":[3.7999997,9.627592,6.4899683],"to":[3.7999997,13.527593,11.2899685],"rotation":{"angle":-22.5,"axis":"x","origin":[5.0,14.727592,5.289968]},"faces":{"down":{"uv":[5.625,7.5,4.0,8.5],"rotation":0,"texture":"#0","tintindex":0},"east":{"uv":[5.75,4.0,6.75,4.875],"rotation":0,"texture":"#0","tintindex":0},"north":{"uv":[7.75,1.25,9.375,2.125],"rotation":0,"texture":"#0","tintindex":0},"south":{"uv":[7.75,2.125,9.375,3.0],"rotation":0,"texture":"#0","tintindex":0},"up":{"uv":[8.625,6.375,7.0,5.375],"rotation":0,"texture":"#0","tintindex":0},"west":{"uv":[9.625,0.0,10.625,0.875],"rotation":0,"texture":"#0","tintindex":0}}},{"name":"cube","from":[11.6,9.627592,6.4899683],"to":[11.6,13.527593,11.2899685],"rotation":{"angle":-22.5,"axis":"x","origin":[5.0,14.727592,5.289968]},"faces":{"down":{"uv":[5.625,7.5,4.0,8.5],"rotation":0,"texture":"#0","tintindex":0},"east":{"uv":[5.75,4.0,6.75,4.875],"rotation":0,"texture":"#0","tintindex":0},"north":{"uv":[7.75,1.25,9.375,2.125],"rotation":0,"texture":"#0","tintindex":0},"south":{"uv":[7.75,2.125,9.375,3.0],"rotation":0,"texture":"#0","tintindex":0},"up":{"uv":[8.625,6.375,7.0,5.375],"rotation":0,"texture":"#0","tintindex":0},"west":{"uv":[9.625,0.0,10.625,0.875],"rotation":0,"texture":"#0","tintindex":0}}},{"name":"cube","from":[6.2,14.593834,7.358532],"to":[8.6,17.893833,9.758532],"rotation":{"angle":-45.0,"axis":"x","origin":[7.4,16.243835,8.558532]},"faces":{"down":{"uv":[9.875,3.375,9.375,3.875],"rotation":0,"texture":"#0","tintindex":0},"east":{"uv":[12.75,11.625,13.25,12.375],"rotation":0,"texture":"#0","tintindex":0},"north":{"uv":[12.75,7.375,13.25,8.125],"rotation":0,"texture":"#0","tintindex":0},"south":{"uv":[2.125,12.875,2.625,13.625],"rotation":0,"texture":"#0","tintindex":0},"up":{"uv":[4.75,9.75,4.25,9.25],"rotation":0,"texture":"#0","tintindex":0},"west":{"uv":[2.625,12.875,3.125,13.625],"rotation":0,"texture":"#0","tintindex":0}}},{"name":"cube","from":[11.6,8.411907,7.9849305],"to":[11.6,12.311908,12.78493],"rotation":{"angle":0.0,"axis":"x","origin":[5.0,13.511908,6.7849307]},"faces":{"down":{"uv":[3.25,7.625,1.625,8.625],"rotation":0,"texture":"#0","tintindex":0},"east":{"uv":[0.875,9.875,1.875,10.75],"rotation":0,"texture":"#0","tintindex":0},"north":{"uv":[7.75,3.0,9.375,3.875],"rotation":0,"texture":"#0","tintindex":0},"south":{"uv":[8.0,0.0,9.625,0.875],"rotation":0,"texture":"#0","tintindex":0},"up":{"uv":[1.625,8.625,0.0,7.625],"rotation":0,"texture":"#0","tintindex":0},"west":{"uv":[1.875,9.875,2.875,10.75],"rotation":0,"texture":"#0","tintindex":0}}},{"name":"cube","from":[3.7999997,8.411907,7.9849305],"to":[3.7999997,12.311908,12.78493],"rotation":{"angle":0.0,"axis":"x","origin":[5.0,13.511908,6.7849307]},"faces":{"down":{"uv":[3.25,7.625,1.625,8.625],"rotation":0,"texture":"#0","tintindex":0},"east":{"uv":[0.875,9.875,1.875,10.75],"rotation":0,"texture":"#0","tintindex":0},"north":{"uv":[7.75,3.0,9.375,3.875],"rotation":0,"texture":"#0","tintindex":0},"south":{"uv":[8.0,0.0,9.625,0.875],"rotation":0,"texture":"#0","tintindex":0},"up":{"uv":[1.625,8.625,0.0,7.625],"rotation":0,"texture":"#0","tintindex":0},"west":{"uv":[1.875,9.875,2.875,10.75],"rotation":0,"texture":"#0","tintindex":0}}},{"name":"cube","from":[3.7999997,8.411907,12.78493],"to":[11.6,12.311908,12.78493],"rotation":{"angle":0.0,"axis":"x","origin":[5.0,13.511908,6.7849307]},"faces":{"down":{"uv":[3.25,7.625,1.625,8.625],"rotation":0,"texture":"#0","tintindex":0},"east":{"uv":[0.875,9.875,1.875,10.75],"rotation":0,"texture":"#0","tintindex":0},"north":{"uv":[8.0,0.0,9.625,0.875],"rotation":0,"texture":"#0","tintindex":0},"south":{"uv":[8.0,0.0,9.625,0.875],"rotation":0,"texture":"#0","tintindex":0},"up":{"uv":[1.625,8.625,0.0,7.625],"rotation":0,"texture":"#0","tintindex":0},"west":{"uv":[1.875,9.875,2.875,10.75],"rotation":0,"texture":"#0","tintindex":0}}},{"name":"cube","from":[1.9999998,5.9528236,6.8393774],"to":[12.8,12.552824,6.8393774],"rotation":{"angle":0.0,"axis":"x","origin":[5.0,14.352824,6.8393774]},"faces":{"down":{"uv":[8.0,0.0,5.75,1.25],"rotation":0,"texture":"#0","tintindex":0},"east":{"uv":[7.0,7.0,8.25,8.375],"rotation":0,"texture":"#0","tintindex":0},"north":{"uv":[2.5,4.875,4.75,6.25],"rotation":0,"texture":"#0","tintindex":0},"south":{"uv":[2.5,4.875,4.75,6.25],"rotation":0,"texture":"#0","tintindex":0},"up":{"uv":[2.25,6.25,0.0,5.0],"rotation":0,"texture":"#0","tintindex":0},"west":{"uv":[7.0,4.0,8.25,5.375],"rotation":0,"texture":"#0","tintindex":0}}},{"name":"cube","from":[1.9999998,5.9528236,12.839378],"to":[12.8,12.552824,12.839378],"rotation":{"angle":0.0,"axis":"x","origin":[5.0,14.352824,6.8393774]},"faces":{"down":{"uv":[8.0,0.0,5.75,1.25],"rotation":0,"texture":"#0","tintindex":0},"east":{"uv":[7.0,7.0,8.25,8.375],"rotation":0,"texture":"#0","tintindex":0},"north":{"uv":[4.75,4.875,7.0,6.25],"rotation":0,"texture":"#0","tintindex":0},"south":{"uv":[4.75,4.875,7.0,6.25],"rotation":0,"texture":"#0","tintindex":0},"up":{"uv":[2.25,6.25,0.0,5.0],"rotation":0,"texture":"#0","tintindex":0},"west":{"uv":[7.0,4.0,8.25,5.375],"rotation":0,"texture":"#0","tintindex":0}}},{"name":"cube","from":[1.9999998,5.9528236,6.8393774],"to":[1.9999998,12.552824,12.839378],"rotation":{"angle":0.0,"axis":"x","origin":[5.0,14.352824,6.8393774]},"faces":{"down":{"uv":[8.0,0.0,5.75,1.25],"rotation":0,"texture":"#0","tintindex":0},"east":{"uv":[7.0,7.0,8.25,8.375],"rotation":0,"texture":"#0","tintindex":0},"north":{"uv":[2.5,4.875,4.75,6.25],"rotation":0,"texture":"#0","tintindex":0},"south":{"uv":[4.75,4.875,7.0,6.25],"rotation":0,"texture":"#0","tintindex":0},"up":{"uv":[2.25,6.25,0.0,5.0],"rotation":0,"texture":"#0","tintindex":0},"west":{"uv":[7.0,4.0,8.25,5.375],"rotation":0,"texture":"#0","tintindex":0}}},{"name":"cube","from":[12.8,5.9528236,6.8393774],"to":[12.8,12.552824,12.839378],"rotation":{"angle":0.0,"axis":"x","origin":[5.0,14.352824,6.8393774]},"faces":{"down":{"uv":[8.0,0.0,5.75,1.25],"rotation":0,"texture":"#0","tintindex":0},"east":{"uv":[7.0,7.0,8.25,8.375],"rotation":0,"texture":"#0","tintindex":0},"north":{"uv":[2.5,4.875,4.75,6.25],"rotation":0,"texture":"#0","tintindex":0},"south":{"uv":[4.75,4.875,7.0,6.25],"rotation":0,"texture":"#0","tintindex":0},"up":{"uv":[2.25,6.25,0.0,5.0],"rotation":0,"texture":"#0","tintindex":0},"west":{"uv":[7.0,4.0,8.25,5.375],"rotation":0,"texture":"#0","tintindex":0}}},{"name":"cube","from":[-0.40000033,14.0,5.0],"to":[15.2,14.0,11.0],"rotation":{"angle":-22.5,"axis":"x","origin":[5.0,15.8,5.0]},"faces":{"down":{"uv":[5.75,0.0,2.5,1.25],"rotation":0,"texture":"#0","tintindex":0},"east":{"uv":[5.625,7.5,6.875,8.625],"rotation":0,"texture":"#0","tintindex":0},"north":{"uv":[2.5,1.25,5.75,2.375],"rotation":0,"texture":"#0","tintindex":0},"south":{"uv":[2.5,3.75,5.75,4.875],"rotation":0,"texture":"#0","tintindex":0},"up":{"uv":[5.75,3.75,2.5,2.5],"rotation":0,"texture":"#0","tintindex":0},"west":{"uv":[8.25,6.375,9.5,7.5],"rotation":0,"texture":"#0","tintindex":0}}},{"name":"cube","from":[-0.40000033,8.6,5.0],"to":[15.2,8.6,11.0],"rotation":{"angle":-22.5,"axis":"x","origin":[5.0,15.8,5.0]},"faces":{"down":{"uv":[5.75,0.0,2.5,1.25],"rotation":0,"texture":"#0","tintindex":0},"east":{"uv":[5.625,7.5,6.875,8.625],"rotation":0,"texture":"#0","tintindex":0},"north":{"uv":[2.5,1.25,5.75,2.375],"rotation":0,"texture":"#0","tintindex":0},"south":{"uv":[2.5,3.75,5.75,4.875],"rotation":0,"texture":"#0","tintindex":0},"up":{"uv":[5.75,1.25,2.5,0.0],"rotation":0,"texture":"#0","tintindex":0},"west":{"uv":[8.25,6.375,9.5,7.5],"rotation":0,"texture":"#0","tintindex":0}}},{"name":"cube","from":[-0.40000033,8.6,5.0],"to":[-0.40000033,14.0,11.0],"rotation":{"angle":-22.5,"axis":"x","origin":[5.0,15.8,5.0]},"faces":{"down":{"uv":[5.75,0.0,2.5,1.25],"rotation":0,"texture":"#0","tintindex":0},"east":{"uv":[5.625,7.5,6.875,8.625],"rotation":0,"texture":"#0","tintindex":0},"north":{"uv":[2.5,1.25,5.75,2.375],"rotation":0,"texture":"#0","tintindex":0},"south":{"uv":[2.5,3.75,5.75,4.875],"rotation":0,"texture":"#0","tintindex":0},"up":{"uv":[5.75,3.75,2.5,2.5],"rotation":0,"texture":"#0","tintindex":0},"west":{"uv":[5.625,7.5,6.875,8.625],"rotation":0,"texture":"#0","tintindex":0}}},{"name":"cube","from":[-0.40000033,8.6,5.0],"to":[15.2,14.0,5.0],"rotation":{"angle":-22.5,"axis":"x","origin":[5.0,15.8,5.0]},"faces":{"down":{"uv":[5.75,0.0,2.5,1.25],"rotation":0,"texture":"#0","tintindex":0},"east":{"uv":[5.625,7.5,6.875,8.625],"rotation":0,"texture":"#0","tintindex":0},"north":{"uv":[2.5,1.25,5.75,2.375],"rotation":0,"texture":"#0","tintindex":0},"south":{"uv":[2.5,1.25,5.75,2.375],"rotation":0,"texture":"#0","tintindex":0},"up":{"uv":[5.75,3.75,2.5,2.5],"rotation":0,"texture":"#0","tintindex":0},"west":{"uv":[8.25,6.375,9.5,7.5],"rotation":0,"texture":"#0","tintindex":0}}},{"name":"cube","from":[-0.40000033,8.6,11.0],"to":[15.2,14.0,11.0],"rotation":{"angle":-22.5,"axis":"x","origin":[5.0,15.8,5.0]},"faces":{"down":{"uv":[5.75,0.0,2.5,1.25],"rotation":0,"texture":"#0","tintindex":0},"east":{"uv":[5.625,7.5,6.875,8.625],"rotation":0,"texture":"#0","tintindex":0},"north":{"uv":[2.5,3.75,5.75,4.875],"rotation":0,"texture":"#0","tintindex":0},"south":{"uv":[2.5,3.75,5.75,4.875],"rotation":0,"texture":"#0","tintindex":0},"up":{"uv":[5.75,3.75,2.5,2.5],"rotation":0,"texture":"#0","tintindex":0},"west":{"uv":[8.25,6.375,9.5,7.5],"rotation":0,"texture":"#0","tintindex":0}}},{"name":"cube","from":[15.2,8.6,5.0],"to":[15.2,14.0,11.0],"rotation":{"angle":-22.5,"axis":"x","origin":[5.0,15.8,5.0]},"faces":{"down":{"uv":[5.75,0.0,2.5,1.25],"rotation":0,"texture":"#0","tintindex":0},"east":{"uv":[8.25,6.375,9.5,7.5],"rotation":0,"texture":"#0","tintindex":0},"north":{"uv":[2.5,1.25,5.75,2.375],"rotation":0,"texture":"#0","tintindex":0},"south":{"uv":[2.5,3.75,5.75,4.875],"rotation":0,"texture":"#0","tintindex":0},"up":{"uv":[5.75,3.75,2.5,2.5],"rotation":0,"texture":"#0","tintindex":0},"west":{"uv":[8.25,6.375,9.5,7.5],"rotation":0,"texture":"#0","tintindex":0}}},{"name":"cube","from":[2.6,14.0,6.8],"to":[5.0,17.0,10.4],"rotation":{"angle":-22.5,"axis":"x","origin":[5.0,15.8,5.0]},"faces":{"down":{"uv":[13.25,4.875,12.75,5.625],"rotation":0,"texture":"#0","tintindex":0},"east":{"uv":[7.375,12.125,8.125,12.75],"rotation":0,"texture":"#0","tintindex":0},"north":{"uv":[11.875,13.0,12.375,13.625],"rotation":0,"texture":"#0","tintindex":0},"south":{"uv":[12.375,13.0,12.875,13.625],"rotation":0,"texture":"#0","tintindex":0},"up":{"uv":[13.25,4.875,12.75,4.125],"rotation":0,"texture":"#0","tintindex":0},"west":{"uv":[8.125,12.125,8.875,12.75],"rotation":0,"texture":"#0","tintindex":0}}},{"name":"cube","from":[9.8,14.0,6.8],"to":[12.2,17.0,10.4],"rotation":{"angle":-22.5,"axis":"x","origin":[9.8,15.8,5.0]},"faces":{"down":{"uv":[7.75,9.625,7.25,10.375],"rotation":0,"texture":"#0","tintindex":0},"east":{"uv":[12.0,5.375,12.75,6.0],"rotation":0,"texture":"#0","tintindex":0},"north":{"uv":[4.75,13.0,5.25,13.625],"rotation":0,"texture":"#0","tintindex":0},"south":{"uv":[11.375,13.0,11.875,13.625],"rotation":0,"texture":"#0","tintindex":0},"up":{"uv":[8.25,9.125,7.75,8.375],"rotation":0,"texture":"#0","tintindex":0},"west":{"uv":[12.0,7.5,12.75,8.125],"rotation":0,"texture":"#0","tintindex":0}}},{"name":"cube","from":[5.0,14.0,8.6],"to":[9.8,17.0,10.4],"rotation":{"angle":-22.5,"axis":"x","origin":[9.8,15.8,5.0]},"faces":{"down":{"uv":[13.625,7.0,12.625,7.375],"rotation":0,"texture":"#0","tintindex":0},"east":{"uv":[8.25,4.75,8.625,5.375],"rotation":0,"texture":"#0","tintindex":0},"north":{"uv":[11.0,2.875,12.0,3.5],"rotation":0,"texture":"#0","tintindex":0},"south":{"uv":[11.0,3.5,12.0,4.125],"rotation":0,"texture":"#0","tintindex":0},"up":{"uv":[11.125,10.125,10.125,9.75],"rotation":0,"texture":"#0","tintindex":0},"west":{"uv":[9.875,4.125,10.25,4.75],"rotation":0,"texture":"#0","tintindex":0}}}],"display":{"head":{"translation":[0.0,-6.4,0.0],"rotation":[0.0,0.0,0.0],"scale":[3.8095,3.8095,3.8095]}}}