{"textures":{"0":"modelengine:entity/deadbeard3"},"elements":[{"name":"cube","from":[4.3999996,2.6,4.3999996],"to":[11.6,13.400001,11.6],"rotation":{"angle":0.0,"axis":"x","origin":[7.4,2.6,17.0]},"faces":{"down":{"uv":[14.5,10.5,16.0,12.0],"rotation":0,"texture":"#0","tintindex":0},"east":{"uv":[14.5,6.75,16.0,9.0],"rotation":0,"texture":"#0","tintindex":0},"north":{"uv":[14.5,0.0,16.0,2.25],"rotation":0,"texture":"#0","tintindex":0},"south":{"uv":[14.5,2.25,16.0,4.5],"rotation":0,"texture":"#0","tintindex":0},"up":{"uv":[14.5,9.0,16.0,10.5],"rotation":0,"texture":"#0","tintindex":0},"west":{"uv":[14.5,4.5,16.0,6.75],"rotation":0,"texture":"#0","tintindex":0}}}],"display":{"head":{"translation":[0.0,-6.4,0.0],"rotation":[0.0,0.0,0.0],"scale":[3.8095,3.8095,3.8095]}}}