{"textures":{"0":"modelengine:entity/pb_rpg3-poison_emitter"},"elements":[{"name":"cube","from":[4.3999996,8.15,3.7999997],"to":[11.6,8.15,12.2],"rotation":{"angle":0.0,"axis":"x","origin":[8.0,8.0,8.0]},"faces":{"down":{"uv":[6.0,0.0,3.0,3.5],"rotation":0,"texture":"#0","tintindex":0},"east":{"uv":[0.0,0.0,3.5,0.0],"rotation":0,"texture":"#0","tintindex":0},"north":{"uv":[0.0,0.0,3.0,0.0],"rotation":0,"texture":"#0","tintindex":0},"south":{"uv":[0.0,0.0,3.0,0.0],"rotation":0,"texture":"#0","tintindex":0},"up":{"uv":[3.0,3.5,0.0,0.0],"rotation":0,"texture":"#0","tintindex":0},"west":{"uv":[0.0,0.0,3.5,0.0],"rotation":0,"texture":"#0","tintindex":0}}},{"name":"cube","from":[3.1999998,8.0,3.7999997],"to":[12.8,8.6,4.3999996],"rotation":{"angle":0.0,"axis":"x","origin":[8.0,8.0,8.0]},"faces":{"down":{"uv":[10.0,2.75,6.0,3.0],"rotation":0,"texture":"#0","tintindex":0},"east":{"uv":[6.5,9.5,6.75,9.75],"rotation":0,"texture":"#0","tintindex":0},"north":{"uv":[6.0,2.0,10.0,2.25],"rotation":0,"texture":"#0","tintindex":0},"south":{"uv":[6.0,2.25,10.0,2.5],"rotation":0,"texture":"#0","tintindex":0},"up":{"uv":[10.0,2.75,6.0,2.5],"rotation":0,"texture":"#0","tintindex":0},"west":{"uv":[6.75,9.5,7.0,9.75],"rotation":0,"texture":"#0","tintindex":0}}},{"name":"cube","from":[3.1999998,8.0,11.6],"to":[12.8,8.6,12.2],"rotation":{"angle":0.0,"axis":"x","origin":[8.0,8.0,8.0]},"faces":{"down":{"uv":[7.0,6.75,3.0,7.0],"rotation":0,"texture":"#0","tintindex":0},"east":{"uv":[7.0,9.5,7.25,9.75],"rotation":0,"texture":"#0","tintindex":0},"north":{"uv":[6.0,3.0,10.0,3.25],"rotation":0,"texture":"#0","tintindex":0},"south":{"uv":[6.0,3.25,10.0,3.5],"rotation":0,"texture":"#0","tintindex":0},"up":{"uv":[7.0,6.75,3.0,6.5],"rotation":0,"texture":"#0","tintindex":0},"west":{"uv":[7.25,9.5,7.5,9.75],"rotation":0,"texture":"#0","tintindex":0}}},{"name":"cube","from":[3.7999997,8.0,4.3999996],"to":[4.3999996,8.6,11.6],"rotation":{"angle":0.0,"axis":"x","origin":[8.0,8.0,8.0]},"faces":{"down":{"uv":[3.5,7.25,3.25,10.25],"rotation":0,"texture":"#0","tintindex":0},"east":{"uv":[7.0,6.75,10.0,7.0],"rotation":0,"texture":"#0","tintindex":0},"north":{"uv":[9.5,7.25,9.75,7.5],"rotation":0,"texture":"#0","tintindex":0},"south":{"uv":[7.5,9.5,7.75,9.75],"rotation":0,"texture":"#0","tintindex":0},"up":{"uv":[3.25,10.25,3.0,7.25],"rotation":0,"texture":"#0","tintindex":0},"west":{"uv":[7.0,7.0,10.0,7.25],"rotation":0,"texture":"#0","tintindex":0}}},{"name":"cube","from":[11.6,8.0,4.3999996],"to":[12.2,8.6,11.6],"rotation":{"angle":0.0,"axis":"x","origin":[8.0,8.0,8.0]},"faces":{"down":{"uv":[4.0,7.5,3.75,10.5],"rotation":0,"texture":"#0","tintindex":0},"east":{"uv":[3.5,7.25,6.5,7.5],"rotation":0,"texture":"#0","tintindex":0},"north":{"uv":[7.75,9.5,8.0,9.75],"rotation":0,"texture":"#0","tintindex":0},"south":{"uv":[8.0,9.5,8.25,9.75],"rotation":0,"texture":"#0","tintindex":0},"up":{"uv":[3.75,10.5,3.5,7.5],"rotation":0,"texture":"#0","tintindex":0},"west":{"uv":[6.5,7.25,9.5,7.5],"rotation":0,"texture":"#0","tintindex":0}}},{"name":"cube","from":[9.2,8.0,5.0],"to":[10.4,8.3,11.0],"rotation":{"angle":0.0,"axis":"x","origin":[8.0,8.0,8.0]},"faces":{"down":{"uv":[1.0,6.5,0.5,9.0],"rotation":0,"texture":"#0","tintindex":0},"east":{"uv":[4.0,8.75,6.5,9.0],"rotation":0,"texture":"#0","tintindex":0},"north":{"uv":[0.0,9.5,0.5,9.75],"rotation":0,"texture":"#0","tintindex":0},"south":{"uv":[0.5,9.5,1.0,9.75],"rotation":0,"texture":"#0","tintindex":0},"up":{"uv":[0.5,9.0,0.0,6.5],"rotation":0,"texture":"#0","tintindex":0},"west":{"uv":[6.5,8.75,9.0,9.0],"rotation":0,"texture":"#0","tintindex":0}}},{"name":"cube","from":[5.6,8.0,5.0],"to":[6.8,8.3,11.0],"rotation":{"angle":0.0,"axis":"x","origin":[8.0,8.0,8.0]},"faces":{"down":{"uv":[2.0,6.5,1.5,9.0],"rotation":0,"texture":"#0","tintindex":0},"east":{"uv":[0.0,9.0,2.5,9.25],"rotation":0,"texture":"#0","tintindex":0},"north":{"uv":[1.0,9.5,1.5,9.75],"rotation":0,"texture":"#0","tintindex":0},"south":{"uv":[1.5,9.5,2.0,9.75],"rotation":0,"texture":"#0","tintindex":0},"up":{"uv":[1.5,9.0,1.0,6.5],"rotation":0,"texture":"#0","tintindex":0},"west":{"uv":[4.0,9.0,6.5,9.25],"rotation":0,"texture":"#0","tintindex":0}}},{"name":"cube","from":[7.4,8.0,5.0],"to":[8.6,8.3,11.0],"rotation":{"angle":0.0,"axis":"x","origin":[8.0,8.0,8.0]},"faces":{"down":{"uv":[3.0,6.5,2.5,9.0],"rotation":0,"texture":"#0","tintindex":0},"east":{"uv":[6.5,9.0,9.0,9.25],"rotation":0,"texture":"#0","tintindex":0},"north":{"uv":[2.0,9.5,2.5,9.75],"rotation":0,"texture":"#0","tintindex":0},"south":{"uv":[4.0,9.5,4.5,9.75],"rotation":0,"texture":"#0","tintindex":0},"up":{"uv":[2.5,9.0,2.0,6.5],"rotation":0,"texture":"#0","tintindex":0},"west":{"uv":[9.0,8.75,11.5,9.0],"rotation":0,"texture":"#0","tintindex":0}}},{"name":"cube","from":[10.4,8.0,10.4],"to":[11.0,8.3,11.0],"rotation":{"angle":0.0,"axis":"x","origin":[8.0,8.0,8.0]},"faces":{"down":{"uv":[0.25,9.75,0.0,10.0],"rotation":0,"texture":"#0","tintindex":0},"east":{"uv":[8.5,9.5,8.75,9.75],"rotation":0,"texture":"#0","tintindex":0},"north":{"uv":[8.25,9.5,8.5,9.75],"rotation":0,"texture":"#0","tintindex":0},"south":{"uv":[8.75,9.5,9.0,9.75],"rotation":0,"texture":"#0","tintindex":0},"up":{"uv":[9.75,9.75,9.5,9.5],"rotation":0,"texture":"#0","tintindex":0},"west":{"uv":[9.5,9.25,9.75,9.5],"rotation":0,"texture":"#0","tintindex":0}}},{"name":"cube","from":[5.0,8.0,5.0],"to":[5.6,8.3,5.6],"rotation":{"angle":0.0,"axis":"x","origin":[8.0,8.0,8.0]},"faces":{"down":{"uv":[1.75,9.75,1.5,10.0],"rotation":0,"texture":"#0","tintindex":0},"east":{"uv":[0.5,9.75,0.75,10.0],"rotation":0,"texture":"#0","tintindex":0},"north":{"uv":[0.25,9.75,0.5,10.0],"rotation":0,"texture":"#0","tintindex":0},"south":{"uv":[0.75,9.75,1.0,10.0],"rotation":0,"texture":"#0","tintindex":0},"up":{"uv":[1.5,10.0,1.25,9.75],"rotation":0,"texture":"#0","tintindex":0},"west":{"uv":[1.0,9.75,1.25,10.0],"rotation":0,"texture":"#0","tintindex":0}}},{"name":"cube","from":[5.0,8.0,10.4],"to":[5.6,8.3,11.0],"rotation":{"angle":0.0,"axis":"x","origin":[8.0,8.0,8.0]},"faces":{"down":{"uv":[4.75,9.75,4.5,10.0],"rotation":0,"texture":"#0","tintindex":0},"east":{"uv":[2.0,9.75,2.25,10.0],"rotation":0,"texture":"#0","tintindex":0},"north":{"uv":[1.75,9.75,2.0,10.0],"rotation":0,"texture":"#0","tintindex":0},"south":{"uv":[2.25,9.75,2.5,10.0],"rotation":0,"texture":"#0","tintindex":0},"up":{"uv":[4.5,10.0,4.25,9.75],"rotation":0,"texture":"#0","tintindex":0},"west":{"uv":[4.0,9.75,4.25,10.0],"rotation":0,"texture":"#0","tintindex":0}}},{"name":"cube","from":[10.4,8.0,5.0],"to":[11.0,8.3,5.6],"rotation":{"angle":0.0,"axis":"x","origin":[8.0,8.0,8.0]},"faces":{"down":{"uv":[6.25,9.75,6.0,10.0],"rotation":0,"texture":"#0","tintindex":0},"east":{"uv":[5.0,9.75,5.25,10.0],"rotation":0,"texture":"#0","tintindex":0},"north":{"uv":[4.75,9.75,5.0,10.0],"rotation":0,"texture":"#0","tintindex":0},"south":{"uv":[5.25,9.75,5.5,10.0],"rotation":0,"texture":"#0","tintindex":0},"up":{"uv":[6.0,10.0,5.75,9.75],"rotation":0,"texture":"#0","tintindex":0},"west":{"uv":[5.5,9.75,5.75,10.0],"rotation":0,"texture":"#0","tintindex":0}}},{"name":"cube","from":[11.0,8.0,5.0],"to":[11.6,8.3,11.0],"rotation":{"angle":0.0,"axis":"x","origin":[8.0,8.0,8.0]},"faces":{"down":{"uv":[3.0,9.0,2.75,11.5],"rotation":0,"texture":"#0","tintindex":0},"east":{"uv":[9.0,9.0,11.5,9.25],"rotation":0,"texture":"#0","tintindex":0},"north":{"uv":[6.25,9.75,6.5,10.0],"rotation":0,"texture":"#0","tintindex":0},"south":{"uv":[6.5,9.75,6.75,10.0],"rotation":0,"texture":"#0","tintindex":0},"up":{"uv":[2.75,11.5,2.5,9.0],"rotation":0,"texture":"#0","tintindex":0},"west":{"uv":[0.0,9.25,2.5,9.5],"rotation":0,"texture":"#0","tintindex":0}}},{"name":"cube","from":[4.3999996,8.0,5.0],"to":[5.0,8.3,11.0],"rotation":{"angle":0.0,"axis":"x","origin":[8.0,8.0,8.0]},"faces":{"down":{"uv":[9.5,9.25,9.25,11.75],"rotation":0,"texture":"#0","tintindex":0},"east":{"uv":[4.0,9.25,6.5,9.5],"rotation":0,"texture":"#0","tintindex":0},"north":{"uv":[6.75,9.75,7.0,10.0],"rotation":0,"texture":"#0","tintindex":0},"south":{"uv":[7.0,9.75,7.25,10.0],"rotation":0,"texture":"#0","tintindex":0},"up":{"uv":[9.25,11.75,9.0,9.25],"rotation":0,"texture":"#0","tintindex":0},"west":{"uv":[6.5,9.25,9.0,9.5],"rotation":0,"texture":"#0","tintindex":0}}},{"name":"cube","from":[4.3999996,8.0,4.3999996],"to":[11.6,8.3,5.0],"rotation":{"angle":0.0,"axis":"x","origin":[8.0,8.0,8.0]},"faces":{"down":{"uv":[10.0,7.75,7.0,8.0],"rotation":0,"texture":"#0","tintindex":0},"east":{"uv":[7.25,9.75,7.5,10.0],"rotation":0,"texture":"#0","tintindex":0},"north":{"uv":[4.0,7.5,7.0,7.75],"rotation":0,"texture":"#0","tintindex":0},"south":{"uv":[7.0,7.5,10.0,7.75],"rotation":0,"texture":"#0","tintindex":0},"up":{"uv":[7.0,8.0,4.0,7.75],"rotation":0,"texture":"#0","tintindex":0},"west":{"uv":[9.75,7.25,10.0,7.5],"rotation":0,"texture":"#0","tintindex":0}}},{"name":"cube","from":[4.3999996,8.0,11.0],"to":[11.6,8.3,11.6],"rotation":{"angle":0.0,"axis":"x","origin":[8.0,8.0,8.0]},"faces":{"down":{"uv":[10.0,8.25,7.0,8.5],"rotation":0,"texture":"#0","tintindex":0},"east":{"uv":[7.5,9.75,7.75,10.0],"rotation":0,"texture":"#0","tintindex":0},"north":{"uv":[4.0,8.0,7.0,8.25],"rotation":0,"texture":"#0","tintindex":0},"south":{"uv":[7.0,8.0,10.0,8.25],"rotation":0,"texture":"#0","tintindex":0},"up":{"uv":[7.0,8.5,4.0,8.25],"rotation":0,"texture":"#0","tintindex":0},"west":{"uv":[7.75,9.75,8.0,10.0],"rotation":0,"texture":"#0","tintindex":0}}},{"name":"cube","from":[3.1999998,8.0,12.2],"to":[12.8,8.3,12.8],"rotation":{"angle":0.0,"axis":"x","origin":[8.0,8.0,8.0]},"faces":{"down":{"uv":[11.0,4.0,7.0,4.25],"rotation":0,"texture":"#0","tintindex":0},"east":{"uv":[8.0,9.75,8.25,10.0],"rotation":0,"texture":"#0","tintindex":0},"north":{"uv":[3.0,7.0,7.0,7.25],"rotation":0,"texture":"#0","tintindex":0},"south":{"uv":[7.0,3.5,11.0,3.75],"rotation":0,"texture":"#0","tintindex":0},"up":{"uv":[11.0,4.0,7.0,3.75],"rotation":0,"texture":"#0","tintindex":0},"west":{"uv":[8.25,9.75,8.5,10.0],"rotation":0,"texture":"#0","tintindex":0}}},{"name":"cube","from":[3.1999998,8.0,3.1999998],"to":[12.8,8.3,3.7999997],"rotation":{"angle":0.0,"axis":"x","origin":[8.0,8.0,8.0]},"faces":{"down":{"uv":[11.0,5.0,7.0,5.25],"rotation":0,"texture":"#0","tintindex":0},"east":{"uv":[8.5,9.75,8.75,10.0],"rotation":0,"texture":"#0","tintindex":0},"north":{"uv":[7.0,4.25,11.0,4.5],"rotation":0,"texture":"#0","tintindex":0},"south":{"uv":[7.0,4.5,11.0,4.75],"rotation":0,"texture":"#0","tintindex":0},"up":{"uv":[11.0,5.0,7.0,4.75],"rotation":0,"texture":"#0","tintindex":0},"west":{"uv":[8.75,9.75,9.0,10.0],"rotation":0,"texture":"#0","tintindex":0}}},{"name":"cube","from":[3.7999997,7.85,4.3999996],"to":[12.2,8.0,11.6],"rotation":{"angle":0.0,"axis":"x","origin":[8.0,8.0,8.0]},"faces":{"down":{"uv":[7.0,3.5,3.5,6.5],"rotation":0,"texture":"#0","tintindex":0},"east":{"uv":[4.0,8.5,7.0,8.75],"rotation":0,"texture":"#0","tintindex":0},"north":{"uv":[7.0,6.25,10.5,6.5],"rotation":0,"texture":"#0","tintindex":0},"south":{"uv":[7.0,6.5,10.5,6.75],"rotation":0,"texture":"#0","tintindex":0},"up":{"uv":[3.5,6.5,0.0,3.5],"rotation":0,"texture":"#0","tintindex":0},"west":{"uv":[7.0,8.5,10.0,8.75],"rotation":0,"texture":"#0","tintindex":0}}},{"name":"cube","from":[3.1999998,7.85,11.6],"to":[12.8,8.0,12.8],"rotation":{"angle":0.0,"axis":"x","origin":[8.0,8.0,8.0]},"faces":{"down":{"uv":[10.0,0.5,6.0,1.0],"rotation":0,"texture":"#0","tintindex":0},"east":{"uv":[4.5,9.5,5.0,9.75],"rotation":0,"texture":"#0","tintindex":0},"north":{"uv":[7.0,5.25,11.0,5.5],"rotation":0,"texture":"#0","tintindex":0},"south":{"uv":[7.0,5.5,11.0,5.75],"rotation":0,"texture":"#0","tintindex":0},"up":{"uv":[10.0,0.5,6.0,0.0],"rotation":0,"texture":"#0","tintindex":0},"west":{"uv":[5.0,9.5,5.5,9.75],"rotation":0,"texture":"#0","tintindex":0}}},{"name":"cube","from":[3.1999998,7.85,3.1999998],"to":[12.8,8.0,4.3999996],"rotation":{"angle":0.0,"axis":"x","origin":[8.0,8.0,8.0]},"faces":{"down":{"uv":[10.0,1.5,6.0,2.0],"rotation":0,"texture":"#0","tintindex":0},"east":{"uv":[5.5,9.5,6.0,9.75],"rotation":0,"texture":"#0","tintindex":0},"north":{"uv":[7.0,5.75,11.0,6.0],"rotation":0,"texture":"#0","tintindex":0},"south":{"uv":[7.0,6.0,11.0,6.25],"rotation":0,"texture":"#0","tintindex":0},"up":{"uv":[10.0,1.5,6.0,1.0],"rotation":0,"texture":"#0","tintindex":0},"west":{"uv":[6.0,9.5,6.5,9.75],"rotation":0,"texture":"#0","tintindex":0}}}],"display":{"head":{"translation":[0.0,-6.4,0.0],"rotation":[0.0,0.0,0.0],"scale":[3.8095,3.8095,3.8095]}}}