{"textures":{"0":"modelengine:entity/bard","1":"modelengine:entity/bard_stool"},"elements":[{"name":"cube","from":[7.1,5.6,6.5],"to":[8.9,6.8,9.5],"rotation":{"angle":22.5,"axis":"x","origin":[8.0,8.0,8.0]},"faces":{"down":{"uv":[12.225,9.275,11.525,10.475],"rotation":0,"texture":"#0","tintindex":0},"east":{"uv":[11.025,6.025,12.225,6.475],"rotation":0,"texture":"#0","tintindex":0},"north":{"uv":[6.525,12.775,7.225,13.225],"rotation":0,"texture":"#0","tintindex":0},"south":{"uv":[0.025,13.025,0.725,13.475],"rotation":0,"texture":"#0","tintindex":0},"up":{"uv":[7.225,12.725,6.525,11.525],"rotation":0,"texture":"#0","tintindex":0},"west":{"uv":[12.275,2.275,13.475,2.725],"rotation":0,"texture":"#0","tintindex":0}}},{"name":"cube","from":[5.3,9.088958,7.07465],"to":[10.700001,12.688958,10.07465],"rotation":{"angle":0.0,"axis":"x","origin":[7.7,-1.7110424,7.6746497]},"faces":{"down":{"uv":[10.225,4.025,8.025,5.225],"rotation":0,"texture":"#0","tintindex":0},"east":{"uv":[5.275,9.275,6.475,10.725],"rotation":0,"texture":"#0","tintindex":0},"north":{"uv":[0.025,7.025,2.225,8.475],"rotation":0,"texture":"#0","tintindex":0},"south":{"uv":[2.275,7.025,4.475,8.475],"rotation":0,"texture":"#0","tintindex":0},"up":{"uv":[9.725,8.225,7.525,7.025],"rotation":0,"texture":"#0","tintindex":0},"west":{"uv":[9.525,0.025,10.725,1.475],"rotation":0,"texture":"#0","tintindex":0}}},{"name":"cube","from":[5.8999996,6.8,6.5],"to":[10.1,9.8,9.5],"rotation":{"angle":22.5,"axis":"x","origin":[8.0,8.0,8.0]},"faces":{"down":{"uv":[5.225,9.275,3.525,10.475],"rotation":0,"texture":"#0","tintindex":0},"east":{"uv":[10.275,9.525,11.475,10.725],"rotation":0,"texture":"#0","tintindex":0},"north":{"uv":[0.025,8.525,1.725,9.725],"rotation":0,"texture":"#0","tintindex":0},"south":{"uv":[1.775,8.525,3.475,9.725],"rotation":0,"texture":"#0","tintindex":0},"up":{"uv":[10.475,9.475,8.775,8.275],"rotation":0,"texture":"#0","tintindex":0},"west":{"uv":[3.275,10.525,4.475,11.725],"rotation":0,"texture":"#0","tintindex":0}}}],"display":{"head":{"translation":[0.0,-6.4,0.0],"rotation":[0.0,0.0,0.0],"scale":[3.8095,3.8095,3.8095]}}}