{"textures":{"0":"modelengine:entity/bard","1":"modelengine:entity/bard_stool"},"elements":[{"name":"cube","from":[6.2,5.0,6.8],"to":[8.6,7.4,9.8],"rotation":{"angle":22.5,"axis":"x","origin":[9.2,9.8,8.6]},"faces":{"down":{"uv":[11.725,10.775,10.775,11.975],"rotation":0,"texture":"#0","tintindex":0},"east":{"uv":[6.275,4.025,7.475,4.975],"rotation":0,"texture":"#0","tintindex":0},"north":{"uv":[0.025,11.275,0.975,12.225],"rotation":0,"texture":"#0","tintindex":0},"south":{"uv":[1.025,11.275,1.975,12.225],"rotation":0,"texture":"#0","tintindex":0},"up":{"uv":[10.725,11.975,9.775,10.775],"rotation":0,"texture":"#0","tintindex":0},"west":{"uv":[8.525,10.775,9.725,11.725],"rotation":0,"texture":"#0","tintindex":0}}},{"name":"cube","from":[6.5,7.4,7.1],"to":[8.3,8.6,9.5],"rotation":{"angle":22.5,"axis":"x","origin":[9.2,9.8,8.6]},"faces":{"down":{"uv":[11.725,12.025,11.025,12.975],"rotation":0,"texture":"#0","tintindex":0},"east":{"uv":[12.525,8.775,13.475,9.225],"rotation":0,"texture":"#0","tintindex":0},"north":{"uv":[13.025,2.775,13.725,3.225],"rotation":0,"texture":"#0","tintindex":0},"south":{"uv":[3.275,13.025,3.975,13.475],"rotation":0,"texture":"#0","tintindex":0},"up":{"uv":[10.975,12.975,10.275,12.025],"rotation":0,"texture":"#0","tintindex":0},"west":{"uv":[12.525,10.525,13.475,10.975],"rotation":0,"texture":"#0","tintindex":0}}},{"name":"cube","from":[6.5,4.3999996,7.4],"to":[8.3,5.0,9.2],"rotation":{"angle":22.5,"axis":"x","origin":[9.2,9.8,8.6]},"faces":{"down":{"uv":[13.225,3.525,12.525,4.225],"rotation":0,"texture":"#0","tintindex":0},"east":{"uv":[12.275,2.775,12.975,2.975],"rotation":0,"texture":"#0","tintindex":0},"north":{"uv":[1.025,12.275,1.725,12.475],"rotation":0,"texture":"#0","tintindex":0},"south":{"uv":[12.275,4.525,12.975,4.725],"rotation":0,"texture":"#0","tintindex":0},"up":{"uv":[12.975,9.975,12.275,9.275],"rotation":0,"texture":"#0","tintindex":0},"west":{"uv":[12.275,6.025,12.975,6.225],"rotation":0,"texture":"#0","tintindex":0}}}],"display":{"head":{"translation":[0.0,-6.4,0.0],"rotation":[0.0,0.0,0.0],"scale":[3.8095,3.8095,3.8095]}}}