{"textures":{"0":"modelengine:entity/bard","1":"modelengine:entity/bard_stool"},"elements":[{"name":"cube","from":[5.3,6.2,5.8999996],"to":[8.3,9.2,9.5],"rotation":{"angle":0.0,"axis":"x","origin":[10.700001,-5.200001,7.1]},"faces":{"down":{"uv":[2.475,9.775,1.275,11.225],"rotation":0,"texture":"#0","tintindex":0},"east":{"uv":[9.525,5.275,10.975,6.475],"rotation":0,"texture":"#0","tintindex":0},"north":{"uv":[7.275,10.525,8.475,11.725],"rotation":0,"texture":"#0","tintindex":0},"south":{"uv":[10.525,8.025,11.725,9.225],"rotation":0,"texture":"#0","tintindex":0},"up":{"uv":[1.225,11.225,0.025,9.775],"rotation":0,"texture":"#0","tintindex":0},"west":{"uv":[8.775,9.525,10.225,10.725],"rotation":0,"texture":"#0","tintindex":0}}},{"name":"cube","from":[5.8999996,5.0,6.5],"to":[7.7,6.2,8.9],"rotation":{"angle":0.0,"axis":"x","origin":[10.4,-5.200001,6.8]},"faces":{"down":{"uv":[5.225,12.025,4.525,12.975],"rotation":0,"texture":"#0","tintindex":0},"east":{"uv":[12.275,6.775,13.225,7.225],"rotation":0,"texture":"#0","tintindex":0},"north":{"uv":[0.775,13.025,1.475,13.475],"rotation":0,"texture":"#0","tintindex":0},"south":{"uv":[1.525,13.025,2.225,13.475],"rotation":0,"texture":"#0","tintindex":0},"up":{"uv":[3.225,12.975,2.525,12.025],"rotation":0,"texture":"#0","tintindex":0},"west":{"uv":[12.275,10.025,13.225,10.475],"rotation":0,"texture":"#0","tintindex":0}}}],"display":{"head":{"translation":[0.0,-6.4,0.0],"rotation":[0.0,0.0,0.0],"scale":[3.8095,3.8095,3.8095]}}}