{"textures":{"0":"modelengine:entity/bard","1":"modelengine:entity/bard_stool"},"elements":[{"name":"cube","from":[7.13,5.0,5.6],"to":[8.93,8.0,8.0],"rotation":{"angle":0.0,"axis":"x","origin":[11.6,-2.2000003,5.8999996]},"faces":{"down":{"uv":[10.225,12.025,9.525,12.975],"rotation":0,"texture":"#0","tintindex":0},"east":{"uv":[4.525,10.775,5.475,11.975],"rotation":0,"texture":"#0","tintindex":0},"north":{"uv":[3.275,11.775,3.975,12.975],"rotation":0,"texture":"#0","tintindex":0},"south":{"uv":[7.275,11.775,7.975,12.975],"rotation":0,"texture":"#0","tintindex":0},"up":{"uv":[5.975,12.975,5.275,12.025],"rotation":0,"texture":"#0","tintindex":0},"west":{"uv":[5.525,10.775,6.475,11.975],"rotation":0,"texture":"#0","tintindex":0}}}],"display":{"head":{"translation":[0.0,-6.4,0.0],"rotation":[0.0,0.0,0.0],"scale":[3.8095,3.8095,3.8095]}}}