{"textures":{"0":"modelengine:entity/bard","1":"modelengine:entity/bard_stool"},"elements":[{"name":"cube","from":[7.4300003,6.2,6.8],"to":[8.63,8.0,9.2],"rotation":{"angle":0.0,"axis":"x","origin":[11.900001,0.7999997,7.1]},"faces":{"down":{"uv":[6.475,12.025,6.025,12.975],"rotation":0,"texture":"#0","tintindex":0},"east":{"uv":[3.525,8.525,4.475,9.225],"rotation":0,"texture":"#0","tintindex":0},"north":{"uv":[2.275,13.025,2.725,13.725],"rotation":0,"texture":"#0","tintindex":0},"south":{"uv":[2.775,13.025,3.225,13.725],"rotation":0,"texture":"#0","tintindex":0},"up":{"uv":[7.975,4.975,7.525,4.025],"rotation":0,"texture":"#0","tintindex":0},"west":{"uv":[12.025,7.275,12.975,7.975],"rotation":0,"texture":"#0","tintindex":0}}},{"name":"cube","from":[8.63,6.8,6.8],"to":[9.23,8.0,8.0],"rotation":{"angle":0.0,"axis":"x","origin":[13.1,0.7999997,7.1]},"faces":{"down":{"uv":[13.225,11.775,13.025,12.225],"rotation":0,"texture":"#0","tintindex":0},"east":{"uv":[1.525,6.525,1.975,6.975],"rotation":0,"texture":"#0","tintindex":0},"north":{"uv":[3.525,4.525,3.725,4.975],"rotation":0,"texture":"#0","tintindex":0},"south":{"uv":[9.525,6.525,9.725,6.975],"rotation":0,"texture":"#0","tintindex":0},"up":{"uv":[7.475,10.475,7.275,10.025],"rotation":0,"texture":"#0","tintindex":0},"west":{"uv":[13.025,7.275,13.475,7.725],"rotation":0,"texture":"#0","tintindex":0}}}],"display":{"head":{"translation":[0.0,-6.4,0.0],"rotation":[0.0,0.0,0.0],"scale":[3.8095,3.8095,3.8095]}}}