{"textures":{"0":"modelengine:entity/bard","1":"modelengine:entity/bard_stool"},"elements":[{"name":"cube","from":[7.4,5.0,6.8],"to":[9.8,7.4,9.8],"rotation":{"angle":22.5,"axis":"x","origin":[6.8,9.8,8.6]},"faces":{"down":{"uv":[10.775,10.775,11.725,11.975],"rotation":0,"texture":"#0","tintindex":0},"east":{"uv":[9.725,10.775,8.525,11.725],"rotation":0,"texture":"#0","tintindex":0},"north":{"uv":[0.975,11.275,0.025,12.225],"rotation":0,"texture":"#0","tintindex":0},"south":{"uv":[1.975,11.275,1.025,12.225],"rotation":0,"texture":"#0","tintindex":0},"up":{"uv":[9.775,11.975,10.725,10.775],"rotation":0,"texture":"#0","tintindex":0},"west":{"uv":[7.475,4.025,6.275,4.975],"rotation":0,"texture":"#0","tintindex":0}}},{"name":"cube","from":[7.7,7.4,7.1],"to":[9.5,8.6,9.5],"rotation":{"angle":22.5,"axis":"x","origin":[6.8,9.8,8.6]},"faces":{"down":{"uv":[11.025,12.025,11.725,12.975],"rotation":0,"texture":"#0","tintindex":0},"east":{"uv":[13.475,10.525,12.525,10.975],"rotation":0,"texture":"#0","tintindex":0},"north":{"uv":[13.725,2.775,13.025,3.225],"rotation":0,"texture":"#0","tintindex":0},"south":{"uv":[3.975,13.025,3.275,13.475],"rotation":0,"texture":"#0","tintindex":0},"up":{"uv":[10.275,12.975,10.975,12.025],"rotation":0,"texture":"#0","tintindex":0},"west":{"uv":[13.475,8.775,12.525,9.225],"rotation":0,"texture":"#0","tintindex":0}}},{"name":"cube","from":[7.7,4.3999996,7.4],"to":[9.5,5.0,9.2],"rotation":{"angle":22.5,"axis":"x","origin":[6.8,9.8,8.6]},"faces":{"down":{"uv":[12.525,3.525,13.225,4.225],"rotation":0,"texture":"#0","tintindex":0},"east":{"uv":[12.975,6.025,12.275,6.225],"rotation":0,"texture":"#0","tintindex":0},"north":{"uv":[1.725,12.275,1.025,12.475],"rotation":0,"texture":"#0","tintindex":0},"south":{"uv":[12.975,4.525,12.275,4.725],"rotation":0,"texture":"#0","tintindex":0},"up":{"uv":[12.275,9.975,12.975,9.275],"rotation":0,"texture":"#0","tintindex":0},"west":{"uv":[12.975,2.775,12.275,2.975],"rotation":0,"texture":"#0","tintindex":0}}}],"display":{"head":{"translation":[0.0,-6.4,0.0],"rotation":[0.0,0.0,0.0],"scale":[3.8095,3.8095,3.8095]}}}