{"textures":{"0":"modelengine:entity/bard","1":"modelengine:entity/bard_stool"},"elements":[{"name":"cube","from":[7.7,6.2,5.8999996],"to":[10.700001,9.2,9.5],"rotation":{"angle":0.0,"axis":"x","origin":[5.3,-5.200001,7.1]},"faces":{"down":{"uv":[1.275,9.775,2.475,11.225],"rotation":0,"texture":"#0","tintindex":0},"east":{"uv":[10.225,9.525,8.775,10.725],"rotation":0,"texture":"#0","tintindex":0},"north":{"uv":[8.475,10.525,7.275,11.725],"rotation":0,"texture":"#0","tintindex":0},"south":{"uv":[11.725,8.025,10.525,9.225],"rotation":0,"texture":"#0","tintindex":0},"up":{"uv":[0.025,11.225,1.225,9.775],"rotation":0,"texture":"#0","tintindex":0},"west":{"uv":[10.975,5.275,9.525,6.475],"rotation":0,"texture":"#0","tintindex":0}}},{"name":"cube","from":[8.3,5.0,6.5],"to":[10.1,6.2,8.9],"rotation":{"angle":0.0,"axis":"x","origin":[5.6,-5.200001,6.8]},"faces":{"down":{"uv":[4.525,12.025,5.225,12.975],"rotation":0,"texture":"#0","tintindex":0},"east":{"uv":[13.225,10.025,12.275,10.475],"rotation":0,"texture":"#0","tintindex":0},"north":{"uv":[1.475,13.025,0.775,13.475],"rotation":0,"texture":"#0","tintindex":0},"south":{"uv":[2.225,13.025,1.525,13.475],"rotation":0,"texture":"#0","tintindex":0},"up":{"uv":[2.525,12.975,3.225,12.025],"rotation":0,"texture":"#0","tintindex":0},"west":{"uv":[13.225,6.775,12.275,7.225],"rotation":0,"texture":"#0","tintindex":0}}}],"display":{"head":{"translation":[0.0,-6.4,0.0],"rotation":[0.0,0.0,0.0],"scale":[3.8095,3.8095,3.8095]}}}