{"textures":{"0":"modelengine:entity/bard","1":"modelengine:entity/bard_stool"},"elements":[{"name":"cube","from":[6.2,7.4,6.2],"to":[10.4,8.6,10.4],"rotation":{"angle":0.0,"axis":"x","origin":[8.0,3.7999997,8.0]},"faces":{"down":{"uv":[3.5,3.5,0.0,7.0],"rotation":0,"texture":"#1","tintindex":0},"east":{"uv":[5.5,1.0,9.0,2.0],"rotation":0,"texture":"#1","tintindex":0},"north":{"uv":[5.5,0.0,9.0,1.0],"rotation":0,"texture":"#1","tintindex":0},"south":{"uv":[5.5,2.0,9.0,3.0],"rotation":0,"texture":"#1","tintindex":0},"up":{"uv":[3.5,3.5,0.0,0.0],"rotation":0,"texture":"#1","tintindex":0},"west":{"uv":[5.5,3.0,9.0,4.0],"rotation":0,"texture":"#1","tintindex":0}}},{"name":"cube","from":[7.7,3.7999997,6.2],"to":[8.9,8.0,7.4],"rotation":{"angle":22.5,"axis":"x","origin":[9.2,6.2,6.8]},"faces":{"down":{"uv":[6.5,5.0,5.5,6.0],"rotation":0,"texture":"#1","tintindex":0},"east":{"uv":[3.5,3.5,4.5,7.0],"rotation":0,"texture":"#1","tintindex":0},"north":{"uv":[3.5,0.0,4.5,3.5],"rotation":0,"texture":"#1","tintindex":0},"south":{"uv":[4.5,0.0,5.5,3.5],"rotation":0,"texture":"#1","tintindex":0},"up":{"uv":[6.5,5.0,5.5,4.0],"rotation":0,"texture":"#1","tintindex":0},"west":{"uv":[4.5,3.5,5.5,7.0],"rotation":0,"texture":"#1","tintindex":0}}},{"name":"cube","from":[7.7,3.7999997,9.2],"to":[8.9,8.0,10.4],"rotation":{"angle":-22.5,"axis":"x","origin":[9.2,6.2,9.8]},"faces":{"down":{"uv":[6.5,6.0,5.5,5.0],"rotation":0,"texture":"#1","tintindex":0},"east":{"uv":[4.5,3.5,3.5,7.0],"rotation":0,"texture":"#1","tintindex":0},"north":{"uv":[5.5,0.0,4.5,3.5],"rotation":0,"texture":"#1","tintindex":0},"south":{"uv":[4.5,0.0,3.5,3.5],"rotation":0,"texture":"#1","tintindex":0},"up":{"uv":[6.5,4.0,5.5,5.0],"rotation":0,"texture":"#1","tintindex":0},"west":{"uv":[5.5,3.5,4.5,7.0],"rotation":0,"texture":"#1","tintindex":0}}},{"name":"cube","from":[9.2,3.7999997,7.7],"to":[10.4,8.0,8.9],"rotation":{"angle":22.5,"axis":"z","origin":[9.8,6.2,9.2]},"faces":{"down":{"uv":[6.5,5.0,5.5,6.0],"rotation":270,"texture":"#1","tintindex":0},"east":{"uv":[3.5,0.0,4.5,3.5],"rotation":0,"texture":"#1","tintindex":0},"north":{"uv":[4.5,3.5,5.5,7.0],"rotation":0,"texture":"#1","tintindex":0},"south":{"uv":[3.5,3.5,4.5,7.0],"rotation":0,"texture":"#1","tintindex":0},"up":{"uv":[6.5,5.0,5.5,4.0],"rotation":90,"texture":"#1","tintindex":0},"west":{"uv":[4.5,0.0,5.5,3.5],"rotation":0,"texture":"#1","tintindex":0}}},{"name":"cube","from":[6.2,3.7999997,7.7],"to":[7.4,8.0,8.9],"rotation":{"angle":-22.5,"axis":"z","origin":[6.8,6.2,9.2]},"faces":{"down":{"uv":[6.5,6.0,5.5,5.0],"rotation":270,"texture":"#1","tintindex":0},"east":{"uv":[5.5,0.0,4.5,3.5],"rotation":0,"texture":"#1","tintindex":0},"north":{"uv":[5.5,3.5,4.5,7.0],"rotation":0,"texture":"#1","tintindex":0},"south":{"uv":[4.5,3.5,3.5,7.0],"rotation":0,"texture":"#1","tintindex":0},"up":{"uv":[6.5,4.0,5.5,5.0],"rotation":90,"texture":"#1","tintindex":0},"west":{"uv":[4.5,0.0,3.5,3.5],"rotation":0,"texture":"#1","tintindex":0}}}],"display":{"head":{"translation":[0.0,-6.4,0.0],"rotation":[0.0,0.0,0.0],"scale":[3.8095,3.8095,3.8095]}}}