{"textures":{"0":"modelengine:entity/dungeon_barricade"},"elements":[{"name":"cube","from":[-2.6166673,-2.2906432,11.740069],"to":[18.383333,0.10935664,12.940069],"rotation":{"angle":0.0,"axis":"x","origin":[8.183333,-2.2906432,12.340069]},"faces":{"down":{"uv":[11.5,6.625,7.125,6.875],"rotation":0,"texture":"#0","tintindex":0},"east":{"uv":[6.875,8.5,7.125,9.0],"rotation":0,"texture":"#0","tintindex":0},"north":{"uv":[4.375,0.0,8.75,0.5],"rotation":0,"texture":"#0","tintindex":0},"south":{"uv":[4.375,0.5,8.75,1.0],"rotation":0,"texture":"#0","tintindex":0},"up":{"uv":[11.5,6.625,7.125,6.375],"rotation":0,"texture":"#0","tintindex":0},"west":{"uv":[1.5,8.625,1.75,9.125],"rotation":0,"texture":"#0","tintindex":0}}},{"name":"cube","from":[-2.0166674,0.10935664,11.740069],"to":[18.983334,2.509357,12.940069],"rotation":{"angle":0.0,"axis":"x","origin":[8.183333,-2.2906432,12.340069]},"faces":{"down":{"uv":[11.5,7.125,7.125,7.375],"rotation":0,"texture":"#0","tintindex":0},"east":{"uv":[3.75,8.625,4.0,9.125],"rotation":0,"texture":"#0","tintindex":0},"north":{"uv":[4.375,1.0,8.75,1.5],"rotation":0,"texture":"#0","tintindex":0},"south":{"uv":[4.375,1.5,8.75,2.0],"rotation":0,"texture":"#0","tintindex":0},"up":{"uv":[11.5,7.125,7.125,6.875],"rotation":0,"texture":"#0","tintindex":0},"west":{"uv":[3.125,8.875,3.375,9.375],"rotation":0,"texture":"#0","tintindex":0}}},{"name":"cube","from":[-2.6166673,2.509357,11.740069],"to":[18.383333,7.309357,12.940069],"rotation":{"angle":0.0,"axis":"x","origin":[8.183333,-2.2906432,12.340069]},"faces":{"down":{"uv":[11.625,4.75,7.25,5.0],"rotation":0,"texture":"#0","tintindex":0},"east":{"uv":[0.625,8.5,0.875,9.5],"rotation":0,"texture":"#0","tintindex":0},"north":{"uv":[0.0,0.0,4.375,1.0],"rotation":0,"texture":"#0","tintindex":0},"south":{"uv":[0.0,1.0,4.375,2.0],"rotation":0,"texture":"#0","tintindex":0},"up":{"uv":[11.625,4.75,7.25,4.5],"rotation":0,"texture":"#0","tintindex":0},"west":{"uv":[6.625,8.5,6.875,9.5],"rotation":0,"texture":"#0","tintindex":0}}},{"name":"cube","from":[16.583334,6.109357,2.7400687],"to":[18.383333,7.309357,11.740069],"rotation":{"angle":0.0,"axis":"x","origin":[8.183333,-2.2906432,12.340069]},"faces":{"down":{"uv":[7.5,7.375,7.125,9.25],"rotation":0,"texture":"#0","tintindex":0},"east":{"uv":[7.5,8.25,9.375,8.5],"rotation":0,"texture":"#0","tintindex":0},"north":{"uv":[3.375,8.875,3.75,9.125],"rotation":0,"texture":"#0","tintindex":0},"south":{"uv":[9.0,4.25,9.375,4.5],"rotation":0,"texture":"#0","tintindex":0},"up":{"uv":[4.375,9.25,4.0,7.375],"rotation":0,"texture":"#0","tintindex":0},"west":{"uv":[8.375,3.5,10.25,3.75],"rotation":0,"texture":"#0","tintindex":0}}},{"name":"cube","from":[18.383333,13.909357,-2.0599318],"to":[20.183334,15.709357,13.540069],"rotation":{"angle":45.0,"axis":"x","origin":[7.883333,2.809357,-4.7599316]},"faces":{"down":{"uv":[2.5,5.25,2.125,8.5],"rotation":0,"texture":"#0","tintindex":0},"east":{"uv":[7.125,5.625,10.375,6.0],"rotation":0,"texture":"#0","tintindex":0},"north":{"uv":[8.75,0.5,9.125,0.875],"rotation":0,"texture":"#0","tintindex":0},"south":{"uv":[8.75,0.875,9.125,1.25],"rotation":0,"texture":"#0","tintindex":0},"up":{"uv":[2.125,8.5,1.75,5.25],"rotation":0,"texture":"#0","tintindex":0},"west":{"uv":[7.125,6.0,10.375,6.375],"rotation":0,"texture":"#0","tintindex":0}}},{"name":"cube","from":[18.683334,14.209357,-3.8599315],"to":[19.883335,15.409357,-2.0599318],"rotation":{"angle":45.0,"axis":"x","origin":[7.883333,2.809357,-4.7599316]},"faces":{"down":{"uv":[6.5,9.0,6.25,9.375],"rotation":0,"texture":"#0","tintindex":0},"east":{"uv":[9.0,5.0,9.375,5.25],"rotation":0,"texture":"#0","tintindex":0},"north":{"uv":[6.875,9.0,7.125,9.25],"rotation":0,"texture":"#0","tintindex":0},"south":{"uv":[7.5,9.0,7.75,9.25],"rotation":0,"texture":"#0","tintindex":0},"up":{"uv":[6.25,9.375,6.0,9.0],"rotation":0,"texture":"#0","tintindex":0},"west":{"uv":[9.0,5.25,9.375,5.5],"rotation":0,"texture":"#0","tintindex":0}}},{"name":"cube","from":[18.983334,14.509357,-5.0599318],"to":[19.583332,15.109357,-3.8599315],"rotation":{"angle":45.0,"axis":"x","origin":[7.883333,2.809357,-4.7599316]},"faces":{"down":{"uv":[3.25,5.75,3.125,6.0],"rotation":0,"texture":"#0","tintindex":0},"east":{"uv":[9.0,7.5,9.25,7.625],"rotation":0,"texture":"#0","tintindex":0},"north":{"uv":[2.5,6.0,2.625,6.125],"rotation":0,"texture":"#0","tintindex":0},"south":{"uv":[3.125,6.0,3.25,6.125],"rotation":0,"texture":"#0","tintindex":0},"up":{"uv":[2.625,6.0,2.5,5.75],"rotation":0,"texture":"#0","tintindex":0},"west":{"uv":[9.0,7.625,9.25,7.75],"rotation":0,"texture":"#0","tintindex":0}}},{"name":"cube","from":[0.9833329,-2.2906432,8.140069],"to":[8.783333,7.309357,9.340069],"rotation":{"angle":22.5,"axis":"x","origin":[3.983333,2.7093568,7.5400686]},"faces":{"down":{"uv":[10.0,4.0,8.375,4.25],"rotation":0,"texture":"#0","tintindex":0},"east":{"uv":[0.875,7.875,1.125,9.875],"rotation":0,"texture":"#0","tintindex":0},"north":{"uv":[0.0,2.0,1.625,4.0],"rotation":0,"texture":"#0","tintindex":0},"south":{"uv":[1.625,2.0,3.25,4.0],"rotation":0,"texture":"#0","tintindex":0},"up":{"uv":[10.0,4.0,8.375,3.75],"rotation":0,"texture":"#0","tintindex":0},"west":{"uv":[5.75,7.875,6.0,9.875],"rotation":0,"texture":"#0","tintindex":0}}},{"name":"cube","from":[3.383333,1.3093568,7.5400686],"to":[6.383333,4.3093567,8.140069],"rotation":{"angle":22.5,"axis":"x","origin":[3.983333,2.7093568,7.5400686]},"faces":{"down":{"uv":[9.625,7.375,9.0,7.5],"rotation":0,"texture":"#0","tintindex":0},"east":{"uv":[3.125,4.0,3.25,4.625],"rotation":0,"texture":"#0","tintindex":0},"north":{"uv":[6.0,7.875,6.625,8.5],"rotation":0,"texture":"#0","tintindex":0},"south":{"uv":[2.75,8.0,3.375,8.625],"rotation":0,"texture":"#0","tintindex":0},"up":{"uv":[9.625,5.625,9.0,5.5],"rotation":0,"texture":"#0","tintindex":0},"west":{"uv":[3.125,4.625,3.25,5.25],"rotation":0,"texture":"#0","tintindex":0}}},{"name":"cube","from":[2.183333,1.3093568,3.9400682],"to":[2.183333,4.3093567,8.140069],"rotation":{"angle":22.5,"axis":"x","origin":[3.983333,2.7093568,7.5400686]},"faces":{"down":{"uv":[0.0,0.0,0.0,0.875],"rotation":0,"texture":"#0","tintindex":0},"east":{"uv":[7.5,7.375,8.375,8.0],"rotation":0,"texture":"#0","tintindex":0},"north":{"uv":[0.0,0.0,0.0,0.625],"rotation":0,"texture":"#0","tintindex":0},"south":{"uv":[0.0,0.0,0.0,0.625],"rotation":0,"texture":"#0","tintindex":0},"up":{"uv":[0.0,0.875,0.0,0.0],"rotation":0,"texture":"#0","tintindex":0},"west":{"uv":[8.375,7.375,7.5,8.0],"rotation":0,"texture":"#0","tintindex":0}}},{"name":"cube","from":[19.283333,13.309358,-5.659932],"to":[19.283333,16.309357,0.34006858],"rotation":{"angle":45.0,"axis":"x","origin":[7.883333,2.809357,-4.7599316]},"faces":{"down":{"uv":[0.0,0.0,0.0,1.25],"rotation":0,"texture":"#0","tintindex":0},"east":{"uv":[7.25,5.0,8.5,5.625],"rotation":0,"texture":"#0","tintindex":0},"north":{"uv":[0.0,0.0,0.0,0.625],"rotation":0,"texture":"#0","tintindex":0},"south":{"uv":[0.0,0.0,0.0,0.625],"rotation":0,"texture":"#0","tintindex":0},"up":{"uv":[0.0,1.25,0.0,0.0],"rotation":0,"texture":"#0","tintindex":0},"west":{"uv":[2.75,7.375,4.0,8.0],"rotation":0,"texture":"#0","tintindex":0}}},{"name":"cube","from":[-11.016667,0.7093568,9.340069],"to":[27.383335,2.509357,11.140069],"rotation":{"angle":0.0,"axis":"x","origin":[7.883333,2.809357,-4.7599316]},"faces":{"down":{"uv":[11.25,3.125,3.25,3.5],"rotation":0,"texture":"#0","tintindex":0},"east":{"uv":[8.75,1.25,9.125,1.625],"rotation":0,"texture":"#0","tintindex":0},"north":{"uv":[3.25,2.0,11.25,2.375],"rotation":0,"texture":"#0","tintindex":0},"south":{"uv":[3.25,2.375,11.25,2.75],"rotation":0,"texture":"#0","tintindex":0},"up":{"uv":[11.25,3.125,3.25,2.75],"rotation":0,"texture":"#0","tintindex":0},"west":{"uv":[8.75,1.625,9.125,2.0],"rotation":0,"texture":"#0","tintindex":0}}},{"name":"cube","from":[11.783334,-2.2906432,3.3400683],"to":[18.383333,3.1093569,9.340069],"rotation":{"angle":0.0,"axis":"x","origin":[8.183333,-2.2906432,12.340069]},"faces":{"down":{"uv":[5.875,4.5,4.5,5.75],"rotation":0,"texture":"#0","tintindex":0},"east":{"uv":[5.875,5.625,7.125,6.75],"rotation":0,"texture":"#0","tintindex":0},"north":{"uv":[4.5,5.75,5.875,6.875],"rotation":0,"texture":"#0","tintindex":0},"south":{"uv":[5.875,4.5,7.25,5.625],"rotation":0,"texture":"#0","tintindex":0},"up":{"uv":[2.625,5.25,1.25,4.0],"rotation":0,"texture":"#0","tintindex":0},"west":{"uv":[5.875,6.75,7.125,7.875],"rotation":0,"texture":"#0","tintindex":0}}},{"name":"cube","from":[12.383333,-2.2906432,10.54007],"to":[15.383333,16.309357,11.740069],"rotation":{"angle":0.0,"axis":"x","origin":[8.183333,-2.8906436,12.340069]},"faces":{"down":{"uv":[3.75,8.625,3.125,8.875],"rotation":0,"texture":"#0","tintindex":0},"east":{"uv":[4.5,6.875,4.75,10.75],"rotation":0,"texture":"#0","tintindex":0},"north":{"uv":[3.25,3.5,3.875,7.375],"rotation":0,"texture":"#0","tintindex":0},"south":{"uv":[3.875,3.5,4.5,7.375],"rotation":0,"texture":"#0","tintindex":0},"up":{"uv":[9.0,4.5,8.375,4.25],"rotation":0,"texture":"#0","tintindex":0},"west":{"uv":[4.75,6.875,5.0,10.75],"rotation":0,"texture":"#0","tintindex":0}}},{"name":"cube","from":[8.783333,-2.2906432,10.54007],"to":[11.183333,13.909357,11.740069],"rotation":{"angle":0.0,"axis":"x","origin":[8.183333,-2.8906436,12.340069]},"faces":{"down":{"uv":[9.375,8.75,8.875,9.0],"rotation":0,"texture":"#0","tintindex":0},"east":{"uv":[5.5,6.875,5.75,10.25],"rotation":0,"texture":"#0","tintindex":0},"north":{"uv":[2.625,4.0,3.125,7.375],"rotation":0,"texture":"#0","tintindex":0},"south":{"uv":[1.25,5.25,1.75,8.625],"rotation":0,"texture":"#0","tintindex":0},"up":{"uv":[9.375,8.75,8.875,8.5],"rotation":0,"texture":"#0","tintindex":0},"west":{"uv":[2.5,7.375,2.75,10.75],"rotation":0,"texture":"#0","tintindex":0}}},{"name":"cube","from":[-1.416667,9.709357,9.940069],"to":[17.183334,12.109357,10.54007],"rotation":{"angle":22.5,"axis":"z","origin":[7.883333,10.909357,10.240068]},"faces":{"down":{"uv":[11.375,8.125,7.5,8.25],"rotation":0,"texture":"#0","tintindex":0},"east":{"uv":[2.5,5.25,2.625,5.75],"rotation":0,"texture":"#0","tintindex":0},"north":{"uv":[4.5,3.5,8.375,4.0],"rotation":0,"texture":"#0","tintindex":0},"south":{"uv":[4.5,4.0,8.375,4.5],"rotation":0,"texture":"#0","tintindex":0},"up":{"uv":[11.375,8.125,7.5,8.0],"rotation":0,"texture":"#0","tintindex":0},"west":{"uv":[3.125,5.25,3.25,5.75],"rotation":0,"texture":"#0","tintindex":0}}},{"name":"cube","from":[-0.8166671,-2.2906432,10.54007],"to":[2.183333,16.309357,11.740069],"rotation":{"angle":0.0,"axis":"x","origin":[-5.0166674,-2.8906436,12.340069]},"faces":{"down":{"uv":[9.375,0.25,8.75,0.5],"rotation":0,"texture":"#0","tintindex":0},"east":{"uv":[5.0,6.875,5.25,10.75],"rotation":0,"texture":"#0","tintindex":0},"north":{"uv":[0.0,4.0,0.625,7.875],"rotation":0,"texture":"#0","tintindex":0},"south":{"uv":[0.625,4.0,1.25,7.875],"rotation":0,"texture":"#0","tintindex":0},"up":{"uv":[9.375,0.25,8.75,0.0],"rotation":0,"texture":"#0","tintindex":0},"west":{"uv":[5.25,6.875,5.5,10.75],"rotation":0,"texture":"#0","tintindex":0}}},{"name":"cube","from":[17.783333,13.309358,3.9400682],"to":[20.783333,16.309357,6.340069],"rotation":{"angle":45.0,"axis":"x","origin":[7.883333,2.809357,-4.7599316]},"faces":{"down":{"uv":[8.125,8.5,7.5,9.0],"rotation":0,"texture":"#0","tintindex":0},"east":{"uv":[6.625,7.875,7.125,8.5],"rotation":0,"texture":"#0","tintindex":0},"north":{"uv":[3.375,8.0,4.0,8.625],"rotation":0,"texture":"#0","tintindex":0},"south":{"uv":[8.375,7.375,9.0,8.0],"rotation":0,"texture":"#0","tintindex":0},"up":{"uv":[6.625,9.0,6.0,8.5],"rotation":0,"texture":"#0","tintindex":0},"west":{"uv":[8.5,5.0,9.0,5.625],"rotation":0,"texture":"#0","tintindex":0}}},{"name":"cube","from":[20.783333,0.10935664,8.740068],"to":[22.583336,3.1093569,11.740069],"rotation":{"angle":0.0,"axis":"x","origin":[9.083333,2.809357,-4.7599316]},"faces":{"down":{"uv":[3.125,8.625,2.75,9.25],"rotation":0,"texture":"#0","tintindex":0},"east":{"uv":[0.0,8.5,0.625,9.125],"rotation":0,"texture":"#0","tintindex":0},"north":{"uv":[8.125,8.5,8.5,9.125],"rotation":0,"texture":"#0","tintindex":0},"south":{"uv":[8.5,8.5,8.875,9.125],"rotation":0,"texture":"#0","tintindex":0},"up":{"uv":[1.5,9.25,1.125,8.625],"rotation":0,"texture":"#0","tintindex":0},"west":{"uv":[1.75,8.5,2.375,9.125],"rotation":0,"texture":"#0","tintindex":0}}},{"name":"cube","from":[24.083336,6.315673,13.095822],"to":[24.083336,9.315674,19.095821],"rotation":{"angle":-45.0,"axis":"x","origin":[24.083336,7.8156734,13.275823]},"faces":{"down":{"uv":[0.0,1.25,0.0,0.0],"rotation":0,"texture":"#0","tintindex":0},"east":{"uv":[8.5,5.0,7.25,5.625],"rotation":0,"texture":"#0","tintindex":0},"north":{"uv":[0.0,0.0,0.0,0.625],"rotation":0,"texture":"#0","tintindex":0},"south":{"uv":[0.0,0.0,0.0,0.625],"rotation":0,"texture":"#0","tintindex":0},"up":{"uv":[0.0,0.0,0.0,1.25],"rotation":0,"texture":"#0","tintindex":0},"west":{"uv":[4.0,7.375,2.75,8.0],"rotation":0,"texture":"#0","tintindex":0}}},{"name":"cube","from":[23.783337,7.5156736,17.295822],"to":[24.383335,8.115673,18.495823],"rotation":{"angle":-45.0,"axis":"x","origin":[24.083336,7.8156734,13.275823]},"faces":{"down":{"uv":[3.25,6.0,3.125,5.75],"rotation":0,"texture":"#0","tintindex":0},"east":{"uv":[9.25,7.5,9.0,7.625],"rotation":0,"texture":"#0","tintindex":0},"north":{"uv":[3.25,6.0,3.125,6.125],"rotation":0,"texture":"#0","tintindex":0},"south":{"uv":[2.625,6.0,2.5,6.125],"rotation":0,"texture":"#0","tintindex":0},"up":{"uv":[2.625,5.75,2.5,6.0],"rotation":0,"texture":"#0","tintindex":0},"west":{"uv":[9.25,7.625,9.0,7.75],"rotation":0,"texture":"#0","tintindex":0}}},{"name":"cube","from":[23.483334,7.215673,15.495822],"to":[24.683334,8.415673,17.295822],"rotation":{"angle":-45.0,"axis":"x","origin":[24.083336,7.8156734,13.275823]},"faces":{"down":{"uv":[6.5,9.375,6.25,9.0],"rotation":0,"texture":"#0","tintindex":0},"east":{"uv":[9.375,5.0,9.0,5.25],"rotation":0,"texture":"#0","tintindex":0},"north":{"uv":[7.75,9.0,7.5,9.25],"rotation":0,"texture":"#0","tintindex":0},"south":{"uv":[7.125,9.0,6.875,9.25],"rotation":0,"texture":"#0","tintindex":0},"up":{"uv":[6.25,9.0,6.0,9.375],"rotation":0,"texture":"#0","tintindex":0},"west":{"uv":[9.375,5.25,9.0,5.5],"rotation":0,"texture":"#0","tintindex":0}}},{"name":"cube","from":[23.183334,6.915673,-0.10417867],"to":[24.983334,8.715673,15.495822],"rotation":{"angle":-45.0,"axis":"x","origin":[24.083336,7.8156734,13.275823]},"faces":{"down":{"uv":[2.5,8.5,2.125,5.25],"rotation":0,"texture":"#0","tintindex":0},"east":{"uv":[10.375,5.625,7.125,6.0],"rotation":0,"texture":"#0","tintindex":0},"north":{"uv":[9.125,0.875,8.75,1.25],"rotation":0,"texture":"#0","tintindex":0},"south":{"uv":[9.125,0.5,8.75,0.875],"rotation":0,"texture":"#0","tintindex":0},"up":{"uv":[2.125,5.25,1.75,8.5],"rotation":0,"texture":"#0","tintindex":0},"west":{"uv":[10.375,6.0,7.125,6.375],"rotation":0,"texture":"#0","tintindex":0}}},{"name":"cube","from":[22.583336,6.315673,7.0958214],"to":[25.583336,9.315674,9.495822],"rotation":{"angle":-45.0,"axis":"x","origin":[24.083336,7.8156734,13.275823]},"faces":{"down":{"uv":[8.125,9.0,7.5,8.5],"rotation":0,"texture":"#0","tintindex":0},"east":{"uv":[7.125,7.875,6.625,8.5],"rotation":0,"texture":"#0","tintindex":0},"north":{"uv":[9.0,7.375,8.375,8.0],"rotation":0,"texture":"#0","tintindex":0},"south":{"uv":[4.0,8.0,3.375,8.625],"rotation":0,"texture":"#0","tintindex":0},"up":{"uv":[6.625,8.5,6.0,9.0],"rotation":0,"texture":"#0","tintindex":0},"west":{"uv":[9.0,5.0,8.5,5.625],"rotation":0,"texture":"#0","tintindex":0}}},{"name":"cube","from":[-8.616668,7.5156736,17.295822],"to":[-8.016667,8.115673,18.495823],"rotation":{"angle":-45.0,"axis":"x","origin":[-8.316668,7.8156734,13.275823]},"faces":{"down":{"uv":[3.125,6.0,3.25,5.75],"rotation":0,"texture":"#0","tintindex":0},"east":{"uv":[9.0,7.625,9.25,7.75],"rotation":0,"texture":"#0","tintindex":0},"north":{"uv":[3.125,6.0,3.25,6.125],"rotation":0,"texture":"#0","tintindex":0},"south":{"uv":[2.5,6.0,2.625,6.125],"rotation":0,"texture":"#0","tintindex":0},"up":{"uv":[2.5,5.75,2.625,6.0],"rotation":0,"texture":"#0","tintindex":0},"west":{"uv":[9.0,7.5,9.25,7.625],"rotation":0,"texture":"#0","tintindex":0}}},{"name":"cube","from":[-8.916668,7.215673,15.495822],"to":[-7.716667,8.415673,17.295822],"rotation":{"angle":-45.0,"axis":"x","origin":[-8.316668,7.8156734,13.275823]},"faces":{"down":{"uv":[6.25,9.375,6.5,9.0],"rotation":0,"texture":"#0","tintindex":0},"east":{"uv":[9.0,5.25,9.375,5.5],"rotation":0,"texture":"#0","tintindex":0},"north":{"uv":[7.5,9.0,7.75,9.25],"rotation":0,"texture":"#0","tintindex":0},"south":{"uv":[6.875,9.0,7.125,9.25],"rotation":0,"texture":"#0","tintindex":0},"up":{"uv":[6.0,9.0,6.25,9.375],"rotation":0,"texture":"#0","tintindex":0},"west":{"uv":[9.0,5.0,9.375,5.25],"rotation":0,"texture":"#0","tintindex":0}}},{"name":"cube","from":[-8.316668,6.315673,13.095822],"to":[-8.316668,9.315674,19.095821],"rotation":{"angle":-45.0,"axis":"x","origin":[-8.316668,7.8156734,13.275823]},"faces":{"down":{"uv":[0.0,1.25,0.0,0.0],"rotation":0,"texture":"#0","tintindex":0},"east":{"uv":[2.75,7.375,4.0,8.0],"rotation":0,"texture":"#0","tintindex":0},"north":{"uv":[0.0,0.0,0.0,0.625],"rotation":0,"texture":"#0","tintindex":0},"south":{"uv":[0.0,0.0,0.0,0.625],"rotation":0,"texture":"#0","tintindex":0},"up":{"uv":[0.0,0.0,0.0,1.25],"rotation":0,"texture":"#0","tintindex":0},"west":{"uv":[7.25,5.0,8.5,5.625],"rotation":0,"texture":"#0","tintindex":0}}},{"name":"cube","from":[-9.816668,6.315673,7.0958214],"to":[-6.8166676,9.315674,9.495822],"rotation":{"angle":-45.0,"axis":"x","origin":[-8.316668,7.8156734,13.275823]},"faces":{"down":{"uv":[7.5,9.0,8.125,8.5],"rotation":0,"texture":"#0","tintindex":0},"east":{"uv":[8.5,5.0,9.0,5.625],"rotation":0,"texture":"#0","tintindex":0},"north":{"uv":[8.375,7.375,9.0,8.0],"rotation":0,"texture":"#0","tintindex":0},"south":{"uv":[3.375,8.0,4.0,8.625],"rotation":0,"texture":"#0","tintindex":0},"up":{"uv":[6.0,8.5,6.625,9.0],"rotation":0,"texture":"#0","tintindex":0},"west":{"uv":[6.625,7.875,7.125,8.5],"rotation":0,"texture":"#0","tintindex":0}}},{"name":"cube","from":[-9.216667,6.915673,-0.10417867],"to":[-7.416667,8.715673,15.495822],"rotation":{"angle":-45.0,"axis":"x","origin":[-8.316668,7.8156734,13.275823]},"faces":{"down":{"uv":[2.125,8.5,2.5,5.25],"rotation":0,"texture":"#0","tintindex":0},"east":{"uv":[7.125,6.0,10.375,6.375],"rotation":0,"texture":"#0","tintindex":0},"north":{"uv":[8.75,0.875,9.125,1.25],"rotation":0,"texture":"#0","tintindex":0},"south":{"uv":[8.75,0.5,9.125,0.875],"rotation":0,"texture":"#0","tintindex":0},"up":{"uv":[1.75,5.25,2.125,8.5],"rotation":0,"texture":"#0","tintindex":0},"west":{"uv":[7.125,5.625,10.375,6.0],"rotation":0,"texture":"#0","tintindex":0}}},{"name":"cube","from":[-6.8166676,0.10935664,8.740068],"to":[-5.0166674,3.1093569,11.740069],"rotation":{"angle":0.0,"axis":"x","origin":[6.6833334,2.809357,-4.7599316]},"faces":{"down":{"uv":[2.75,8.625,3.125,9.25],"rotation":0,"texture":"#0","tintindex":0},"east":{"uv":[2.375,8.5,1.75,9.125],"rotation":0,"texture":"#0","tintindex":0},"north":{"uv":[8.5,8.5,8.125,9.125],"rotation":0,"texture":"#0","tintindex":0},"south":{"uv":[8.875,8.5,8.5,9.125],"rotation":0,"texture":"#0","tintindex":0},"up":{"uv":[1.125,9.25,1.5,8.625],"rotation":0,"texture":"#0","tintindex":0},"west":{"uv":[0.625,8.5,0.0,9.125],"rotation":0,"texture":"#0","tintindex":0}}},{"name":"cube","from":[-3.5166674,13.309358,-5.659932],"to":[-3.5166674,16.309357,0.34006858],"rotation":{"angle":45.0,"axis":"x","origin":[7.883333,2.809357,-4.7599316]},"faces":{"down":{"uv":[0.0,0.0,0.0,1.25],"rotation":0,"texture":"#0","tintindex":0},"east":{"uv":[4.0,7.375,2.75,8.0],"rotation":0,"texture":"#0","tintindex":0},"north":{"uv":[0.0,0.0,0.0,0.625],"rotation":0,"texture":"#0","tintindex":0},"south":{"uv":[0.0,0.0,0.0,0.625],"rotation":0,"texture":"#0","tintindex":0},"up":{"uv":[0.0,1.25,0.0,0.0],"rotation":0,"texture":"#0","tintindex":0},"west":{"uv":[8.5,5.0,7.25,5.625],"rotation":0,"texture":"#0","tintindex":0}}},{"name":"cube","from":[-3.816667,14.509357,-5.0599318],"to":[-3.2166672,15.109357,-3.8599315],"rotation":{"angle":45.0,"axis":"x","origin":[7.883333,2.809357,-4.7599316]},"faces":{"down":{"uv":[3.125,5.75,3.25,6.0],"rotation":0,"texture":"#0","tintindex":0},"east":{"uv":[9.25,7.625,9.0,7.75],"rotation":0,"texture":"#0","tintindex":0},"north":{"uv":[2.625,6.0,2.5,6.125],"rotation":0,"texture":"#0","tintindex":0},"south":{"uv":[3.25,6.0,3.125,6.125],"rotation":0,"texture":"#0","tintindex":0},"up":{"uv":[2.5,6.0,2.625,5.75],"rotation":0,"texture":"#0","tintindex":0},"west":{"uv":[9.25,7.5,9.0,7.625],"rotation":0,"texture":"#0","tintindex":0}}},{"name":"cube","from":[-4.1166673,14.209357,-3.8599315],"to":[-2.9166675,15.409357,-2.0599318],"rotation":{"angle":45.0,"axis":"x","origin":[7.883333,2.809357,-4.7599316]},"faces":{"down":{"uv":[6.25,9.0,6.5,9.375],"rotation":0,"texture":"#0","tintindex":0},"east":{"uv":[9.375,5.25,9.0,5.5],"rotation":0,"texture":"#0","tintindex":0},"north":{"uv":[7.125,9.0,6.875,9.25],"rotation":0,"texture":"#0","tintindex":0},"south":{"uv":[7.75,9.0,7.5,9.25],"rotation":0,"texture":"#0","tintindex":0},"up":{"uv":[6.0,9.375,6.25,9.0],"rotation":0,"texture":"#0","tintindex":0},"west":{"uv":[9.375,5.0,9.0,5.25],"rotation":0,"texture":"#0","tintindex":0}}},{"name":"cube","from":[-4.4166675,13.909357,-2.0599318],"to":[-2.6166673,15.709357,13.540069],"rotation":{"angle":45.0,"axis":"x","origin":[7.883333,2.809357,-4.7599316]},"faces":{"down":{"uv":[2.125,5.25,2.5,8.5],"rotation":0,"texture":"#0","tintindex":0},"east":{"uv":[10.375,6.0,7.125,6.375],"rotation":0,"texture":"#0","tintindex":0},"north":{"uv":[9.125,0.5,8.75,0.875],"rotation":0,"texture":"#0","tintindex":0},"south":{"uv":[9.125,0.875,8.75,1.25],"rotation":0,"texture":"#0","tintindex":0},"up":{"uv":[1.75,8.5,2.125,5.25],"rotation":0,"texture":"#0","tintindex":0},"west":{"uv":[10.375,5.625,7.125,6.0],"rotation":0,"texture":"#0","tintindex":0}}},{"name":"cube","from":[-5.0166674,13.309358,3.9400682],"to":[-2.0166674,16.309357,6.340069],"rotation":{"angle":45.0,"axis":"x","origin":[7.883333,2.809357,-4.7599316]},"faces":{"down":{"uv":[7.5,8.5,8.125,9.0],"rotation":0,"texture":"#0","tintindex":0},"east":{"uv":[9.0,5.0,8.5,5.625],"rotation":0,"texture":"#0","tintindex":0},"north":{"uv":[4.0,8.0,3.375,8.625],"rotation":0,"texture":"#0","tintindex":0},"south":{"uv":[9.0,7.375,8.375,8.0],"rotation":0,"texture":"#0","tintindex":0},"up":{"uv":[6.0,9.0,6.625,8.5],"rotation":0,"texture":"#0","tintindex":0},"west":{"uv":[7.125,7.875,6.625,8.5],"rotation":0,"texture":"#0","tintindex":0}}},{"name":"cube","from":[5.183333,4.3093567,3.9400682],"to":[5.183333,7.309357,8.140069],"rotation":{"angle":22.5,"axis":"x","origin":[6.983333,2.7093568,7.5400686]},"faces":{"down":{"uv":[0.0,0.0,0.0,0.875],"rotation":0,"texture":"#0","tintindex":0},"east":{"uv":[7.5,7.375,8.375,8.0],"rotation":0,"texture":"#0","tintindex":0},"north":{"uv":[0.0,0.0,0.0,0.625],"rotation":0,"texture":"#0","tintindex":0},"south":{"uv":[0.0,0.0,0.0,0.625],"rotation":0,"texture":"#0","tintindex":0},"up":{"uv":[0.0,0.875,0.0,0.0],"rotation":0,"texture":"#0","tintindex":0},"west":{"uv":[8.375,7.375,7.5,8.0],"rotation":0,"texture":"#0","tintindex":0}}}],"display":{"head":{"translation":[0.0,-6.4,0.0],"rotation":[0.0,0.0,0.0],"scale":[3.8095,3.8095,3.8095]}}}