{"textures":{"0":"modelengine:entity/rpg3_rock"},"elements":[{"name":"cube","from":[8.0,8.75,-5.8],"to":[8.0,18.35,0.7999997],"rotation":{"angle":0.0,"axis":"x","origin":[8.0,8.0,8.0]},"faces":{"down":{"uv":[9.625,0.0,11.0,2.0],"rotation":0,"texture":"#0","tintindex":0},"east":{"uv":[11.0,0.0,9.625,2.0],"rotation":0,"texture":"#0","tintindex":0},"north":{"uv":[9.625,0.0,11.0,2.0],"rotation":0,"texture":"#0","tintindex":0},"south":{"uv":[9.625,0.0,11.0,2.0],"rotation":0,"texture":"#0","tintindex":0},"up":{"uv":[9.625,0.0,11.0,2.0],"rotation":0,"texture":"#0","tintindex":0},"west":{"uv":[9.625,0.0,11.0,2.0],"rotation":0,"texture":"#0","tintindex":0}}},{"name":"cube","from":[2.8999999,13.25,-5.8],"to":[12.5,13.25,0.7999997],"rotation":{"angle":0.0,"axis":"x","origin":[8.0,8.0,-2.5000005]},"faces":{"down":{"uv":[9.625,0.0,11.0,2.0],"rotation":270,"texture":"#0","tintindex":0},"east":{"uv":[9.625,0.0,11.0,2.0],"rotation":270,"texture":"#0","tintindex":0},"north":{"uv":[9.625,0.0,11.0,2.0],"rotation":90,"texture":"#0","tintindex":0},"south":{"uv":[9.625,0.0,11.0,2.0],"rotation":270,"texture":"#0","tintindex":0},"up":{"uv":[11.0,0.0,9.625,2.0],"rotation":270,"texture":"#0","tintindex":0},"west":{"uv":[9.625,0.0,11.0,2.0],"rotation":270,"texture":"#0","tintindex":0}}}],"display":{"head":{"translation":[0.0,-6.4,0.0],"rotation":[0.0,0.0,0.0],"scale":[3.8095,3.8095,3.8095]}}}