{"textures":{"0":"modelengine:entity/dungeon_saw"},"elements":[{"name":"cube","from":[8.0,7.4,6.5],"to":[27.2,8.6,9.5],"rotation":{"angle":0.0,"axis":"x","origin":[8.0,8.0,8.0]},"faces":{"down":{"uv":[6.0,1.25,14.0,2.5],"rotation":0,"texture":"#0","tintindex":0},"east":{"uv":[7.25,4.0,6.0,4.5],"rotation":0,"texture":"#0","tintindex":0},"north":{"uv":[14.0,2.5,6.0,3.0],"rotation":0,"texture":"#0","tintindex":0},"south":{"uv":[14.0,3.0,6.0,3.5],"rotation":0,"texture":"#0","tintindex":0},"up":{"uv":[6.0,1.25,14.0,0.0],"rotation":0,"texture":"#0","tintindex":0},"west":{"uv":[7.25,3.5,6.0,4.0],"rotation":0,"texture":"#0","tintindex":0}}},{"name":"cube","from":[-11.200001,7.4,6.5],"to":[8.0,8.6,9.5],"rotation":{"angle":0.0,"axis":"x","origin":[8.0,8.0,8.0]},"faces":{"down":{"uv":[14.0,1.25,6.0,2.5],"rotation":0,"texture":"#0","tintindex":0},"east":{"uv":[6.0,3.5,7.25,4.0],"rotation":0,"texture":"#0","tintindex":0},"north":{"uv":[6.0,2.5,14.0,3.0],"rotation":0,"texture":"#0","tintindex":0},"south":{"uv":[6.0,3.0,14.0,3.5],"rotation":0,"texture":"#0","tintindex":0},"up":{"uv":[14.0,1.25,6.0,0.0],"rotation":0,"texture":"#0","tintindex":0},"west":{"uv":[6.0,4.0,7.25,4.5],"rotation":0,"texture":"#0","tintindex":0}}}],"display":{"head":{"translation":[0.0,-6.4,0.0],"rotation":[0.0,0.0,0.0],"scale":[3.8095,3.8095,3.8095]}}}