{"textures":{"0":"modelengine:entity/dungeon_saw"},"elements":[{"name":"dungeon_saw_2","from":[14.668912,5.8226633,7.78292],"to":[15.103071,6.6909833,8.21708],"rotation":{"angle":0.0,"axis":"x","origin":[28.56203,0.6127434,8.21708]},"faces":{"down":{"uv":[3.0,7.75,3.25,8.0],"rotation":90,"texture":"#0","tintindex":0},"east":{"uv":[3.5,7.75,3.0,8.0],"rotation":90,"texture":"#0","tintindex":0},"north":{"uv":[3.0,7.75,3.5,8.0],"rotation":270,"texture":"#0","tintindex":0},"south":{"uv":[3.0,8.0,3.5,7.75],"rotation":270,"texture":"#0","tintindex":0},"up":{"uv":[3.25,7.75,3.5,8.0],"rotation":90,"texture":"#0","tintindex":0},"west":{"uv":[3.0,7.75,3.5,8.0],"rotation":270,"texture":"#0","tintindex":0}}},{"name":"dungeon_saw_3","from":[2.0782716,7.9934635,7.78292],"to":[15.103071,8.861784,8.21708],"rotation":{"angle":0.0,"axis":"x","origin":[28.56203,0.6127434,8.21708]},"faces":{"down":{"uv":[4.25,7.75,4.5,15.25],"rotation":90,"texture":"#0","tintindex":0},"east":{"uv":[4.75,7.75,4.25,8.0],"rotation":90,"texture":"#0","tintindex":0},"north":{"uv":[4.25,7.75,4.75,15.25],"rotation":270,"texture":"#0","tintindex":0},"south":{"uv":[4.25,15.25,4.75,7.75],"rotation":270,"texture":"#0","tintindex":0},"up":{"uv":[4.5,7.75,4.75,15.25],"rotation":90,"texture":"#0","tintindex":0},"west":{"uv":[4.25,15.0,4.75,15.25],"rotation":270,"texture":"#0","tintindex":0}}},{"name":"dungeon_saw_4","from":[14.668912,8.861784,7.78292],"to":[15.103071,9.295943,8.21708],"rotation":{"angle":0.0,"axis":"x","origin":[28.56203,0.6127434,8.21708]},"faces":{"down":{"uv":[4.75,7.75,5.0,8.0],"rotation":90,"texture":"#0","tintindex":0},"east":{"uv":[5.0,7.75,4.75,8.0],"rotation":90,"texture":"#0","tintindex":0},"north":{"uv":[4.75,7.75,5.0,8.0],"rotation":270,"texture":"#0","tintindex":0},"south":{"uv":[4.75,8.0,5.0,7.75],"rotation":270,"texture":"#0","tintindex":0},"up":{"uv":[4.75,7.75,5.0,8.0],"rotation":90,"texture":"#0","tintindex":0},"west":{"uv":[4.75,7.75,5.0,8.0],"rotation":270,"texture":"#0","tintindex":0}}},{"name":"dungeon_saw_5","from":[2.0782716,5.388503,7.78292],"to":[14.668912,6.2568235,8.21708],"rotation":{"angle":0.0,"axis":"x","origin":[28.56203,0.6127434,8.21708]},"faces":{"down":{"uv":[2.75,8.0,3.0,15.25],"rotation":90,"texture":"#0","tintindex":0},"east":{"uv":[3.25,8.0,2.75,8.25],"rotation":90,"texture":"#0","tintindex":0},"north":{"uv":[2.75,8.0,3.25,15.25],"rotation":270,"texture":"#0","tintindex":0},"south":{"uv":[2.75,15.25,3.25,8.0],"rotation":270,"texture":"#0","tintindex":0},"up":{"uv":[3.0,8.0,3.25,15.25],"rotation":90,"texture":"#0","tintindex":0},"west":{"uv":[2.75,15.0,3.25,15.25],"rotation":270,"texture":"#0","tintindex":0}}},{"name":"dungeon_saw_6","from":[1.2099512,7.5593033,7.78292],"to":[14.668912,7.9934635,8.21708],"rotation":{"angle":0.0,"axis":"x","origin":[28.56203,0.6127434,8.21708]},"faces":{"down":{"uv":[4.0,8.0,4.25,15.75],"rotation":90,"texture":"#0","tintindex":0},"east":{"uv":[4.25,8.0,4.0,8.25],"rotation":90,"texture":"#0","tintindex":0},"north":{"uv":[4.0,8.0,4.25,15.75],"rotation":270,"texture":"#0","tintindex":0},"south":{"uv":[4.0,15.75,4.25,8.0],"rotation":270,"texture":"#0","tintindex":0},"up":{"uv":[4.0,8.0,4.25,15.75],"rotation":90,"texture":"#0","tintindex":0},"west":{"uv":[4.0,15.5,4.25,15.75],"rotation":270,"texture":"#0","tintindex":0}}},{"name":"dungeon_saw_7","from":[13.800591,10.164263,7.78292],"to":[14.668912,11.466743,8.21708],"rotation":{"angle":0.0,"axis":"x","origin":[28.56203,0.6127434,8.21708]},"faces":{"down":{"uv":[5.5,8.0,5.75,8.5],"rotation":90,"texture":"#0","tintindex":0},"east":{"uv":[6.25,8.0,5.5,8.25],"rotation":90,"texture":"#0","tintindex":0},"north":{"uv":[5.5,8.0,6.25,8.5],"rotation":270,"texture":"#0","tintindex":0},"south":{"uv":[5.5,8.5,6.25,8.0],"rotation":270,"texture":"#0","tintindex":0},"up":{"uv":[6.0,8.0,6.25,8.5],"rotation":90,"texture":"#0","tintindex":0},"west":{"uv":[5.5,8.25,6.25,8.5],"rotation":270,"texture":"#0","tintindex":0}}},{"name":"dungeon_saw_8","from":[14.234752,11.466743,7.78292],"to":[14.668912,11.900903,8.21708],"rotation":{"angle":0.0,"axis":"x","origin":[28.56203,0.6127434,8.21708]},"faces":{"down":{"uv":[6.25,8.0,6.5,8.25],"rotation":90,"texture":"#0","tintindex":0},"east":{"uv":[6.5,8.0,6.25,8.25],"rotation":90,"texture":"#0","tintindex":0},"north":{"uv":[6.25,8.0,6.5,8.25],"rotation":270,"texture":"#0","tintindex":0},"south":{"uv":[6.25,8.25,6.5,8.0],"rotation":270,"texture":"#0","tintindex":0},"up":{"uv":[6.25,8.0,6.5,8.25],"rotation":90,"texture":"#0","tintindex":0},"west":{"uv":[6.25,8.0,6.5,8.25],"rotation":270,"texture":"#0","tintindex":0}}},{"name":"dungeon_saw_9","from":[1.2099512,4.954343,7.78292],"to":[14.234752,5.388503,8.21708],"rotation":{"angle":0.0,"axis":"x","origin":[28.56203,0.6127434,8.21708]},"faces":{"down":{"uv":[2.5,8.25,2.75,15.75],"rotation":90,"texture":"#0","tintindex":0},"east":{"uv":[2.75,8.25,2.5,8.5],"rotation":90,"texture":"#0","tintindex":0},"north":{"uv":[2.5,8.25,2.75,15.75],"rotation":270,"texture":"#0","tintindex":0},"south":{"uv":[2.5,15.75,2.75,8.25],"rotation":270,"texture":"#0","tintindex":0},"up":{"uv":[2.5,8.25,2.75,15.75],"rotation":90,"texture":"#0","tintindex":0},"west":{"uv":[2.5,15.5,2.75,15.75],"rotation":270,"texture":"#0","tintindex":0}}},{"name":"dungeon_saw_10","from":[0.7757914,7.125143,7.78292],"to":[14.234752,7.5593033,8.21708],"rotation":{"angle":0.0,"axis":"x","origin":[28.56203,0.6127434,8.21708]},"faces":{"down":{"uv":[3.75,8.25,4.0,16.0],"rotation":90,"texture":"#0","tintindex":0},"east":{"uv":[4.0,8.25,3.75,8.5],"rotation":90,"texture":"#0","tintindex":0},"north":{"uv":[3.75,8.25,4.0,16.0],"rotation":270,"texture":"#0","tintindex":0},"south":{"uv":[3.75,16.0,4.0,8.25],"rotation":270,"texture":"#0","tintindex":0},"up":{"uv":[3.75,8.25,4.0,16.0],"rotation":90,"texture":"#0","tintindex":0},"west":{"uv":[3.75,15.75,4.0,16.0],"rotation":270,"texture":"#0","tintindex":0}}},{"name":"dungeon_saw_11","from":[1.2099512,9.7301035,7.78292],"to":[14.234752,10.164263,8.21708],"rotation":{"angle":0.0,"axis":"x","origin":[28.56203,0.6127434,8.21708]},"faces":{"down":{"uv":[5.25,8.25,5.5,15.75],"rotation":90,"texture":"#0","tintindex":0},"east":{"uv":[5.5,8.25,5.25,8.5],"rotation":90,"texture":"#0","tintindex":0},"north":{"uv":[5.25,8.25,5.5,15.75],"rotation":270,"texture":"#0","tintindex":0},"south":{"uv":[5.25,15.75,5.5,8.25],"rotation":270,"texture":"#0","tintindex":0},"up":{"uv":[5.25,8.25,5.5,15.75],"rotation":90,"texture":"#0","tintindex":0},"west":{"uv":[5.25,15.5,5.5,15.75],"rotation":270,"texture":"#0","tintindex":0}}},{"name":"dungeon_saw_12","from":[13.366432,3.2177033,7.78292],"to":[13.800591,4.0860233,8.21708],"rotation":{"angle":0.0,"axis":"x","origin":[28.56203,0.6127434,8.21708]},"faces":{"down":{"uv":[1.5,8.5,1.75,8.75],"rotation":90,"texture":"#0","tintindex":0},"east":{"uv":[2.0,8.5,1.5,8.75],"rotation":90,"texture":"#0","tintindex":0},"north":{"uv":[1.5,8.5,2.0,8.75],"rotation":270,"texture":"#0","tintindex":0},"south":{"uv":[1.5,8.75,2.0,8.5],"rotation":270,"texture":"#0","tintindex":0},"up":{"uv":[1.75,8.5,2.0,8.75],"rotation":90,"texture":"#0","tintindex":0},"west":{"uv":[1.5,8.5,2.0,8.75],"rotation":270,"texture":"#0","tintindex":0}}},{"name":"dungeon_saw_13","from":[2.0782716,6.2568235,7.78292],"to":[13.800591,7.125143,8.21708],"rotation":{"angle":0.0,"axis":"x","origin":[28.56203,0.6127434,8.21708]},"faces":{"down":{"uv":[3.25,8.5,3.5,15.25],"rotation":90,"texture":"#0","tintindex":0},"east":{"uv":[3.75,8.5,3.25,8.75],"rotation":90,"texture":"#0","tintindex":0},"north":{"uv":[3.25,8.5,3.75,15.25],"rotation":270,"texture":"#0","tintindex":0},"south":{"uv":[3.25,15.25,3.75,8.5],"rotation":270,"texture":"#0","tintindex":0},"up":{"uv":[3.5,8.5,3.75,15.25],"rotation":90,"texture":"#0","tintindex":0},"west":{"uv":[3.25,15.0,3.75,15.25],"rotation":270,"texture":"#0","tintindex":0}}},{"name":"dungeon_saw_14","from":[2.0782716,8.861784,7.78292],"to":[13.800591,9.7301035,8.21708],"rotation":{"angle":0.0,"axis":"x","origin":[28.56203,0.6127434,8.21708]},"faces":{"down":{"uv":[4.75,8.5,5.0,15.25],"rotation":90,"texture":"#0","tintindex":0},"east":{"uv":[5.25,8.5,4.75,8.75],"rotation":90,"texture":"#0","tintindex":0},"north":{"uv":[4.75,8.5,5.25,15.25],"rotation":270,"texture":"#0","tintindex":0},"south":{"uv":[4.75,15.25,5.25,8.5],"rotation":270,"texture":"#0","tintindex":0},"up":{"uv":[5.0,8.5,5.25,15.25],"rotation":90,"texture":"#0","tintindex":0},"west":{"uv":[4.75,15.0,5.25,15.25],"rotation":270,"texture":"#0","tintindex":0}}},{"name":"dungeon_saw_15","from":[2.5124319,10.164263,7.78292],"to":[13.800591,11.032583,8.21708],"rotation":{"angle":0.0,"axis":"x","origin":[28.56203,0.6127434,8.21708]},"faces":{"down":{"uv":[5.5,8.5,5.75,15.0],"rotation":90,"texture":"#0","tintindex":0},"east":{"uv":[6.0,8.5,5.5,8.75],"rotation":90,"texture":"#0","tintindex":0},"north":{"uv":[5.5,8.5,6.0,15.0],"rotation":270,"texture":"#0","tintindex":0},"south":{"uv":[5.5,15.0,6.0,8.5],"rotation":270,"texture":"#0","tintindex":0},"up":{"uv":[5.75,8.5,6.0,15.0],"rotation":90,"texture":"#0","tintindex":0},"west":{"uv":[5.5,14.75,6.0,15.0],"rotation":270,"texture":"#0","tintindex":0}}},{"name":"dungeon_saw_16","from":[11.629792,2.7835436,7.78292],"to":[13.366432,3.651863,8.21708],"rotation":{"angle":0.0,"axis":"x","origin":[28.56203,0.6127434,8.21708]},"faces":{"down":{"uv":[1.25,8.75,1.5,9.75],"rotation":90,"texture":"#0","tintindex":0},"east":{"uv":[1.75,8.75,1.25,9.0],"rotation":90,"texture":"#0","tintindex":0},"north":{"uv":[1.25,8.75,1.75,9.75],"rotation":270,"texture":"#0","tintindex":0},"south":{"uv":[1.25,9.75,1.75,8.75],"rotation":270,"texture":"#0","tintindex":0},"up":{"uv":[1.5,8.75,1.75,9.75],"rotation":90,"texture":"#0","tintindex":0},"west":{"uv":[1.25,9.5,1.75,9.75],"rotation":270,"texture":"#0","tintindex":0}}},{"name":"dungeon_saw_17","from":[1.2099512,4.520183,7.78292],"to":[13.366432,4.954343,8.21708],"rotation":{"angle":0.0,"axis":"x","origin":[28.56203,0.6127434,8.21708]},"faces":{"down":{"uv":[2.25,8.75,2.5,15.75],"rotation":90,"texture":"#0","tintindex":0},"east":{"uv":[2.5,8.75,2.25,9.0],"rotation":90,"texture":"#0","tintindex":0},"north":{"uv":[2.25,8.75,2.5,15.75],"rotation":270,"texture":"#0","tintindex":0},"south":{"uv":[2.25,15.75,2.5,8.75],"rotation":270,"texture":"#0","tintindex":0},"up":{"uv":[2.25,8.75,2.5,15.75],"rotation":90,"texture":"#0","tintindex":0},"west":{"uv":[2.25,15.5,2.5,15.75],"rotation":270,"texture":"#0","tintindex":0}}},{"name":"dungeon_saw_18","from":[12.0639515,11.900903,7.78292],"to":[13.366432,12.769223,8.21708],"rotation":{"angle":0.0,"axis":"x","origin":[28.56203,0.6127434,8.21708]},"faces":{"down":{"uv":[6.5,8.75,6.75,9.5],"rotation":90,"texture":"#0","tintindex":0},"east":{"uv":[7.0,8.75,6.5,9.0],"rotation":90,"texture":"#0","tintindex":0},"north":{"uv":[6.5,8.75,7.0,9.5],"rotation":270,"texture":"#0","tintindex":0},"south":{"uv":[6.5,9.5,7.0,8.75],"rotation":270,"texture":"#0","tintindex":0},"up":{"uv":[6.75,8.75,7.0,9.5],"rotation":90,"texture":"#0","tintindex":0},"west":{"uv":[6.5,9.25,7.0,9.5],"rotation":270,"texture":"#0","tintindex":0}}},{"name":"dungeon_saw_19","from":[3.3807516,11.032583,7.78292],"to":[12.932272,11.900903,8.21708],"rotation":{"angle":0.0,"axis":"x","origin":[28.56203,0.6127434,8.21708]},"faces":{"down":{"uv":[6.0,9.0,6.25,14.5],"rotation":90,"texture":"#0","tintindex":0},"east":{"uv":[6.5,9.0,6.0,9.25],"rotation":90,"texture":"#0","tintindex":0},"north":{"uv":[6.0,9.0,6.5,14.5],"rotation":270,"texture":"#0","tintindex":0},"south":{"uv":[6.0,14.5,6.5,9.0],"rotation":270,"texture":"#0","tintindex":0},"up":{"uv":[6.25,9.0,6.5,14.5],"rotation":90,"texture":"#0","tintindex":0},"west":{"uv":[6.0,14.25,6.5,14.5],"rotation":270,"texture":"#0","tintindex":0}}},{"name":"dungeon_saw_20","from":[12.0639515,12.769223,7.78292],"to":[12.932272,13.203383,8.21708],"rotation":{"angle":0.0,"axis":"x","origin":[28.56203,0.6127434,8.21708]},"faces":{"down":{"uv":[7.0,9.0,7.25,9.5],"rotation":90,"texture":"#0","tintindex":0},"east":{"uv":[7.25,9.0,7.0,9.25],"rotation":90,"texture":"#0","tintindex":0},"north":{"uv":[7.0,9.0,7.25,9.5],"rotation":270,"texture":"#0","tintindex":0},"south":{"uv":[7.0,9.5,7.25,9.0],"rotation":270,"texture":"#0","tintindex":0},"up":{"uv":[7.0,9.0,7.25,9.5],"rotation":90,"texture":"#0","tintindex":0},"west":{"uv":[7.0,9.25,7.25,9.5],"rotation":270,"texture":"#0","tintindex":0}}},{"name":"dungeon_saw_21","from":[2.9465916,3.651863,7.78292],"to":[12.498112,4.520183,8.21708],"rotation":{"angle":0.0,"axis":"x","origin":[28.56203,0.6127434,8.21708]},"faces":{"down":{"uv":[1.75,9.25,2.0,14.75],"rotation":90,"texture":"#0","tintindex":0},"east":{"uv":[2.25,9.25,1.75,9.5],"rotation":90,"texture":"#0","tintindex":0},"north":{"uv":[1.75,9.25,2.25,14.75],"rotation":270,"texture":"#0","tintindex":0},"south":{"uv":[1.75,14.75,2.25,9.25],"rotation":270,"texture":"#0","tintindex":0},"up":{"uv":[2.0,9.25,2.25,14.75],"rotation":90,"texture":"#0","tintindex":0},"west":{"uv":[1.75,14.5,2.25,14.75],"rotation":270,"texture":"#0","tintindex":0}}},{"name":"dungeon_saw_22","from":[11.629792,13.203383,7.78292],"to":[12.498112,13.637544,8.21708],"rotation":{"angle":0.0,"axis":"x","origin":[28.56203,0.6127434,8.21708]},"faces":{"down":{"uv":[7.25,9.25,7.5,9.75],"rotation":90,"texture":"#0","tintindex":0},"east":{"uv":[7.5,9.25,7.25,9.5],"rotation":90,"texture":"#0","tintindex":0},"north":{"uv":[7.25,9.25,7.5,9.75],"rotation":270,"texture":"#0","tintindex":0},"south":{"uv":[7.25,9.75,7.5,9.25],"rotation":270,"texture":"#0","tintindex":0},"up":{"uv":[7.25,9.25,7.5,9.75],"rotation":90,"texture":"#0","tintindex":0},"west":{"uv":[7.25,9.5,7.5,9.75],"rotation":270,"texture":"#0","tintindex":0}}},{"name":"dungeon_saw_23","from":[2.0782716,11.900903,7.78292],"to":[12.0639515,12.335063,8.21708],"rotation":{"angle":0.0,"axis":"x","origin":[28.56203,0.6127434,8.21708]},"faces":{"down":{"uv":[6.5,9.5,6.75,15.25],"rotation":90,"texture":"#0","tintindex":0},"east":{"uv":[6.75,9.5,6.5,9.75],"rotation":90,"texture":"#0","tintindex":0},"north":{"uv":[6.5,9.5,6.75,15.25],"rotation":270,"texture":"#0","tintindex":0},"south":{"uv":[6.5,15.25,6.75,9.5],"rotation":270,"texture":"#0","tintindex":0},"up":{"uv":[6.5,9.5,6.75,15.25],"rotation":90,"texture":"#0","tintindex":0},"west":{"uv":[6.5,15.0,6.75,15.25],"rotation":270,"texture":"#0","tintindex":0}}},{"name":"dungeon_saw_24","from":[9.893152,1.4810634,7.78292],"to":[11.629792,1.9152236,8.21708],"rotation":{"angle":0.0,"axis":"x","origin":[28.56203,0.6127434,8.21708]},"faces":{"down":{"uv":[0.5,9.75,0.75,10.75],"rotation":90,"texture":"#0","tintindex":0},"east":{"uv":[0.75,9.75,0.5,10.0],"rotation":90,"texture":"#0","tintindex":0},"north":{"uv":[0.5,9.75,0.75,10.75],"rotation":270,"texture":"#0","tintindex":0},"south":{"uv":[0.5,10.75,0.75,9.75],"rotation":270,"texture":"#0","tintindex":0},"up":{"uv":[0.5,9.75,0.75,10.75],"rotation":90,"texture":"#0","tintindex":0},"west":{"uv":[0.5,10.5,0.75,10.75],"rotation":270,"texture":"#0","tintindex":0}}},{"name":"dungeon_saw_25","from":[2.5124319,3.2177033,7.78292],"to":[11.629792,3.651863,8.21708],"rotation":{"angle":0.0,"axis":"x","origin":[28.56203,0.6127434,8.21708]},"faces":{"down":{"uv":[1.5,9.75,1.75,15.0],"rotation":90,"texture":"#0","tintindex":0},"east":{"uv":[1.75,9.75,1.5,10.0],"rotation":90,"texture":"#0","tintindex":0},"north":{"uv":[1.5,9.75,1.75,15.0],"rotation":270,"texture":"#0","tintindex":0},"south":{"uv":[1.5,15.0,1.75,9.75],"rotation":270,"texture":"#0","tintindex":0},"up":{"uv":[1.5,9.75,1.75,15.0],"rotation":90,"texture":"#0","tintindex":0},"west":{"uv":[1.5,14.75,1.75,15.0],"rotation":270,"texture":"#0","tintindex":0}}},{"name":"dungeon_saw_26","from":[5.1173916,1.9152236,7.78292],"to":[11.195631,2.3493834,8.21708],"rotation":{"angle":0.0,"axis":"x","origin":[28.56203,0.6127434,8.21708]},"faces":{"down":{"uv":[0.75,10.0,1.0,13.5],"rotation":90,"texture":"#0","tintindex":0},"east":{"uv":[1.0,10.0,0.75,10.25],"rotation":90,"texture":"#0","tintindex":0},"north":{"uv":[0.75,10.0,1.0,13.5],"rotation":270,"texture":"#0","tintindex":0},"south":{"uv":[0.75,13.5,1.0,10.0],"rotation":270,"texture":"#0","tintindex":0},"up":{"uv":[0.75,10.0,1.0,13.5],"rotation":90,"texture":"#0","tintindex":0},"west":{"uv":[0.75,13.25,1.0,13.5],"rotation":270,"texture":"#0","tintindex":0}}},{"name":"dungeon_saw_27","from":[5.1173916,12.335063,7.78292],"to":[11.195631,13.203383,8.21708],"rotation":{"angle":0.0,"axis":"x","origin":[28.56203,0.6127434,8.21708]},"faces":{"down":{"uv":[6.75,10.0,7.0,13.5],"rotation":90,"texture":"#0","tintindex":0},"east":{"uv":[7.25,10.0,6.75,10.25],"rotation":90,"texture":"#0","tintindex":0},"north":{"uv":[6.75,10.0,7.25,13.5],"rotation":270,"texture":"#0","tintindex":0},"south":{"uv":[6.75,13.5,7.25,10.0],"rotation":270,"texture":"#0","tintindex":0},"up":{"uv":[7.0,10.0,7.25,13.5],"rotation":90,"texture":"#0","tintindex":0},"west":{"uv":[6.75,13.25,7.25,13.5],"rotation":270,"texture":"#0","tintindex":0}}},{"name":"dungeon_saw_28","from":[4.6832314,2.3493834,7.78292],"to":[10.761473,3.2177033,8.21708],"rotation":{"angle":0.0,"axis":"x","origin":[28.56203,0.6127434,8.21708]},"faces":{"down":{"uv":[1.0,10.25,1.25,13.75],"rotation":90,"texture":"#0","tintindex":0},"east":{"uv":[1.5,10.25,1.0,10.5],"rotation":90,"texture":"#0","tintindex":0},"north":{"uv":[1.0,10.25,1.5,13.75],"rotation":270,"texture":"#0","tintindex":0},"south":{"uv":[1.0,13.75,1.5,10.25],"rotation":270,"texture":"#0","tintindex":0},"up":{"uv":[1.25,10.25,1.5,13.75],"rotation":90,"texture":"#0","tintindex":0},"west":{"uv":[1.0,13.5,1.5,13.75],"rotation":270,"texture":"#0","tintindex":0}}},{"name":"dungeon_saw_29","from":[9.458992,13.203383,7.78292],"to":[10.761473,14.505863,8.21708],"rotation":{"angle":0.0,"axis":"x","origin":[28.56203,0.6127434,8.21708]},"faces":{"down":{"uv":[7.25,10.25,7.5,11.0],"rotation":90,"texture":"#0","tintindex":0},"east":{"uv":[8.0,10.25,7.25,10.5],"rotation":90,"texture":"#0","tintindex":0},"north":{"uv":[7.25,10.25,8.0,11.0],"rotation":270,"texture":"#0","tintindex":0},"south":{"uv":[7.25,11.0,8.0,10.25],"rotation":270,"texture":"#0","tintindex":0},"up":{"uv":[7.75,10.25,8.0,11.0],"rotation":90,"texture":"#0","tintindex":0},"west":{"uv":[7.25,10.75,8.0,11.0],"rotation":270,"texture":"#0","tintindex":0}}},{"name":"dungeon_saw_30","from":[9.024832,14.505863,7.78292],"to":[9.893152,14.940023,8.21708],"rotation":{"angle":0.0,"axis":"x","origin":[28.56203,0.6127434,8.21708]},"faces":{"down":{"uv":[8.0,10.75,8.25,11.25],"rotation":90,"texture":"#0","tintindex":0},"east":{"uv":[8.25,10.75,8.0,11.0],"rotation":90,"texture":"#0","tintindex":0},"north":{"uv":[8.0,10.75,8.25,11.25],"rotation":270,"texture":"#0","tintindex":0},"south":{"uv":[8.0,11.25,8.25,10.75],"rotation":270,"texture":"#0","tintindex":0},"up":{"uv":[8.0,10.75,8.25,11.25],"rotation":90,"texture":"#0","tintindex":0},"west":{"uv":[8.0,11.0,8.25,11.25],"rotation":270,"texture":"#0","tintindex":0}}},{"name":"dungeon_saw_31","from":[8.156511,0.6127434,7.78292],"to":[9.458992,1.0469031,8.21708],"rotation":{"angle":0.0,"axis":"x","origin":[28.56203,0.6127434,8.21708]},"faces":{"down":{"uv":[0.0,11.0,0.25,11.75],"rotation":90,"texture":"#0","tintindex":0},"east":{"uv":[0.25,11.0,0.0,11.25],"rotation":90,"texture":"#0","tintindex":0},"north":{"uv":[0.0,11.0,0.25,11.75],"rotation":270,"texture":"#0","tintindex":0},"south":{"uv":[0.0,11.75,0.25,11.0],"rotation":270,"texture":"#0","tintindex":0},"up":{"uv":[0.0,11.0,0.25,11.75],"rotation":90,"texture":"#0","tintindex":0},"west":{"uv":[0.0,11.5,0.25,11.75],"rotation":270,"texture":"#0","tintindex":0}}},{"name":"dungeon_saw_32","from":[4.6832314,13.203383,7.78292],"to":[9.458992,13.637544,8.21708],"rotation":{"angle":0.0,"axis":"x","origin":[28.56203,0.6127434,8.21708]},"faces":{"down":{"uv":[7.25,11.0,7.5,13.75],"rotation":90,"texture":"#0","tintindex":0},"east":{"uv":[7.5,11.0,7.25,11.25],"rotation":90,"texture":"#0","tintindex":0},"north":{"uv":[7.25,11.0,7.5,13.75],"rotation":270,"texture":"#0","tintindex":0},"south":{"uv":[7.25,13.75,7.5,11.0],"rotation":270,"texture":"#0","tintindex":0},"up":{"uv":[7.25,11.0,7.5,13.75],"rotation":90,"texture":"#0","tintindex":0},"west":{"uv":[7.25,13.5,7.5,13.75],"rotation":270,"texture":"#0","tintindex":0}}},{"name":"dungeon_saw_33","from":[7.7223516,1.0469031,7.78292],"to":[9.024832,1.9152236,8.21708],"rotation":{"angle":0.0,"axis":"x","origin":[28.56203,0.6127434,8.21708]},"faces":{"down":{"uv":[0.25,11.25,0.5,12.0],"rotation":90,"texture":"#0","tintindex":0},"east":{"uv":[0.75,11.25,0.25,11.5],"rotation":90,"texture":"#0","tintindex":0},"north":{"uv":[0.25,11.25,0.75,12.0],"rotation":270,"texture":"#0","tintindex":0},"south":{"uv":[0.25,12.0,0.75,11.25],"rotation":270,"texture":"#0","tintindex":0},"up":{"uv":[0.5,11.25,0.75,12.0],"rotation":90,"texture":"#0","tintindex":0},"west":{"uv":[0.25,11.75,0.75,12.0],"rotation":270,"texture":"#0","tintindex":0}}},{"name":"dungeon_saw_34","from":[6.8540316,13.637544,7.78292],"to":[8.590672,14.071704,8.21708],"rotation":{"angle":0.0,"axis":"x","origin":[28.56203,0.6127434,8.21708]},"faces":{"down":{"uv":[7.5,11.5,7.75,12.5],"rotation":90,"texture":"#0","tintindex":0},"east":{"uv":[7.75,11.5,7.5,11.75],"rotation":90,"texture":"#0","tintindex":0},"north":{"uv":[7.5,11.5,7.75,12.5],"rotation":270,"texture":"#0","tintindex":0},"south":{"uv":[7.5,12.5,7.75,11.5],"rotation":270,"texture":"#0","tintindex":0},"up":{"uv":[7.5,11.5,7.75,12.5],"rotation":90,"texture":"#0","tintindex":0},"west":{"uv":[7.5,12.25,7.75,12.5],"rotation":270,"texture":"#0","tintindex":0}}},{"name":"dungeon_saw_35","from":[6.8540316,14.071704,7.78292],"to":[8.156511,14.505863,8.21708],"rotation":{"angle":0.0,"axis":"x","origin":[28.56203,0.6127434,8.21708]},"faces":{"down":{"uv":[7.75,11.75,8.0,12.5],"rotation":90,"texture":"#0","tintindex":0},"east":{"uv":[8.0,11.75,7.75,12.0],"rotation":90,"texture":"#0","tintindex":0},"north":{"uv":[7.75,11.75,8.0,12.5],"rotation":270,"texture":"#0","tintindex":0},"south":{"uv":[7.75,12.5,8.0,11.75],"rotation":270,"texture":"#0","tintindex":0},"up":{"uv":[7.75,11.75,8.0,12.5],"rotation":90,"texture":"#0","tintindex":0},"west":{"uv":[7.75,12.25,8.0,12.5],"rotation":270,"texture":"#0","tintindex":0}}},{"name":"dungeon_saw_36","from":[7.288192,1.4810634,7.78292],"to":[7.7223516,1.9152236,8.21708],"rotation":{"angle":0.0,"axis":"x","origin":[28.56203,0.6127434,8.21708]},"faces":{"down":{"uv":[0.5,12.0,0.75,12.25],"rotation":90,"texture":"#0","tintindex":0},"east":{"uv":[0.75,12.0,0.5,12.25],"rotation":90,"texture":"#0","tintindex":0},"north":{"uv":[0.5,12.0,0.75,12.25],"rotation":270,"texture":"#0","tintindex":0},"south":{"uv":[0.5,12.25,0.75,12.0],"rotation":270,"texture":"#0","tintindex":0},"up":{"uv":[0.5,12.0,0.75,12.25],"rotation":90,"texture":"#0","tintindex":0},"west":{"uv":[0.5,12.0,0.75,12.25],"rotation":270,"texture":"#0","tintindex":0}}},{"name":"dungeon_saw_37","from":[6.4198713,14.505863,7.78292],"to":[7.7223516,14.940023,8.21708],"rotation":{"angle":0.0,"axis":"x","origin":[28.56203,0.6127434,8.21708]},"faces":{"down":{"uv":[8.0,12.0,8.25,12.75],"rotation":90,"texture":"#0","tintindex":0},"east":{"uv":[8.25,12.0,8.0,12.25],"rotation":90,"texture":"#0","tintindex":0},"north":{"uv":[8.0,12.0,8.25,12.75],"rotation":270,"texture":"#0","tintindex":0},"south":{"uv":[8.0,12.75,8.25,12.0],"rotation":270,"texture":"#0","tintindex":0},"up":{"uv":[8.0,12.0,8.25,12.75],"rotation":90,"texture":"#0","tintindex":0},"west":{"uv":[8.0,12.5,8.25,12.75],"rotation":270,"texture":"#0","tintindex":0}}},{"name":"dungeon_saw_38","from":[5.9857116,0.6127434,7.78292],"to":[6.8540316,1.0469031,8.21708],"rotation":{"angle":0.0,"axis":"x","origin":[28.56203,0.6127434,8.21708]},"faces":{"down":{"uv":[0.0,12.5,0.25,13.0],"rotation":90,"texture":"#0","tintindex":0},"east":{"uv":[0.25,12.5,0.0,12.75],"rotation":90,"texture":"#0","tintindex":0},"north":{"uv":[0.0,12.5,0.25,13.0],"rotation":270,"texture":"#0","tintindex":0},"south":{"uv":[0.0,13.0,0.25,12.5],"rotation":270,"texture":"#0","tintindex":0},"up":{"uv":[0.0,12.5,0.25,13.0],"rotation":90,"texture":"#0","tintindex":0},"west":{"uv":[0.0,12.75,0.25,13.0],"rotation":270,"texture":"#0","tintindex":0}}},{"name":"dungeon_saw_39","from":[5.1173916,1.0469031,7.78292],"to":[6.4198713,1.9152236,8.21708],"rotation":{"angle":0.0,"axis":"x","origin":[28.56203,0.6127434,8.21708]},"faces":{"down":{"uv":[0.25,12.75,0.5,13.5],"rotation":90,"texture":"#0","tintindex":0},"east":{"uv":[0.75,12.75,0.25,13.0],"rotation":90,"texture":"#0","tintindex":0},"north":{"uv":[0.25,12.75,0.75,13.5],"rotation":270,"texture":"#0","tintindex":0},"south":{"uv":[0.25,13.5,0.75,12.75],"rotation":270,"texture":"#0","tintindex":0},"up":{"uv":[0.5,12.75,0.75,13.5],"rotation":90,"texture":"#0","tintindex":0},"west":{"uv":[0.25,13.25,0.75,13.5],"rotation":270,"texture":"#0","tintindex":0}}},{"name":"dungeon_saw_40","from":[4.2490716,13.637544,7.78292],"to":[5.9857116,14.071704,8.21708],"rotation":{"angle":0.0,"axis":"x","origin":[28.56203,0.6127434,8.21708]},"faces":{"down":{"uv":[7.5,13.0,7.75,14.0],"rotation":90,"texture":"#0","tintindex":0},"east":{"uv":[7.75,13.0,7.5,13.25],"rotation":90,"texture":"#0","tintindex":0},"north":{"uv":[7.5,13.0,7.75,14.0],"rotation":270,"texture":"#0","tintindex":0},"south":{"uv":[7.5,14.0,7.75,13.0],"rotation":270,"texture":"#0","tintindex":0},"up":{"uv":[7.5,13.0,7.75,14.0],"rotation":90,"texture":"#0","tintindex":0},"west":{"uv":[7.5,13.75,7.75,14.0],"rotation":270,"texture":"#0","tintindex":0}}},{"name":"dungeon_saw_41","from":[3.3807516,1.9152236,7.78292],"to":[4.2490716,2.3493834,8.21708],"rotation":{"angle":0.0,"axis":"x","origin":[28.56203,0.6127434,8.21708]},"faces":{"down":{"uv":[0.75,14.0,1.0,14.5],"rotation":90,"texture":"#0","tintindex":0},"east":{"uv":[1.0,14.0,0.75,14.25],"rotation":90,"texture":"#0","tintindex":0},"north":{"uv":[0.75,14.0,1.0,14.5],"rotation":270,"texture":"#0","tintindex":0},"south":{"uv":[0.75,14.5,1.0,14.0],"rotation":270,"texture":"#0","tintindex":0},"up":{"uv":[0.75,14.0,1.0,14.5],"rotation":90,"texture":"#0","tintindex":0},"west":{"uv":[0.75,14.25,1.0,14.5],"rotation":270,"texture":"#0","tintindex":0}}},{"name":"dungeon_saw_42","from":[2.5124319,12.335063,7.78292],"to":[4.2490716,12.769223,8.21708],"rotation":{"angle":0.0,"axis":"x","origin":[28.56203,0.6127434,8.21708]},"faces":{"down":{"uv":[6.75,14.0,7.0,15.0],"rotation":90,"texture":"#0","tintindex":0},"east":{"uv":[7.0,14.0,6.75,14.25],"rotation":90,"texture":"#0","tintindex":0},"north":{"uv":[6.75,14.0,7.0,15.0],"rotation":270,"texture":"#0","tintindex":0},"south":{"uv":[6.75,15.0,7.0,14.0],"rotation":270,"texture":"#0","tintindex":0},"up":{"uv":[6.75,14.0,7.0,15.0],"rotation":90,"texture":"#0","tintindex":0},"west":{"uv":[6.75,14.75,7.0,15.0],"rotation":270,"texture":"#0","tintindex":0}}},{"name":"dungeon_saw_43","from":[2.9465916,2.3493834,7.78292],"to":[3.8149114,3.2177033,8.21708],"rotation":{"angle":0.0,"axis":"x","origin":[28.56203,0.6127434,8.21708]},"faces":{"down":{"uv":[1.0,14.25,1.25,14.75],"rotation":90,"texture":"#0","tintindex":0},"east":{"uv":[1.5,14.25,1.0,14.5],"rotation":90,"texture":"#0","tintindex":0},"north":{"uv":[1.0,14.25,1.5,14.75],"rotation":270,"texture":"#0","tintindex":0},"south":{"uv":[1.0,14.75,1.5,14.25],"rotation":270,"texture":"#0","tintindex":0},"up":{"uv":[1.25,14.25,1.5,14.75],"rotation":90,"texture":"#0","tintindex":0},"west":{"uv":[1.0,14.5,1.5,14.75],"rotation":270,"texture":"#0","tintindex":0}}},{"name":"dungeon_saw_44","from":[2.5124319,2.7835436,7.78292],"to":[2.9465916,3.2177033,8.21708],"rotation":{"angle":0.0,"axis":"x","origin":[28.56203,0.6127434,8.21708]},"faces":{"down":{"uv":[1.25,14.75,1.5,15.0],"rotation":90,"texture":"#0","tintindex":0},"east":{"uv":[1.5,14.75,1.25,15.0],"rotation":90,"texture":"#0","tintindex":0},"north":{"uv":[1.25,14.75,1.5,15.0],"rotation":270,"texture":"#0","tintindex":0},"south":{"uv":[1.25,15.0,1.5,14.75],"rotation":270,"texture":"#0","tintindex":0},"up":{"uv":[1.25,14.75,1.5,15.0],"rotation":90,"texture":"#0","tintindex":0},"west":{"uv":[1.25,14.75,1.5,15.0],"rotation":270,"texture":"#0","tintindex":0}}},{"name":"dungeon_saw_45","from":[1.2099512,10.164263,7.78292],"to":[2.5124319,10.598423,8.21708],"rotation":{"angle":0.0,"axis":"x","origin":[28.56203,0.6127434,8.21708]},"faces":{"down":{"uv":[5.5,15.0,5.75,15.75],"rotation":90,"texture":"#0","tintindex":0},"east":{"uv":[5.75,15.0,5.5,15.25],"rotation":90,"texture":"#0","tintindex":0},"north":{"uv":[5.5,15.0,5.75,15.75],"rotation":270,"texture":"#0","tintindex":0},"south":{"uv":[5.5,15.75,5.75,15.0],"rotation":270,"texture":"#0","tintindex":0},"up":{"uv":[5.5,15.0,5.75,15.75],"rotation":90,"texture":"#0","tintindex":0},"west":{"uv":[5.5,15.5,5.75,15.75],"rotation":270,"texture":"#0","tintindex":0}}},{"name":"dungeon_saw_46","from":[2.0782716,11.466743,7.78292],"to":[2.5124319,11.900903,8.21708],"rotation":{"angle":0.0,"axis":"x","origin":[28.56203,0.6127434,8.21708]},"faces":{"down":{"uv":[6.25,15.0,6.5,15.25],"rotation":90,"texture":"#0","tintindex":0},"east":{"uv":[6.5,15.0,6.25,15.25],"rotation":90,"texture":"#0","tintindex":0},"north":{"uv":[6.25,15.0,6.5,15.25],"rotation":270,"texture":"#0","tintindex":0},"south":{"uv":[6.25,15.25,6.5,15.0],"rotation":270,"texture":"#0","tintindex":0},"up":{"uv":[6.25,15.0,6.5,15.25],"rotation":90,"texture":"#0","tintindex":0},"west":{"uv":[6.25,15.0,6.5,15.25],"rotation":270,"texture":"#0","tintindex":0}}},{"name":"dungeon_saw_47","from":[1.2099512,4.0860233,7.78292],"to":[2.0782716,4.520183,8.21708],"rotation":{"angle":0.0,"axis":"x","origin":[28.56203,0.6127434,8.21708]},"faces":{"down":{"uv":[2.0,15.25,2.25,15.75],"rotation":90,"texture":"#0","tintindex":0},"east":{"uv":[2.25,15.25,2.0,15.5],"rotation":90,"texture":"#0","tintindex":0},"north":{"uv":[2.0,15.25,2.25,15.75],"rotation":270,"texture":"#0","tintindex":0},"south":{"uv":[2.0,15.75,2.25,15.25],"rotation":270,"texture":"#0","tintindex":0},"up":{"uv":[2.0,15.25,2.25,15.75],"rotation":90,"texture":"#0","tintindex":0},"west":{"uv":[2.0,15.5,2.25,15.75],"rotation":270,"texture":"#0","tintindex":0}}},{"name":"dungeon_saw_48","from":[1.6441114,5.388503,7.78292],"to":[2.0782716,5.8226633,8.21708],"rotation":{"angle":0.0,"axis":"x","origin":[28.56203,0.6127434,8.21708]},"faces":{"down":{"uv":[2.75,15.25,3.0,15.5],"rotation":90,"texture":"#0","tintindex":0},"east":{"uv":[3.0,15.25,2.75,15.5],"rotation":90,"texture":"#0","tintindex":0},"north":{"uv":[2.75,15.25,3.0,15.5],"rotation":270,"texture":"#0","tintindex":0},"south":{"uv":[2.75,15.5,3.0,15.25],"rotation":270,"texture":"#0","tintindex":0},"up":{"uv":[2.75,15.25,3.0,15.5],"rotation":90,"texture":"#0","tintindex":0},"west":{"uv":[2.75,15.25,3.0,15.5],"rotation":270,"texture":"#0","tintindex":0}}},{"name":"dungeon_saw_49","from":[0.7757914,6.6909833,7.78292],"to":[2.0782716,7.125143,8.21708],"rotation":{"angle":0.0,"axis":"x","origin":[28.56203,0.6127434,8.21708]},"faces":{"down":{"uv":[3.5,15.25,3.75,16.0],"rotation":90,"texture":"#0","tintindex":0},"east":{"uv":[3.75,15.25,3.5,15.5],"rotation":90,"texture":"#0","tintindex":0},"north":{"uv":[3.5,15.25,3.75,16.0],"rotation":270,"texture":"#0","tintindex":0},"south":{"uv":[3.5,16.0,3.75,15.25],"rotation":270,"texture":"#0","tintindex":0},"up":{"uv":[3.5,15.25,3.75,16.0],"rotation":90,"texture":"#0","tintindex":0},"west":{"uv":[3.5,15.75,3.75,16.0],"rotation":270,"texture":"#0","tintindex":0}}},{"name":"dungeon_saw_50","from":[1.6441114,7.9934635,7.78292],"to":[2.0782716,8.427624,8.21708],"rotation":{"angle":0.0,"axis":"x","origin":[28.56203,0.6127434,8.21708]},"faces":{"down":{"uv":[4.25,15.25,4.5,15.5],"rotation":90,"texture":"#0","tintindex":0},"east":{"uv":[4.5,15.25,4.25,15.5],"rotation":90,"texture":"#0","tintindex":0},"north":{"uv":[4.25,15.25,4.5,15.5],"rotation":270,"texture":"#0","tintindex":0},"south":{"uv":[4.25,15.5,4.5,15.25],"rotation":270,"texture":"#0","tintindex":0},"up":{"uv":[4.25,15.25,4.5,15.5],"rotation":90,"texture":"#0","tintindex":0},"west":{"uv":[4.25,15.25,4.5,15.5],"rotation":270,"texture":"#0","tintindex":0}}},{"name":"dungeon_saw_51","from":[0.7757914,9.295943,7.78292],"to":[2.0782716,9.7301035,8.21708],"rotation":{"angle":0.0,"axis":"x","origin":[28.56203,0.6127434,8.21708]},"faces":{"down":{"uv":[5.0,15.25,5.25,16.0],"rotation":90,"texture":"#0","tintindex":0},"east":{"uv":[5.25,15.25,5.0,15.5],"rotation":90,"texture":"#0","tintindex":0},"north":{"uv":[5.0,15.25,5.25,16.0],"rotation":270,"texture":"#0","tintindex":0},"south":{"uv":[5.0,16.0,5.25,15.25],"rotation":270,"texture":"#0","tintindex":0},"up":{"uv":[5.0,15.25,5.25,16.0],"rotation":90,"texture":"#0","tintindex":0},"west":{"uv":[5.0,15.75,5.25,16.0],"rotation":270,"texture":"#0","tintindex":0}}},{"name":"dungeon_saw_52","from":[1.2099512,3.651863,7.78292],"to":[1.6441114,4.0860233,8.21708],"rotation":{"angle":0.0,"axis":"x","origin":[28.56203,0.6127434,8.21708]},"faces":{"down":{"uv":[1.75,15.5,2.0,15.75],"rotation":90,"texture":"#0","tintindex":0},"east":{"uv":[2.0,15.5,1.75,15.75],"rotation":90,"texture":"#0","tintindex":0},"north":{"uv":[1.75,15.5,2.0,15.75],"rotation":270,"texture":"#0","tintindex":0},"south":{"uv":[1.75,15.75,2.0,15.5],"rotation":270,"texture":"#0","tintindex":0},"up":{"uv":[1.75,15.5,2.0,15.75],"rotation":90,"texture":"#0","tintindex":0},"west":{"uv":[1.75,15.5,2.0,15.75],"rotation":270,"texture":"#0","tintindex":0}}},{"name":"dungeon_saw_53","from":[0.7757914,6.2568235,7.78292],"to":[1.2099512,6.6909833,8.21708],"rotation":{"angle":0.0,"axis":"x","origin":[28.56203,0.6127434,8.21708]},"faces":{"down":{"uv":[3.25,15.75,3.5,16.0],"rotation":90,"texture":"#0","tintindex":0},"east":{"uv":[3.5,15.75,3.25,16.0],"rotation":90,"texture":"#0","tintindex":0},"north":{"uv":[3.25,15.75,3.5,16.0],"rotation":270,"texture":"#0","tintindex":0},"south":{"uv":[3.25,16.0,3.5,15.75],"rotation":270,"texture":"#0","tintindex":0},"up":{"uv":[3.25,15.75,3.5,16.0],"rotation":90,"texture":"#0","tintindex":0},"west":{"uv":[3.25,15.75,3.5,16.0],"rotation":270,"texture":"#0","tintindex":0}}},{"name":"dungeon_saw_54","from":[0.7757914,8.861784,7.78292],"to":[1.2099512,9.295943,8.21708],"rotation":{"angle":0.0,"axis":"x","origin":[28.56203,0.6127434,8.21708]},"faces":{"down":{"uv":[4.75,15.75,5.0,16.0],"rotation":90,"texture":"#0","tintindex":0},"east":{"uv":[5.0,15.75,4.75,16.0],"rotation":90,"texture":"#0","tintindex":0},"north":{"uv":[4.75,15.75,5.0,16.0],"rotation":270,"texture":"#0","tintindex":0},"south":{"uv":[4.75,16.0,5.0,15.75],"rotation":270,"texture":"#0","tintindex":0},"up":{"uv":[4.75,15.75,5.0,16.0],"rotation":90,"texture":"#0","tintindex":0},"west":{"uv":[4.75,15.75,5.0,16.0],"rotation":270,"texture":"#0","tintindex":0}}}],"display":{"head":{"translation":[0.0,-6.4,0.0],"rotation":[0.0,0.0,0.0],"scale":[3.8095,3.8095,3.8095]}}}