{"textures":{"0":"modelengine:entity/phillip"},"elements":[{"name":"cube","from":[6.5,6.3999996,5.3],"to":[9.5,9.4,8.3],"rotation":{"angle":0.0,"axis":"x","origin":[7.1,7.8999996,7.1]},"faces":{"down":{"uv":[13.5,4.0,11.0,6.5],"rotation":0,"texture":"#0","tintindex":0},"east":{"uv":[8.5,6.5,11.0,9.0],"rotation":0,"texture":"#0","tintindex":0},"north":{"uv":[8.5,4.0,11.0,6.5],"rotation":0,"texture":"#0","tintindex":0},"south":{"uv":[8.5,9.0,11.0,11.5],"rotation":0,"texture":"#0","tintindex":0},"up":{"uv":[8.5,12.5,6.0,10.0],"rotation":0,"texture":"#0","tintindex":0},"west":{"uv":[3.5,10.0,6.0,12.5],"rotation":0,"texture":"#0","tintindex":0}}},{"name":"cube","from":[7.1,6.3999996,4.1],"to":[8.9,8.2,5.3],"rotation":{"angle":0.0,"axis":"x","origin":[7.1,7.2999997,4.7]},"faces":{"down":{"uv":[14.0,9.0,12.5,10.0],"rotation":0,"texture":"#0","tintindex":0},"east":{"uv":[6.5,12.5,7.5,14.0],"rotation":0,"texture":"#0","tintindex":0},"north":{"uv":[3.5,8.0,5.0,9.5],"rotation":0,"texture":"#0","tintindex":0},"south":{"uv":[1.0,12.0,2.5,13.5],"rotation":0,"texture":"#0","tintindex":0},"up":{"uv":[14.0,9.0,12.5,8.0],"rotation":0,"texture":"#0","tintindex":0},"west":{"uv":[12.5,6.5,13.5,8.0],"rotation":0,"texture":"#0","tintindex":0}}}],"display":{"head":{"translation":[0.0,-6.4,0.0],"rotation":[0.0,0.0,0.0],"scale":[3.8095,3.8095,3.8095]}}}