{"textures":{"0":"modelengine:entity/phillip"},"elements":[{"name":"cube","from":[8.427975,8.830089,8.614765],"to":[9.027975,9.730089,9.814764],"rotation":{"angle":22.5,"axis":"x","origin":[8.0,8.784882,8.927373]},"faces":{"down":{"uv":[13.5,2.0,14.0,3.0],"rotation":0,"texture":"#0","tintindex":0},"east":{"uv":[13.5,12.0,12.5,13.0],"rotation":0,"texture":"#0","tintindex":0},"north":{"uv":[1.5,13.5,1.0,14.5],"rotation":0,"texture":"#0","tintindex":0},"south":{"uv":[2.0,13.5,1.5,14.5],"rotation":0,"texture":"#0","tintindex":0},"up":{"uv":[2.0,14.5,2.5,13.5],"rotation":0,"texture":"#0","tintindex":0},"west":{"uv":[12.5,12.5,11.5,13.5],"rotation":0,"texture":"#0","tintindex":0}}},{"name":"cube","from":[8.1279745,8.577769,6.600276],"to":[9.327974,9.777769,9.000277],"rotation":{"angle":0.0,"axis":"x","origin":[8.0,8.784882,8.927373]},"faces":{"down":{"uv":[5.5,12.5,6.5,14.5],"rotation":0,"texture":"#0","tintindex":0},"east":{"uv":[4.5,12.5,2.5,13.5],"rotation":0,"texture":"#0","tintindex":0},"north":{"uv":[11.5,12.5,10.5,13.5],"rotation":0,"texture":"#0","tintindex":0},"south":{"uv":[13.5,11.0,12.5,12.0],"rotation":0,"texture":"#0","tintindex":0},"up":{"uv":[4.5,14.5,5.5,12.5],"rotation":0,"texture":"#0","tintindex":0},"west":{"uv":[14.0,3.0,12.0,4.0],"rotation":0,"texture":"#0","tintindex":0}}},{"name":"cube","from":[8.427975,7.3777695,6.600276],"to":[9.027975,8.577769,7.800276],"rotation":{"angle":0.0,"axis":"x","origin":[8.0,8.784882,8.927373]},"faces":{"down":{"uv":[13.0,13.0,13.5,14.0],"rotation":0,"texture":"#0","tintindex":0},"east":{"uv":[13.5,10.0,12.5,11.0],"rotation":0,"texture":"#0","tintindex":0},"north":{"uv":[11.0,11.5,10.5,12.5],"rotation":0,"texture":"#0","tintindex":0},"south":{"uv":[13.5,2.0,13.0,3.0],"rotation":0,"texture":"#0","tintindex":0},"up":{"uv":[12.5,14.0,13.0,13.0],"rotation":0,"texture":"#0","tintindex":0},"west":{"uv":[8.5,12.5,7.5,13.5],"rotation":0,"texture":"#0","tintindex":0}}}],"display":{"head":{"translation":[0.0,-6.4,0.0],"rotation":[0.0,0.0,0.0],"scale":[3.8095,3.8095,3.8095]}}}