{"textures":{"0":"modelengine:entity/throne"},"elements":[{"name":"cube","from":[2.6,9.800001,4.3999996],"to":[13.400001,11.600001,11.0],"rotation":{"angle":0.0,"axis":"x","origin":[8.0,6.200001,8.0]},"faces":{"down":{"uv":[6.25,4.375,4.0,5.75],"rotation":0,"texture":"#0","tintindex":0},"east":{"uv":[2.5,5.375,3.875,5.75],"rotation":0,"texture":"#0","tintindex":0},"north":{"uv":[6.25,3.75,8.5,4.125],"rotation":0,"texture":"#0","tintindex":0},"south":{"uv":[6.25,4.125,8.5,4.5],"rotation":0,"texture":"#0","tintindex":0},"up":{"uv":[6.25,4.375,4.0,3.0],"rotation":0,"texture":"#0","tintindex":0},"west":{"uv":[7.125,1.375,8.5,1.75],"rotation":0,"texture":"#0","tintindex":0}}},{"name":"cube","from":[3.4999998,6.200001,11.0],"to":[12.5,20.0,12.8],"rotation":{"angle":0.0,"axis":"x","origin":[8.3,6.200001,8.0]},"faces":{"down":{"uv":[8.375,0.0,6.5,0.375],"rotation":0,"texture":"#0","tintindex":0},"east":{"uv":[5.0,5.75,5.375,8.625],"rotation":0,"texture":"#0","tintindex":0},"north":{"uv":[0.0,0.0,1.875,2.875],"rotation":0,"texture":"#0","tintindex":0},"south":{"uv":[1.875,0.0,3.75,2.875],"rotation":0,"texture":"#0","tintindex":0},"up":{"uv":[4.25,6.75,2.375,6.375],"rotation":0,"texture":"#0","tintindex":0},"west":{"uv":[5.375,5.75,5.75,8.625],"rotation":0,"texture":"#0","tintindex":0}}},{"name":"cube","from":[2.6,13.400001,3.7999997],"to":[3.7999997,14.600002,11.0],"rotation":{"angle":0.0,"axis":"x","origin":[6.2,6.200001,8.0]},"faces":{"down":{"uv":[7.25,7.375,7.0,8.875],"rotation":0,"texture":"#0","tintindex":0},"east":{"uv":[7.375,6.5,8.875,6.75],"rotation":0,"texture":"#0","tintindex":0},"north":{"uv":[3.75,2.25,4.0,2.5],"rotation":0,"texture":"#0","tintindex":0},"south":{"uv":[3.75,2.5,4.0,2.75],"rotation":0,"texture":"#0","tintindex":0},"up":{"uv":[5.0,8.75,4.75,7.25],"rotation":0,"texture":"#0","tintindex":0},"west":{"uv":[7.375,6.75,8.875,7.0],"rotation":0,"texture":"#0","tintindex":0}}},{"name":"cube","from":[1.6999998,12.200001,0.9499998],"to":[4.7,15.200001,3.9499998],"rotation":{"angle":-45.0,"axis":"x","origin":[2.8999999,15.200001,2.1499996]},"faces":{"down":{"uv":[7.0,7.375,6.375,8.0],"rotation":0,"texture":"#0","tintindex":0},"east":{"uv":[7.125,2.375,7.75,3.0],"rotation":0,"texture":"#0","tintindex":0},"north":{"uv":[7.125,1.75,7.75,2.375],"rotation":0,"texture":"#0","tintindex":0},"south":{"uv":[4.125,7.25,4.75,7.875],"rotation":0,"texture":"#0","tintindex":0},"up":{"uv":[8.0,1.0,7.375,0.375],"rotation":0,"texture":"#0","tintindex":0},"west":{"uv":[5.75,7.25,6.375,7.875],"rotation":0,"texture":"#0","tintindex":0}}},{"name":"cube","from":[1.9999998,6.1786804,3.9198484],"to":[4.3999996,13.978681,5.1198483],"rotation":{"angle":0.0,"axis":"x","origin":[3.1999998,11.578681,3.9198484]},"faces":{"down":{"uv":[7.75,7.625,7.25,7.875],"rotation":0,"texture":"#0","tintindex":0},"east":{"uv":[1.125,6.75,1.375,8.375],"rotation":0,"texture":"#0","tintindex":0},"north":{"uv":[1.375,6.0,1.875,7.625],"rotation":0,"texture":"#0","tintindex":0},"south":{"uv":[1.875,6.0,2.375,7.625],"rotation":0,"texture":"#0","tintindex":0},"up":{"uv":[8.125,3.75,7.625,3.5],"rotation":0,"texture":"#0","tintindex":0},"west":{"uv":[3.875,6.75,4.125,8.375],"rotation":0,"texture":"#0","tintindex":0}}},{"name":"cube","from":[2.2999997,14.600002,3.7999997],"to":[4.1,15.200001,11.0],"rotation":{"angle":0.0,"axis":"x","origin":[6.2,6.200001,8.0]},"faces":{"down":{"uv":[0.75,6.75,0.375,8.25],"rotation":0,"texture":"#0","tintindex":0},"east":{"uv":[7.375,1.0,8.875,1.125],"rotation":0,"texture":"#0","tintindex":0},"north":{"uv":[6.75,2.875,7.125,3.0],"rotation":0,"texture":"#0","tintindex":0},"south":{"uv":[7.75,1.75,8.125,1.875],"rotation":0,"texture":"#0","tintindex":0},"up":{"uv":[0.375,8.25,0.0,6.75],"rotation":0,"texture":"#0","tintindex":0},"west":{"uv":[7.375,7.25,8.875,7.375],"rotation":0,"texture":"#0","tintindex":0}}},{"name":"cube","from":[3.1999998,7.4000006,4.3999996],"to":[3.7999997,8.6,11.0],"rotation":{"angle":0.0,"axis":"x","origin":[6.2,6.200001,8.0]},"faces":{"down":{"uv":[1.75,7.625,1.625,9.0],"rotation":0,"texture":"#0","tintindex":0},"east":{"uv":[7.375,7.0,8.75,7.25],"rotation":0,"texture":"#0","tintindex":0},"north":{"uv":[3.875,5.375,4.0,5.625],"rotation":0,"texture":"#0","tintindex":0},"south":{"uv":[2.375,6.0,2.5,6.25],"rotation":0,"texture":"#0","tintindex":0},"up":{"uv":[3.875,8.875,3.75,7.5],"rotation":0,"texture":"#0","tintindex":0},"west":{"uv":[7.25,7.375,8.625,7.625],"rotation":0,"texture":"#0","tintindex":0}}},{"name":"cube","from":[1.3999997,20.0,11.0],"to":[14.6,27.2,12.8],"rotation":{"angle":0.0,"axis":"x","origin":[8.0,6.200001,8.0]},"faces":{"down":{"uv":[8.5,6.125,5.75,6.5],"rotation":0,"texture":"#0","tintindex":0},"east":{"uv":[0.75,6.75,1.125,8.25],"rotation":0,"texture":"#0","tintindex":0},"north":{"uv":[3.75,0.0,6.5,1.5],"rotation":0,"texture":"#0","tintindex":0},"south":{"uv":[4.0,1.5,6.75,3.0],"rotation":0,"texture":"#0","tintindex":0},"up":{"uv":[8.5,6.125,5.75,5.75],"rotation":0,"texture":"#0","tintindex":0},"west":{"uv":[6.75,1.375,7.125,2.875],"rotation":0,"texture":"#0","tintindex":0}}},{"name":"cube","from":[-2.8000002,28.400002,9.8],"to":[0.7999997,32.0,14.0],"rotation":{"angle":-45.0,"axis":"z","origin":[-3.4000006,25.400002,11.900001]},"faces":{"down":{"uv":[7.375,6.5,6.625,7.375],"rotation":0,"texture":"#0","tintindex":0},"east":{"uv":[6.5,0.375,7.375,1.125],"rotation":0,"texture":"#0","tintindex":0},"north":{"uv":[2.375,6.75,3.125,7.5],"rotation":0,"texture":"#0","tintindex":0},"south":{"uv":[3.125,6.75,3.875,7.5],"rotation":0,"texture":"#0","tintindex":0},"up":{"uv":[5.0,7.25,4.25,6.375],"rotation":0,"texture":"#0","tintindex":0},"west":{"uv":[5.75,6.5,6.625,7.25],"rotation":0,"texture":"#0","tintindex":0}}},{"name":"cube","from":[2.2999997,27.2,10.4],"to":[14.3,28.400002,13.400001],"rotation":{"angle":0.0,"axis":"x","origin":[7.7,6.200001,8.0]},"faces":{"down":{"uv":[5.0,5.75,2.5,6.375],"rotation":0,"texture":"#0","tintindex":0},"east":{"uv":[1.75,7.625,2.375,7.875],"rotation":0,"texture":"#0","tintindex":0},"north":{"uv":[6.25,5.5,8.75,5.75],"rotation":0,"texture":"#0","tintindex":0},"south":{"uv":[6.5,1.125,9.0,1.375],"rotation":0,"texture":"#0","tintindex":0},"up":{"uv":[2.5,6.0,0.0,5.375],"rotation":0,"texture":"#0","tintindex":0},"west":{"uv":[7.625,3.25,8.25,3.5],"rotation":0,"texture":"#0","tintindex":0}}},{"name":"cube","from":[4.3999996,7.4000006,4.3999996],"to":[12.2,9.800001,4.3999996],"rotation":{"angle":0.0,"axis":"x","origin":[8.0,6.200001,8.0]},"faces":{"down":{"uv":[1.625,0.0,0.0,0.0],"rotation":0,"texture":"#0","tintindex":0},"east":{"uv":[0.0,0.0,0.0,0.5],"rotation":0,"texture":"#0","tintindex":0},"north":{"uv":[6.25,4.5,7.875,5.0],"rotation":0,"texture":"#0","tintindex":0},"south":{"uv":[6.25,5.0,7.875,5.5],"rotation":0,"texture":"#0","tintindex":0},"up":{"uv":[1.625,0.0,0.0,0.0],"rotation":0,"texture":"#0","tintindex":0},"west":{"uv":[0.0,0.0,0.0,0.5],"rotation":0,"texture":"#0","tintindex":0}}},{"name":"cube","from":[4.7,20.0,9.8],"to":[11.3,23.600002,11.0],"rotation":{"angle":0.0,"axis":"x","origin":[7.7,9.200001,8.0]},"faces":{"down":{"uv":[9.0,3.0,7.625,3.25],"rotation":0,"texture":"#0","tintindex":0},"east":{"uv":[3.75,1.5,4.0,2.25],"rotation":0,"texture":"#0","tintindex":0},"north":{"uv":[0.0,6.0,1.375,6.75],"rotation":0,"texture":"#0","tintindex":0},"south":{"uv":[6.25,3.0,7.625,3.75],"rotation":0,"texture":"#0","tintindex":0},"up":{"uv":[3.75,7.75,2.375,7.5],"rotation":0,"texture":"#0","tintindex":0},"west":{"uv":[1.375,7.625,1.625,8.375],"rotation":0,"texture":"#0","tintindex":0}}},{"name":"cube","from":[12.2,7.4000006,4.3999996],"to":[12.8,8.6,11.0],"rotation":{"angle":0.0,"axis":"x","origin":[9.8,6.200001,8.0]},"faces":{"down":{"uv":[1.625,7.625,1.75,9.0],"rotation":0,"texture":"#0","tintindex":0},"east":{"uv":[8.625,7.375,7.25,7.625],"rotation":0,"texture":"#0","tintindex":0},"north":{"uv":[4.0,5.375,3.875,5.625],"rotation":0,"texture":"#0","tintindex":0},"south":{"uv":[2.5,6.0,2.375,6.25],"rotation":0,"texture":"#0","tintindex":0},"up":{"uv":[3.75,8.875,3.875,7.5],"rotation":0,"texture":"#0","tintindex":0},"west":{"uv":[8.75,7.0,7.375,7.25],"rotation":0,"texture":"#0","tintindex":0}}},{"name":"cube","from":[11.6,6.1786804,3.9198484],"to":[14.0,13.978681,5.1198483],"rotation":{"angle":0.0,"axis":"x","origin":[12.8,11.578681,3.9198484]},"faces":{"down":{"uv":[7.25,7.625,7.75,7.875],"rotation":0,"texture":"#0","tintindex":0},"east":{"uv":[4.125,6.75,3.875,8.375],"rotation":0,"texture":"#0","tintindex":0},"north":{"uv":[1.875,6.0,1.375,7.625],"rotation":0,"texture":"#0","tintindex":0},"south":{"uv":[2.375,6.0,1.875,7.625],"rotation":0,"texture":"#0","tintindex":0},"up":{"uv":[7.625,3.75,8.125,3.5],"rotation":0,"texture":"#0","tintindex":0},"west":{"uv":[1.375,6.75,1.125,8.375],"rotation":0,"texture":"#0","tintindex":0}}},{"name":"cube","from":[12.2,13.400001,3.7999997],"to":[13.400001,14.600002,11.0],"rotation":{"angle":0.0,"axis":"x","origin":[9.8,6.200001,8.0]},"faces":{"down":{"uv":[7.0,7.375,7.25,8.875],"rotation":0,"texture":"#0","tintindex":0},"east":{"uv":[8.875,6.75,7.375,7.0],"rotation":0,"texture":"#0","tintindex":0},"north":{"uv":[4.0,2.25,3.75,2.5],"rotation":0,"texture":"#0","tintindex":0},"south":{"uv":[4.0,2.5,3.75,2.75],"rotation":0,"texture":"#0","tintindex":0},"up":{"uv":[4.75,8.75,5.0,7.25],"rotation":0,"texture":"#0","tintindex":0},"west":{"uv":[8.875,6.5,7.375,6.75],"rotation":0,"texture":"#0","tintindex":0}}},{"name":"cube","from":[11.3,12.200001,0.9499998],"to":[14.3,15.200001,3.9499998],"rotation":{"angle":-45.0,"axis":"x","origin":[13.1,15.200001,2.1499996]},"faces":{"down":{"uv":[6.375,7.375,7.0,8.0],"rotation":0,"texture":"#0","tintindex":0},"east":{"uv":[6.375,7.25,5.75,7.875],"rotation":0,"texture":"#0","tintindex":0},"north":{"uv":[7.75,1.75,7.125,2.375],"rotation":0,"texture":"#0","tintindex":0},"south":{"uv":[4.75,7.25,4.125,7.875],"rotation":0,"texture":"#0","tintindex":0},"up":{"uv":[7.375,1.0,8.0,0.375],"rotation":0,"texture":"#0","tintindex":0},"west":{"uv":[7.75,2.375,7.125,3.0],"rotation":0,"texture":"#0","tintindex":0}}},{"name":"cube","from":[11.900001,14.600002,3.7999997],"to":[13.7,15.200001,11.0],"rotation":{"angle":0.0,"axis":"x","origin":[9.8,6.200001,8.0]},"faces":{"down":{"uv":[0.375,6.75,0.75,8.25],"rotation":0,"texture":"#0","tintindex":0},"east":{"uv":[8.875,7.25,7.375,7.375],"rotation":0,"texture":"#0","tintindex":0},"north":{"uv":[7.125,2.875,6.75,3.0],"rotation":0,"texture":"#0","tintindex":0},"south":{"uv":[8.125,1.75,7.75,1.875],"rotation":0,"texture":"#0","tintindex":0},"up":{"uv":[0.0,8.25,0.375,6.75],"rotation":0,"texture":"#0","tintindex":0},"west":{"uv":[8.875,1.0,7.375,1.125],"rotation":0,"texture":"#0","tintindex":0}}},{"name":"cube","from":[15.2,28.400002,9.8],"to":[18.8,32.0,14.0],"rotation":{"angle":45.0,"axis":"z","origin":[19.400002,25.400002,11.900001]},"faces":{"down":{"uv":[6.625,6.5,7.375,7.375],"rotation":0,"texture":"#0","tintindex":0},"east":{"uv":[6.625,6.5,5.75,7.25],"rotation":0,"texture":"#0","tintindex":0},"north":{"uv":[3.125,6.75,2.375,7.5],"rotation":0,"texture":"#0","tintindex":0},"south":{"uv":[3.875,6.75,3.125,7.5],"rotation":0,"texture":"#0","tintindex":0},"up":{"uv":[4.25,7.25,5.0,6.375],"rotation":0,"texture":"#0","tintindex":0},"west":{"uv":[7.375,0.375,6.5,1.125],"rotation":0,"texture":"#0","tintindex":0}}},{"name":"cube","from":[3.1999998,6.260001,0.7999997],"to":[12.8,6.260001,12.8],"rotation":{"angle":0.0,"axis":"x","origin":[8.0,6.200001,8.0]},"faces":{"down":{"uv":[2.0,9.625,0.0,12.125],"rotation":0,"texture":"#0","tintindex":0},"east":{"uv":[0.0,0.0,2.5,0.0],"rotation":0,"texture":"#0","tintindex":0},"north":{"uv":[0.0,0.0,2.0,0.0],"rotation":0,"texture":"#0","tintindex":0},"south":{"uv":[0.0,0.0,2.0,0.0],"rotation":0,"texture":"#0","tintindex":0},"up":{"uv":[2.0,5.375,0.0,2.875],"rotation":0,"texture":"#0","tintindex":0},"west":{"uv":[0.0,0.0,2.5,0.0],"rotation":0,"texture":"#0","tintindex":0}}}],"display":{"head":{"translation":[0.0,0.3199973,0.0],"rotation":[0.0,0.0,0.0],"scale":[3.8095,3.8095,3.8095]}}}