{"textures":{"0":"modelengine:entity/broom","1":"modelengine:entity/witch"},"elements":[{"name":"cube","from":[4.7,10.809175,20.584316],"to":[11.3,10.809175,30.184315],"rotation":{"angle":-22.5,"axis":"x","origin":[6.2,10.809175,25.384315]},"faces":{"down":{"uv":[2.75,0.25,0.0,4.25],"rotation":0,"texture":"#0","tintindex":0},"east":{"uv":[0.0,0.0,4.0,0.0],"rotation":0,"texture":"#0","tintindex":0},"north":{"uv":[0.0,0.0,2.75,0.0],"rotation":0,"texture":"#0","tintindex":0},"south":{"uv":[0.0,0.0,2.75,0.0],"rotation":0,"texture":"#0","tintindex":0},"up":{"uv":[2.75,4.0,0.0,0.0],"rotation":0,"texture":"#0","tintindex":0},"west":{"uv":[0.0,0.0,4.0,0.0],"rotation":0,"texture":"#0","tintindex":0}}},{"name":"cube","from":[4.7,2.89436,20.584316],"to":[11.3,2.89436,30.184315],"rotation":{"angle":22.5,"axis":"x","origin":[6.2,2.89436,25.384315]},"faces":{"down":{"uv":[2.75,0.0,0.0,4.0],"rotation":0,"texture":"#0","tintindex":0},"east":{"uv":[0.0,0.0,4.0,0.0],"rotation":0,"texture":"#0","tintindex":0},"north":{"uv":[0.0,0.0,2.75,0.0],"rotation":0,"texture":"#0","tintindex":0},"south":{"uv":[0.0,0.0,2.75,0.0],"rotation":0,"texture":"#0","tintindex":0},"up":{"uv":[2.75,4.0,0.0,0.0],"rotation":0,"texture":"#0","tintindex":0},"west":{"uv":[0.0,0.0,4.0,0.0],"rotation":0,"texture":"#0","tintindex":0}}},{"name":"cube","from":[11.957407,3.101767,20.584316],"to":[11.957407,9.701767,30.184315],"rotation":{"angle":22.5,"axis":"y","origin":[11.957407,4.601767,25.384315]},"faces":{"down":{"uv":[0.0,0.0,4.0,0.0],"rotation":270,"texture":"#0","tintindex":0},"east":{"uv":[2.75,0.0,0.0,4.0],"rotation":270,"texture":"#0","tintindex":0},"north":{"uv":[0.0,0.0,2.75,0.0],"rotation":90,"texture":"#0","tintindex":0},"south":{"uv":[0.0,0.0,2.75,0.0],"rotation":270,"texture":"#0","tintindex":0},"up":{"uv":[0.0,0.0,4.0,0.0],"rotation":270,"texture":"#0","tintindex":0},"west":{"uv":[2.75,4.0,0.0,0.0],"rotation":270,"texture":"#0","tintindex":0}}},{"name":"cube","from":[4.042593,3.101767,20.584316],"to":[4.042593,9.701767,30.184315],"rotation":{"angle":-22.5,"axis":"y","origin":[4.042593,4.601767,25.384315]},"faces":{"down":{"uv":[0.0,0.0,4.0,0.0],"rotation":270,"texture":"#0","tintindex":0},"east":{"uv":[2.75,0.0,0.0,4.0],"rotation":270,"texture":"#0","tintindex":0},"north":{"uv":[0.0,0.0,2.75,0.0],"rotation":90,"texture":"#0","tintindex":0},"south":{"uv":[0.0,0.0,2.75,0.0],"rotation":270,"texture":"#0","tintindex":0},"up":{"uv":[0.0,0.0,4.0,0.0],"rotation":270,"texture":"#0","tintindex":0},"west":{"uv":[2.75,4.0,0.0,0.0],"rotation":270,"texture":"#0","tintindex":0}}},{"name":"cube","from":[5.8999996,4.772293,17.349693],"to":[10.1,8.972294,29.349693],"rotation":{"angle":0.0,"axis":"x","origin":[8.3,22.772293,18.549694]},"faces":{"down":{"uv":[3.5,5.75,1.75,10.75],"rotation":0,"texture":"#0","tintindex":0},"east":{"uv":[0.0,4.0,5.0,5.75],"rotation":0,"texture":"#0","tintindex":0},"north":{"uv":[5.5,1.5,7.25,3.25],"rotation":0,"texture":"#0","tintindex":0},"south":{"uv":[5.0,5.75,6.75,7.5],"rotation":0,"texture":"#0","tintindex":0},"up":{"uv":[1.75,10.75,0.0,5.75],"rotation":0,"texture":"#0","tintindex":0},"west":{"uv":[5.0,4.0,10.0,5.75],"rotation":0,"texture":"#0","tintindex":0}}},{"name":"cube","from":[7.1,6.9370303,5.899634],"to":[8.9,8.73703,11.299634],"rotation":{"angle":22.5,"axis":"x","origin":[8.0,7.8370304,8.599634]},"faces":{"down":{"uv":[8.25,6.5,7.5,8.75],"rotation":0,"texture":"#0","tintindex":0},"east":{"uv":[7.25,1.5,9.5,2.25],"rotation":0,"texture":"#0","tintindex":0},"north":{"uv":[8.25,3.0,9.0,3.75],"rotation":0,"texture":"#0","tintindex":0},"south":{"uv":[8.25,6.5,9.0,7.25],"rotation":0,"texture":"#0","tintindex":0},"up":{"uv":[6.5,9.75,5.75,7.5],"rotation":0,"texture":"#0","tintindex":0},"west":{"uv":[7.25,2.25,9.5,3.0],"rotation":0,"texture":"#0","tintindex":0}}},{"name":"cube","from":[7.1,5.9722934,10.749694],"to":[8.9,7.7722936,17.349693],"rotation":{"angle":0.0,"axis":"x","origin":[8.3,22.772293,18.549694]},"faces":{"down":{"uv":[5.75,7.5,5.0,10.25],"rotation":0,"texture":"#0","tintindex":0},"east":{"uv":[5.5,3.25,8.25,4.0],"rotation":0,"texture":"#0","tintindex":0},"north":{"uv":[8.25,7.25,9.0,8.0],"rotation":0,"texture":"#0","tintindex":0},"south":{"uv":[8.25,8.0,9.0,8.75],"rotation":0,"texture":"#0","tintindex":0},"up":{"uv":[7.5,9.25,6.75,6.5],"rotation":0,"texture":"#0","tintindex":0},"west":{"uv":[6.75,5.75,9.5,6.5],"rotation":0,"texture":"#0","tintindex":0}}},{"name":"cube","from":[7.1,7.9017673,-13.950425],"to":[8.9,9.701767,6.4495745],"rotation":{"angle":0.0,"axis":"x","origin":[8.3,24.701767,7.6495743]},"faces":{"down":{"uv":[5.0,5.75,4.25,14.25],"rotation":0,"texture":"#0","tintindex":0},"east":{"uv":[5.5,0.0,14.0,0.75],"rotation":0,"texture":"#0","tintindex":0},"north":{"uv":[7.5,8.75,8.25,9.5],"rotation":0,"texture":"#0","tintindex":0},"south":{"uv":[8.25,8.75,9.0,9.5],"rotation":0,"texture":"#0","tintindex":0},"up":{"uv":[4.25,14.25,3.5,5.75],"rotation":0,"texture":"#0","tintindex":0},"west":{"uv":[5.5,0.75,14.0,1.5],"rotation":0,"texture":"#0","tintindex":0}}}],"display":{"head":{"translation":[0.0,-6.4,0.0],"rotation":[0.0,0.0,0.0],"scale":[3.8095,3.8095,3.8095]}}}