{"textures":{"0":"modelengine:entity/broom","1":"modelengine:entity/witch"},"elements":[{"name":"cube","from":[6.8,3.8000002,6.2],"to":[9.2,8.0,9.8],"rotation":{"angle":0.0,"axis":"x","origin":[5.6,0.19999981,5.6]},"faces":{"down":{"uv":[4.25,10.625,3.75,11.375],"rotation":0,"texture":"#1","tintindex":0},"east":{"uv":[9.75,3.5,10.5,4.375],"rotation":0,"texture":"#1","tintindex":0},"north":{"uv":[0.75,9.75,1.25,10.625],"rotation":0,"texture":"#1","tintindex":0},"south":{"uv":[10.5,2.5,11.0,3.375],"rotation":0,"texture":"#1","tintindex":0},"up":{"uv":[3.75,11.375,3.25,10.625],"rotation":0,"texture":"#1","tintindex":0},"west":{"uv":[9.75,8.5,10.5,9.375],"rotation":0,"texture":"#1","tintindex":0}}}],"display":{"head":{"translation":[0.0,-6.4,0.0],"rotation":[0.0,0.0,0.0],"scale":[3.8095,3.8095,3.8095]}}}