{"textures":{"0":"modelengine:entity/broom","1":"modelengine:entity/witch"},"elements":[{"name":"cube","from":[6.6162395,6.5343876,6.452264],"to":[7.81624,8.334388,9.452264],"rotation":{"angle":0.0,"axis":"x","origin":[10.21624,2.3343875,6.452264]},"faces":{"down":{"uv":[5.0,10.875,5.25,11.5],"rotation":0,"texture":"#1","tintindex":0},"east":{"uv":[2.375,10.75,1.75,11.125],"rotation":0,"texture":"#1","tintindex":0},"north":{"uv":[11.25,8.375,11.0,8.75],"rotation":0,"texture":"#1","tintindex":0},"south":{"uv":[11.25,8.75,11.0,9.125],"rotation":0,"texture":"#1","tintindex":0},"up":{"uv":[4.75,11.5,5.0,10.875],"rotation":0,"texture":"#1","tintindex":0},"west":{"uv":[11.375,1.625,10.75,2.0],"rotation":0,"texture":"#1","tintindex":0}}},{"name":"cube","from":[7.81624,4.7343874,7.052264],"to":[9.01624,8.334388,10.652264],"rotation":{"angle":0.0,"axis":"x","origin":[10.21624,1.1343875,6.452264]},"faces":{"down":{"uv":[8.875,10.75,9.125,11.5],"rotation":0,"texture":"#1","tintindex":0},"east":{"uv":[11.125,5.625,10.375,6.375],"rotation":0,"texture":"#1","tintindex":0},"north":{"uv":[1.25,10.625,1.0,11.375],"rotation":0,"texture":"#1","tintindex":0},"south":{"uv":[8.625,10.75,8.375,11.5],"rotation":0,"texture":"#1","tintindex":0},"up":{"uv":[8.625,11.5,8.875,10.75],"rotation":0,"texture":"#1","tintindex":0},"west":{"uv":[11.125,4.375,10.375,5.125],"rotation":0,"texture":"#1","tintindex":0}}},{"name":"cube","from":[6.0162396,4.7343874,7.052264],"to":[7.81624,7.134388,10.652264],"rotation":{"angle":0.0,"axis":"x","origin":[10.21624,1.1343875,6.452264]},"faces":{"down":{"uv":[10.0,10.625,10.375,11.375],"rotation":0,"texture":"#1","tintindex":0},"east":{"uv":[4.5,8.75,3.75,9.25],"rotation":0,"texture":"#1","tintindex":0},"north":{"uv":[9.5,10.75,9.125,11.25],"rotation":0,"texture":"#1","tintindex":0},"south":{"uv":[9.875,10.75,9.5,11.25],"rotation":0,"texture":"#1","tintindex":0},"up":{"uv":[8.0,11.375,8.375,10.625],"rotation":0,"texture":"#1","tintindex":0},"west":{"uv":[7.25,8.0,6.5,8.5],"rotation":0,"texture":"#1","tintindex":0}}}],"display":{"head":{"translation":[0.0,-6.4,0.0],"rotation":[0.0,0.0,0.0],"scale":[3.8095,3.8095,3.8095]}}}