{"textures":{"0":"modelengine:entity/broom","1":"modelengine:entity/witch"},"elements":[{"name":"cube","from":[6.8,1.3999997,4.3999996],"to":[9.2,8.0,8.0],"rotation":{"angle":0.0,"axis":"x","origin":[10.4,2.6,3.7999995]},"faces":{"down":{"uv":[2.75,10.625,3.25,11.375],"rotation":0,"texture":"#1","tintindex":0},"east":{"uv":[2.75,8.75,2.0,10.125],"rotation":0,"texture":"#1","tintindex":0},"north":{"uv":[10.0,9.375,9.5,10.75],"rotation":0,"texture":"#1","tintindex":0},"south":{"uv":[1.75,9.625,1.25,11.0],"rotation":0,"texture":"#1","tintindex":0},"up":{"uv":[0.5,11.375,1.0,10.625],"rotation":0,"texture":"#1","tintindex":0},"west":{"uv":[2.875,6.0,2.125,7.375],"rotation":0,"texture":"#1","tintindex":0}}}],"display":{"head":{"translation":[0.0,-6.4,0.0],"rotation":[0.0,0.0,0.0],"scale":[3.8095,3.8095,3.8095]}}}