{"textures":{"0":"modelengine:entity/broom","1":"modelengine:entity/witch"},"elements":[{"name":"cube","from":[7.7,6.199999,8.0],"to":[8.3,9.8,12.860001],"rotation":{"angle":0.0,"axis":"x","origin":[10.700001,7.4,6.8]},"faces":{"down":{"uv":[5.5,10.875,5.375,11.875],"rotation":0,"texture":"#1","tintindex":0},"east":{"uv":[9.25,6.75,10.25,7.5],"rotation":0,"texture":"#1","tintindex":0},"north":{"uv":[7.0,11.0,7.125,11.75],"rotation":0,"texture":"#1","tintindex":0},"south":{"uv":[7.125,11.0,7.25,11.75],"rotation":0,"texture":"#1","tintindex":0},"up":{"uv":[5.375,11.875,5.25,10.875],"rotation":0,"texture":"#1","tintindex":0},"west":{"uv":[9.375,5.875,10.375,6.625],"rotation":0,"texture":"#1","tintindex":0}}}],"display":{"head":{"translation":[0.0,-6.4,0.0],"rotation":[0.0,0.0,0.0],"scale":[3.8095,3.8095,3.8095]}}}