{"textures":{"0":"modelengine:entity/spectre"},"elements":[{"name":"rightarm","from":[6.8,4.3999996,5.6],"to":[9.2,8.0,8.0],"rotation":{"angle":0.0,"axis":"x","origin":[6.2959995,6.3199997,6.8]},"faces":{"down":{"uv":[8.0,7.5,9.0,8.5],"rotation":0,"texture":"#0","tintindex":0},"east":{"uv":[8.0,2.0,7.0,3.5],"rotation":0,"texture":"#0","tintindex":0},"north":{"uv":[4.0,6.75,3.0,8.25],"rotation":0,"texture":"#0","tintindex":0},"south":{"uv":[2.0,7.0,1.0,8.5],"rotation":0,"texture":"#0","tintindex":0},"up":{"uv":[7.0,9.0,8.0,8.0],"rotation":0,"texture":"#0","tintindex":0},"west":{"uv":[1.0,7.0,0.0,8.5],"rotation":0,"texture":"#0","tintindex":0}}}],"display":{"head":{"translation":[0.0,-6.4,0.0],"rotation":[0.0,0.0,0.0],"scale":[3.8095,3.8095,3.8095]}}}