{"textures":{"0":"modelengine:entity/spectre"},"elements":[{"name":"rightarm","from":[8.0,5.6,6.8],"to":[10.4,9.2,9.2],"rotation":{"angle":0.0,"axis":"x","origin":[7.496,3.9199996,8.0]},"faces":{"down":{"uv":[8.0,6.5,9.0,7.5],"rotation":0,"texture":"#0","tintindex":0},"east":{"uv":[3.0,6.75,2.0,8.25],"rotation":0,"texture":"#0","tintindex":0},"north":{"uv":[7.0,5.5,6.0,7.0],"rotation":0,"texture":"#0","tintindex":0},"south":{"uv":[6.0,6.25,5.0,7.75],"rotation":0,"texture":"#0","tintindex":0},"up":{"uv":[8.0,6.5,9.0,5.5],"rotation":0,"texture":"#0","tintindex":0},"west":{"uv":[5.0,6.25,4.0,7.75],"rotation":0,"texture":"#0","tintindex":0}}}],"display":{"head":{"translation":[0.0,-6.4,0.0],"rotation":[0.0,0.0,0.0],"scale":[3.8095,3.8095,3.8095]}}}