{"textures":{"0":"modelengine:entity/ravager_fire_crepit","1":"modelengine:entity/ravager_fire_crepit_e"},"elements":[{"name":"cube","from":[-1.6000004,0.19999981,8.0],"to":[17.6,19.400002,8.0],"rotation":{"angle":0.0,"axis":"x","origin":[9.2,8.0,3.1999998]},"faces":{"down":{"uv":[0.375,0.0,0.0,0.5625],"rotation":0,"texture":"#0","tintindex":0},"east":{"uv":[0.375,0.0,0.0,0.5625],"rotation":0,"texture":"#0","tintindex":0},"north":{"uv":[0.375,0.0,0.0,0.5625],"rotation":0,"texture":"#0","tintindex":0},"south":{"uv":[0.375,0.0,0.0,0.5625],"rotation":0,"texture":"#0","tintindex":0},"up":{"uv":[0.375,0.0,0.0,0.5625],"rotation":0,"texture":"#0","tintindex":0},"west":{"uv":[0.375,0.0,0.0,0.5625],"rotation":0,"texture":"#0","tintindex":0}}},{"name":"cube","from":[8.0,0.19999981,-1.6000004],"to":[8.0,19.400002,17.6],"rotation":{"angle":0.0,"axis":"x","origin":[12.8,8.0,9.2]},"faces":{"down":{"uv":[0.375,0.0,0.0,0.5625],"rotation":0,"texture":"#0","tintindex":0},"east":{"uv":[0.375,0.0,0.0,0.5625],"rotation":0,"texture":"#0","tintindex":0},"north":{"uv":[0.375,0.0,0.0,0.5625],"rotation":0,"texture":"#0","tintindex":0},"south":{"uv":[0.375,0.0,0.0,0.5625],"rotation":0,"texture":"#0","tintindex":0},"up":{"uv":[0.375,0.0,0.0,0.5625],"rotation":0,"texture":"#0","tintindex":0},"west":{"uv":[0.375,0.0,0.0,0.5625],"rotation":0,"texture":"#0","tintindex":0}}},{"name":"cube","from":[-1.6000004,0.19999981,8.0],"to":[17.6,19.400002,8.0],"rotation":{"angle":0.0,"axis":"x","origin":[9.2,8.0,3.1999998]},"faces":{"down":{"uv":[0.0,0.0,16.0,0.0],"rotation":0,"texture":"#0","tintindex":0},"east":{"uv":[0.0,0.0,0.0,16.0],"rotation":0,"texture":"#0","tintindex":0},"north":{"uv":[0.0,0.0,0.4375,0.375],"rotation":0,"texture":"#0","tintindex":0},"south":{"uv":[0.375,0.0,0.0,0.5625],"rotation":0,"texture":"#0","tintindex":0},"up":{"uv":[0.0,0.0,16.0,0.0],"rotation":0,"texture":"#0","tintindex":0},"west":{"uv":[0.0,0.0,0.0,16.0],"rotation":0,"texture":"#0","tintindex":0}}}],"display":{"head":{"translation":[0.0,-6.4,0.0],"rotation":[0.0,0.0,0.0],"scale":[3.8095,3.8095,3.8095]}}}