{"textures":{"0":"minecraft:toffy/crates/toffy_key_cinder"},"elements":[{"name":"cube","from":[8.83589,4.874287,7.597688],"to":[11.23589,6.0742874,8.767688],"rotation":{"angle":22.5,"axis":"z","origin":[9.43589,5.474287,8.182688]},"faces":{"down":{"uv":[6.0,0.0,8.0,1.0],"rotation":0,"texture":"#0","tintindex":0},"east":{"uv":[11.0,3.0,10.0,4.0],"rotation":0,"texture":"#0","tintindex":0},"north":{"uv":[2.0,5.0,0.0,6.0],"rotation":0,"texture":"#0","tintindex":0},"south":{"uv":[4.5,5.0,2.5,6.0],"rotation":0,"texture":"#0","tintindex":0},"up":{"uv":[5.0,6.0,7.0,5.0],"rotation":0,"texture":"#0","tintindex":0},"west":{"uv":[11.0,1.5,10.0,2.5],"rotation":0,"texture":"#0","tintindex":0}}},{"name":"cube","from":[10.14926,5.852731,7.8116302],"to":[11.34926,6.452731,10.21163],"rotation":{"angle":-22.5,"axis":"x","origin":[8.94926,5.852731,8.411631]},"faces":{"down":{"uv":[0.0,6.5,1.0,8.5],"rotation":0,"texture":"#0","tintindex":0},"east":{"uv":[12.5,4.5,10.5,5.0],"rotation":0,"texture":"#0","tintindex":0},"north":{"uv":[7.0,4.0,6.0,4.5],"rotation":0,"texture":"#0","tintindex":0},"south":{"uv":[13.0,10.0,12.0,10.5],"rotation":0,"texture":"#0","tintindex":0},"up":{"uv":[6.0,3.5,7.0,1.5],"rotation":0,"texture":"#0","tintindex":0},"west":{"uv":[11.5,10.0,9.5,10.5],"rotation":0,"texture":"#0","tintindex":0}}},{"name":"cube","from":[9.50234,7.459999,9.844999],"to":[11.3023405,8.059999,10.445],"rotation":{"angle":-22.5,"axis":"z","origin":[8.90234,7.459999,8.045]},"faces":{"down":{"uv":[0.0,12.0,1.5,12.5],"rotation":0,"texture":"#0","tintindex":0},"east":{"uv":[13.5,5.0,13.0,5.5],"rotation":0,"texture":"#0","tintindex":0},"north":{"uv":[13.0,3.0,11.5,3.5],"rotation":0,"texture":"#0","tintindex":0},"south":{"uv":[5.0,11.5,3.5,12.0],"rotation":0,"texture":"#0","tintindex":0},"up":{"uv":[5.5,12.0,7.0,11.5],"rotation":0,"texture":"#0","tintindex":0},"west":{"uv":[13.5,4.0,13.0,4.5],"rotation":0,"texture":"#0","tintindex":0}}}],"display":{"head":{"translation":[0.0,-6.4,0.0],"rotation":[0.0,0.0,0.0],"scale":[3.8095,3.8095,3.8095]}}}