{"textures":{"0":"modelengine:entity/blacksmith"},"elements":[{"name":"cube","from":[4.7191477,8.749891,4.514805],"to":[7.7191477,9.949892,5.114805],"rotation":{"angle":22.5,"axis":"z","origin":[7.697857,9.065397,6.6749935]},"faces":{"down":{"uv":[15.25,10.5,14.0,10.75],"rotation":0,"texture":"#0","tintindex":0},"east":{"uv":[13.25,7.5,13.5,8.0],"rotation":0,"texture":"#0","tintindex":0},"north":{"uv":[12.75,2.0,14.0,2.5],"rotation":0,"texture":"#0","tintindex":0},"south":{"uv":[12.75,3.25,14.0,3.75],"rotation":0,"texture":"#0","tintindex":0},"up":{"uv":[15.0,5.5,13.75,5.25],"rotation":0,"texture":"#0","tintindex":0},"west":{"uv":[13.5,4.5,13.75,5.0],"rotation":0,"texture":"#0","tintindex":0}}},{"name":"cube","from":[7.6805263,8.751533,4.514805],"to":[10.680526,9.951532,5.114805],"rotation":{"angle":-22.5,"axis":"z","origin":[7.697857,9.065397,6.6749935]},"faces":{"down":{"uv":[14.0,10.5,15.25,10.75],"rotation":0,"texture":"#0","tintindex":0},"east":{"uv":[13.75,4.5,13.5,5.0],"rotation":0,"texture":"#0","tintindex":0},"north":{"uv":[14.0,2.0,12.75,2.5],"rotation":0,"texture":"#0","tintindex":0},"south":{"uv":[14.0,3.25,12.75,3.75],"rotation":0,"texture":"#0","tintindex":0},"up":{"uv":[13.75,5.5,15.0,5.25],"rotation":0,"texture":"#0","tintindex":0},"west":{"uv":[13.5,7.5,13.25,8.0],"rotation":0,"texture":"#0","tintindex":0}}},{"name":"cube","from":[7.1,8.877163,4.364805],"to":[8.3,10.077164,5.114805],"rotation":{"angle":0.0,"axis":"x","origin":[7.697857,9.065397,6.6749935]},"faces":{"down":{"uv":[11.25,11.75,10.75,12.0],"rotation":0,"texture":"#0","tintindex":0},"east":{"uv":[3.75,10.0,4.0,10.5],"rotation":0,"texture":"#0","tintindex":0},"north":{"uv":[6.5,8.0,7.0,8.5],"rotation":0,"texture":"#0","tintindex":0},"south":{"uv":[14.0,3.0,14.5,3.5],"rotation":0,"texture":"#0","tintindex":0},"up":{"uv":[7.0,9.0,6.5,8.75],"rotation":0,"texture":"#0","tintindex":0},"west":{"uv":[8.0,14.0,8.25,14.5],"rotation":0,"texture":"#0","tintindex":0}}},{"name":"cube","from":[5.8721,8.877163,8.265423],"to":[6.4721,10.677164,9.465424],"rotation":{"angle":-22.5,"axis":"y","origin":[7.697857,9.065397,6.6749935]},"faces":{"down":{"uv":[10.25,14.25,10.0,14.75],"rotation":0,"texture":"#0","tintindex":0},"east":{"uv":[9.25,14.0,9.75,14.75],"rotation":0,"texture":"#0","tintindex":0},"north":{"uv":[9.75,14.0,10.0,14.75],"rotation":0,"texture":"#0","tintindex":0},"south":{"uv":[7.25,14.25,7.5,15.0],"rotation":0,"texture":"#0","tintindex":0},"up":{"uv":[9.25,14.75,9.0,14.25],"rotation":0,"texture":"#0","tintindex":0},"west":{"uv":[14.0,9.75,14.5,10.5],"rotation":0,"texture":"#0","tintindex":0}}},{"name":"cube","from":[8.927574,8.877163,8.267064],"to":[9.527575,10.677164,9.467064],"rotation":{"angle":22.5,"axis":"y","origin":[7.697857,9.065397,6.6749935]},"faces":{"down":{"uv":[10.0,14.25,10.25,14.75],"rotation":0,"texture":"#0","tintindex":0},"east":{"uv":[14.5,9.75,14.0,10.5],"rotation":0,"texture":"#0","tintindex":0},"north":{"uv":[10.0,14.0,9.75,14.75],"rotation":0,"texture":"#0","tintindex":0},"south":{"uv":[7.5,14.25,7.25,15.0],"rotation":0,"texture":"#0","tintindex":0},"up":{"uv":[9.0,14.75,9.25,14.25],"rotation":0,"texture":"#0","tintindex":0},"west":{"uv":[9.75,14.0,9.25,14.75],"rotation":0,"texture":"#0","tintindex":0}}},{"name":"cube","from":[5.8999996,5.3,4.3999996],"to":[9.5,7.7,6.8],"rotation":{"angle":0.0,"axis":"x","origin":[7.697857,9.065397,6.6749935]},"faces":{"down":{"uv":[12.5,4.0,11.0,5.0],"rotation":0,"texture":"#0","tintindex":0},"east":{"uv":[12.25,7.0,13.25,8.0],"rotation":0,"texture":"#0","tintindex":0},"north":{"uv":[10.75,7.0,12.25,8.0],"rotation":0,"texture":"#0","tintindex":0},"south":{"uv":[8.25,10.75,9.75,11.75],"rotation":0,"texture":"#0","tintindex":0},"up":{"uv":[11.25,11.75,9.75,10.75],"rotation":0,"texture":"#0","tintindex":0},"west":{"uv":[12.5,4.0,13.5,5.0],"rotation":0,"texture":"#0","tintindex":0}}},{"name":"cube","from":[5.8999996,6.9333315,5.0956883],"to":[9.5,8.733332,6.895688],"rotation":{"angle":22.5,"axis":"x","origin":[7.697857,9.065397,6.6749935]},"faces":{"down":{"uv":[13.5,6.25,12.0,7.0],"rotation":0,"texture":"#0","tintindex":0},"east":{"uv":[13.25,10.0,14.0,10.75],"rotation":0,"texture":"#0","tintindex":0},"north":{"uv":[11.75,2.5,13.25,3.25],"rotation":0,"texture":"#0","tintindex":0},"south":{"uv":[9.25,11.75,10.75,12.5],"rotation":0,"texture":"#0","tintindex":0},"up":{"uv":[13.5,6.25,12.0,5.5],"rotation":0,"texture":"#0","tintindex":0},"west":{"uv":[13.25,10.75,14.0,11.5],"rotation":0,"texture":"#0","tintindex":0}}},{"name":"cube","from":[5.3,7.677163,5.114805],"to":[10.1,12.477163,9.914804],"rotation":{"angle":0.0,"axis":"x","origin":[7.697857,9.065397,6.6749935]},"faces":{"down":{"uv":[4.0,6.25,2.0,8.25],"rotation":0,"texture":"#0","tintindex":0},"east":{"uv":[5.0,2.0,7.0,4.0],"rotation":0,"texture":"#0","tintindex":0},"north":{"uv":[5.0,0.0,7.0,2.0],"rotation":0,"texture":"#0","tintindex":0},"south":{"uv":[5.0,4.0,7.0,6.0],"rotation":0,"texture":"#0","tintindex":0},"up":{"uv":[2.0,8.25,0.0,6.25],"rotation":0,"texture":"#0","tintindex":0},"west":{"uv":[5.0,6.0,7.0,8.0],"rotation":0,"texture":"#0","tintindex":0}}},{"name":"cube","from":[5.45,11.847266,5.9854903],"to":[7.25,13.047266,7.7854905],"rotation":{"angle":-22.5,"axis":"x","origin":[7.697857,9.065397,6.6749935]},"faces":{"down":{"uv":[14.0,9.25,13.25,10.0],"rotation":0,"texture":"#0","tintindex":0},"east":{"uv":[0.0,14.0,0.75,14.5],"rotation":0,"texture":"#0","tintindex":0},"north":{"uv":[10.25,4.0,11.0,4.5],"rotation":0,"texture":"#0","tintindex":0},"south":{"uv":[0.75,14.0,1.5,14.5],"rotation":0,"texture":"#0","tintindex":0},"up":{"uv":[14.0,9.25,13.25,8.5],"rotation":0,"texture":"#0","tintindex":0},"west":{"uv":[1.5,14.0,2.25,14.5],"rotation":0,"texture":"#0","tintindex":0}}},{"name":"cube","from":[8.15,11.847266,5.9854903],"to":[9.950001,13.047266,7.7854905],"rotation":{"angle":-22.5,"axis":"x","origin":[7.697857,9.065397,6.6749935]},"faces":{"down":{"uv":[13.25,9.25,14.0,10.0],"rotation":0,"texture":"#0","tintindex":0},"east":{"uv":[2.25,14.0,1.5,14.5],"rotation":0,"texture":"#0","tintindex":0},"north":{"uv":[11.0,4.0,10.25,4.5],"rotation":0,"texture":"#0","tintindex":0},"south":{"uv":[1.5,14.0,0.75,14.5],"rotation":0,"texture":"#0","tintindex":0},"up":{"uv":[14.0,9.25,13.25,8.5],"rotation":0,"texture":"#0","tintindex":0},"west":{"uv":[0.75,14.0,0.0,14.5],"rotation":0,"texture":"#0","tintindex":0}}},{"name":"cube","from":[9.990265,10.077164,8.988707],"to":[9.990265,13.077164,12.588707],"rotation":{"angle":-45.0,"axis":"y","origin":[7.697857,9.065397,6.6749935]},"faces":{"down":{"uv":[0.0,0.0,0.0,1.5],"rotation":0,"texture":"#0","tintindex":0},"east":{"uv":[5.5,9.5,4.0,10.75],"rotation":0,"texture":"#0","tintindex":0},"north":{"uv":[0.0,0.0,0.0,1.25],"rotation":0,"texture":"#0","tintindex":0},"south":{"uv":[0.0,0.0,0.0,1.25],"rotation":0,"texture":"#0","tintindex":0},"up":{"uv":[0.0,1.5,0.0,0.0],"rotation":0,"texture":"#0","tintindex":0},"west":{"uv":[4.0,9.5,5.5,10.75],"rotation":0,"texture":"#0","tintindex":0}}},{"name":"cube","from":[5.3872666,10.077164,8.970524],"to":[5.3872666,13.077164,12.570524],"rotation":{"angle":45.0,"axis":"y","origin":[7.697857,9.065397,6.6749935]},"faces":{"down":{"uv":[0.0,0.0,0.0,1.5],"rotation":0,"texture":"#0","tintindex":0},"east":{"uv":[5.5,9.5,4.0,10.75],"rotation":0,"texture":"#0","tintindex":0},"north":{"uv":[0.0,0.0,0.0,1.25],"rotation":0,"texture":"#0","tintindex":0},"south":{"uv":[0.0,0.0,0.0,1.25],"rotation":0,"texture":"#0","tintindex":0},"up":{"uv":[0.0,1.5,0.0,0.0],"rotation":0,"texture":"#0","tintindex":0},"west":{"uv":[4.0,9.5,5.5,10.75],"rotation":0,"texture":"#0","tintindex":0}}},{"name":"cube","from":[7.1,4.1,4.7],"to":[8.3,5.3,5.8999996],"rotation":{"angle":0.0,"axis":"x","origin":[7.697857,9.065397,6.6749935]},"faces":{"down":{"uv":[14.5,12.75,14.0,13.25],"rotation":0,"texture":"#0","tintindex":0},"east":{"uv":[14.0,10.75,14.5,11.25],"rotation":0,"texture":"#0","tintindex":0},"north":{"uv":[12.25,0.75,12.75,1.25],"rotation":0,"texture":"#0","tintindex":0},"south":{"uv":[14.0,11.25,14.5,11.75],"rotation":0,"texture":"#0","tintindex":0},"up":{"uv":[14.5,12.75,14.0,12.25],"rotation":0,"texture":"#0","tintindex":0},"west":{"uv":[14.0,11.75,14.5,12.25],"rotation":0,"texture":"#0","tintindex":0}}},{"name":"cube","from":[6.8,2.2999992,4.3999996],"to":[8.6,4.1,6.2],"rotation":{"angle":0.0,"axis":"x","origin":[7.697857,9.065397,6.6749935]},"faces":{"down":{"uv":[14.25,5.5,13.5,6.25],"rotation":0,"texture":"#0","tintindex":0},"east":{"uv":[13.25,12.25,14.0,13.0],"rotation":0,"texture":"#0","tintindex":0},"north":{"uv":[13.25,11.5,14.0,12.25],"rotation":0,"texture":"#0","tintindex":0},"south":{"uv":[13.25,13.0,14.0,13.75],"rotation":0,"texture":"#0","tintindex":0},"up":{"uv":[14.25,4.5,13.5,3.75],"rotation":0,"texture":"#0","tintindex":0},"west":{"uv":[13.5,0.75,14.25,1.5],"rotation":0,"texture":"#0","tintindex":0}}}],"display":{"head":{"translation":[0.0,-6.4,0.0],"rotation":[0.0,0.0,0.0],"scale":[3.8095,3.8095,3.8095]}}}