{"textures":{"0":"modelengine:entity/blacksmith"},"elements":[{"name":"cube","from":[6.95,4.1,7.1],"to":[9.35,5.0,7.7],"rotation":{"angle":0.0,"axis":"x","origin":[8.15,5.3,8.3]},"faces":{"down":{"uv":[14.25,1.25,15.25,1.5],"rotation":0,"texture":"#0","tintindex":0},"east":{"uv":[11.75,14.25,11.5,14.75],"rotation":0,"texture":"#0","tintindex":0},"north":{"uv":[13.0,13.75,12.0,14.25],"rotation":0,"texture":"#0","tintindex":0},"south":{"uv":[14.25,13.75,13.25,14.25],"rotation":0,"texture":"#0","tintindex":0},"up":{"uv":[11.0,7.0,12.0,6.75],"rotation":0,"texture":"#0","tintindex":0},"west":{"uv":[11.5,14.25,11.25,14.75],"rotation":0,"texture":"#0","tintindex":0}}},{"name":"cube","from":[6.95,4.1,7.7],"to":[9.35,8.0,10.700001],"rotation":{"angle":0.0,"axis":"x","origin":[8.15,5.3,8.3]},"faces":{"down":{"uv":[11.75,1.25,12.75,2.5],"rotation":0,"texture":"#0","tintindex":0},"east":{"uv":[2.5,9.5,1.25,11.25],"rotation":0,"texture":"#0","tintindex":0},"north":{"uv":[4.75,10.75,3.75,12.5],"rotation":0,"texture":"#0","tintindex":0},"south":{"uv":[7.5,10.75,6.5,12.5],"rotation":0,"texture":"#0","tintindex":0},"up":{"uv":[2.5,12.75,3.5,11.5],"rotation":0,"texture":"#0","tintindex":0},"west":{"uv":[1.25,9.5,0.0,11.25],"rotation":0,"texture":"#0","tintindex":0}}}],"display":{"head":{"translation":[0.0,-6.4,0.0],"rotation":[0.0,0.0,0.0],"scale":[3.8095,3.8095,3.8095]}}}