{"textures":{"0":"modelengine:entity/blacksmith"},"elements":[{"name":"cube","from":[7.1,6.8,5.6],"to":[8.9,8.0,8.0],"rotation":{"angle":0.0,"axis":"x","origin":[7.95,3.3999999,5.6499996]},"faces":{"down":{"uv":[1.75,13.0,2.5,14.0],"rotation":0,"texture":"#0","tintindex":0},"east":{"uv":[12.0,13.75,11.0,14.25],"rotation":0,"texture":"#0","tintindex":0},"north":{"uv":[14.75,2.0,14.0,2.5],"rotation":0,"texture":"#0","tintindex":0},"south":{"uv":[4.25,14.0,3.5,14.5],"rotation":0,"texture":"#0","tintindex":0},"up":{"uv":[1.0,14.0,1.75,13.0],"rotation":0,"texture":"#0","tintindex":0},"west":{"uv":[11.0,13.75,10.0,14.25],"rotation":0,"texture":"#0","tintindex":0}}},{"name":"cube","from":[6.5,2.6,5.0],"to":[9.5,6.8,8.6],"rotation":{"angle":0.0,"axis":"x","origin":[7.95,3.3999999,5.6499996]},"faces":{"down":{"uv":[2.5,10.0,3.75,11.5],"rotation":0,"texture":"#0","tintindex":0},"east":{"uv":[8.0,9.0,6.5,10.75],"rotation":0,"texture":"#0","tintindex":0},"north":{"uv":[9.25,9.0,8.0,10.75],"rotation":0,"texture":"#0","tintindex":0},"south":{"uv":[10.5,9.0,9.25,10.75],"rotation":0,"texture":"#0","tintindex":0},"up":{"uv":[9.5,8.5,10.75,7.0],"rotation":0,"texture":"#0","tintindex":0},"west":{"uv":[4.0,8.25,2.5,10.0],"rotation":0,"texture":"#0","tintindex":0}}},{"name":"cube","from":[7.7,0.7999997,5.0],"to":[9.5,2.6,8.6],"rotation":{"angle":0.0,"axis":"x","origin":[7.95,3.3999999,5.6499996]},"faces":{"down":{"uv":[12.25,12.25,13.0,13.75],"rotation":0,"texture":"#0","tintindex":0},"east":{"uv":[13.75,0.0,12.25,0.75],"rotation":0,"texture":"#0","tintindex":0},"north":{"uv":[14.25,6.25,13.5,7.0],"rotation":0,"texture":"#0","tintindex":0},"south":{"uv":[14.25,7.5,13.5,8.25],"rotation":0,"texture":"#0","tintindex":0},"up":{"uv":[12.25,12.25,13.0,10.75],"rotation":0,"texture":"#0","tintindex":0},"west":{"uv":[12.25,12.0,10.75,12.75],"rotation":0,"texture":"#0","tintindex":0}}},{"name":"cube","from":[7.4,1.6999998,2.6],"to":[8.6,2.8999999,9.2],"rotation":{"angle":0.0,"axis":"x","origin":[7.95,3.3999999,5.6499996]},"faces":{"down":{"uv":[1.0,11.25,0.5,14.0],"rotation":0,"texture":"#0","tintindex":0},"east":{"uv":[10.75,8.0,13.5,8.5],"rotation":0,"texture":"#0","tintindex":0},"north":{"uv":[14.25,3.75,14.75,4.25],"rotation":0,"texture":"#0","tintindex":0},"south":{"uv":[4.25,14.25,4.75,14.75],"rotation":0,"texture":"#0","tintindex":0},"up":{"uv":[0.5,14.0,0.0,11.25],"rotation":0,"texture":"#0","tintindex":0},"west":{"uv":[11.0,5.0,13.75,5.5],"rotation":0,"texture":"#0","tintindex":0}}},{"name":"cube","from":[7.1,0.49999976,0.7999997],"to":[8.9,4.1,2.6],"rotation":{"angle":0.0,"axis":"x","origin":[7.95,3.3999999,5.6499996]},"faces":{"down":{"uv":[14.5,4.5,13.75,5.25],"rotation":0,"texture":"#0","tintindex":0},"east":{"uv":[5.5,12.5,6.25,14.0],"rotation":0,"texture":"#0","tintindex":0},"north":{"uv":[3.5,12.5,4.25,14.0],"rotation":0,"texture":"#0","tintindex":0},"south":{"uv":[6.25,12.5,7.0,14.0],"rotation":0,"texture":"#0","tintindex":0},"up":{"uv":[14.5,0.75,13.75,0.0],"rotation":0,"texture":"#0","tintindex":0},"west":{"uv":[9.25,12.5,10.0,14.0],"rotation":0,"texture":"#0","tintindex":0}}},{"name":"cube","from":[6.5,1.3999997,5.0],"to":[7.7,2.6,6.8],"rotation":{"angle":0.0,"axis":"x","origin":[7.95,3.3999999,5.6499996]},"faces":{"down":{"uv":[7.5,14.0,8.0,14.75],"rotation":0,"texture":"#0","tintindex":0},"east":{"uv":[6.25,14.0,5.5,14.5],"rotation":0,"texture":"#0","tintindex":0},"north":{"uv":[14.5,13.25,14.0,13.75],"rotation":0,"texture":"#0","tintindex":0},"south":{"uv":[14.75,0.75,14.25,1.25],"rotation":0,"texture":"#0","tintindex":0},"up":{"uv":[6.25,14.75,6.75,14.0],"rotation":0,"texture":"#0","tintindex":0},"west":{"uv":[5.5,14.0,4.75,14.5],"rotation":0,"texture":"#0","tintindex":0}}}],"display":{"head":{"translation":[0.0,-6.4,0.0],"rotation":[0.0,0.0,0.0],"scale":[3.8095,3.8095,3.8095]}}}