{"textures":{"0":"modelengine:entity/blacksmith"},"elements":[{"name":"cube","from":[8.0,4.7,6.8],"to":[9.8,8.9,9.2],"rotation":{"angle":0.0,"axis":"x","origin":[8.9,6.8,8.0]},"faces":{"down":{"uv":[11.5,12.75,12.25,13.75],"rotation":0,"texture":"#0","tintindex":0},"east":{"uv":[6.5,9.5,5.5,11.25],"rotation":0,"texture":"#0","tintindex":0},"north":{"uv":[1.75,11.25,1.0,13.0],"rotation":0,"texture":"#0","tintindex":0},"south":{"uv":[2.5,11.25,1.75,13.0],"rotation":0,"texture":"#0","tintindex":0},"up":{"uv":[10.75,13.75,11.5,12.75],"rotation":0,"texture":"#0","tintindex":0},"west":{"uv":[5.0,6.25,4.0,8.0],"rotation":0,"texture":"#0","tintindex":0}}}],"display":{"head":{"translation":[0.0,-6.4,0.0],"rotation":[0.0,0.0,0.0],"scale":[3.8095,3.8095,3.8095]}}}