{"textures":{"0":"modelengine:entity/archer"},"elements":[{"name":"cube","from":[6.2,5.45,7.25],"to":[8.0,9.05,9.05],"rotation":{"angle":0.0,"axis":"x","origin":[7.1,7.25,8.15]},"faces":{"down":{"uv":[14.5,13.75,13.75,14.5],"rotation":90,"texture":"#0","tintindex":0},"east":{"uv":[2.0,13.0,2.75,14.5],"rotation":0,"texture":"#0","tintindex":0},"north":{"uv":[12.75,1.25,13.5,2.75],"rotation":0,"texture":"#0","tintindex":0},"south":{"uv":[2.75,13.0,3.5,14.5],"rotation":0,"texture":"#0","tintindex":0},"up":{"uv":[13.75,14.5,13.0,13.75],"rotation":270,"texture":"#0","tintindex":0},"west":{"uv":[12.5,7.25,13.25,8.75],"rotation":0,"texture":"#0","tintindex":0}}}],"display":{"head":{"translation":[0.0,-6.4,0.0],"rotation":[0.0,0.0,0.0],"scale":[3.8095,3.8095,3.8095]}}}