{"textures":{"0":"modelengine:entity/archer"},"elements":[{"name":"cube","from":[7.4,5.8999996,6.8],"to":[9.2,8.9,9.2],"rotation":{"angle":0.0,"axis":"x","origin":[8.3,7.4,8.0]},"faces":{"down":{"uv":[14.5,3.25,13.5,2.5],"rotation":90,"texture":"#0","tintindex":0},"east":{"uv":[5.0,7.25,4.0,8.5],"rotation":0,"texture":"#0","tintindex":0},"north":{"uv":[11.25,12.0,10.5,13.25],"rotation":0,"texture":"#0","tintindex":0},"south":{"uv":[12.0,12.0,11.25,13.25],"rotation":0,"texture":"#0","tintindex":0},"up":{"uv":[14.25,8.0,13.25,8.75],"rotation":270,"texture":"#0","tintindex":0},"west":{"uv":[10.5,11.25,9.5,12.5],"rotation":0,"texture":"#0","tintindex":0}}}],"display":{"head":{"translation":[0.0,-6.4,0.0],"rotation":[0.0,0.0,0.0],"scale":[3.8095,3.8095,3.8095]}}}