{"textures":{"0":"modelengine:entity/archer"},"elements":[{"name":"cube","from":[8.0,5.45,7.25],"to":[9.8,9.05,9.05],"rotation":{"angle":0.0,"axis":"x","origin":[8.9,7.25,8.15]},"faces":{"down":{"uv":[14.5,14.5,13.75,13.75],"rotation":90,"texture":"#0","tintindex":0},"east":{"uv":[13.25,7.25,12.5,8.75],"rotation":0,"texture":"#0","tintindex":0},"north":{"uv":[13.5,1.25,12.75,2.75],"rotation":0,"texture":"#0","tintindex":0},"south":{"uv":[3.5,13.0,2.75,14.5],"rotation":0,"texture":"#0","tintindex":0},"up":{"uv":[13.75,13.75,13.0,14.5],"rotation":270,"texture":"#0","tintindex":0},"west":{"uv":[2.75,13.0,2.0,14.5],"rotation":0,"texture":"#0","tintindex":0}}}],"display":{"head":{"translation":[0.0,-6.4,0.0],"rotation":[0.0,0.0,0.0],"scale":[3.8095,3.8095,3.8095]}}}