{"textures":{"0":"modelengine:entity/fan"},"elements":[{"name":"cube","from":[-1.0000005,7.7,17.0],"to":[17.0,8.3,17.6],"rotation":{"angle":0.0,"axis":"x","origin":[8.0,8.0,8.0]},"faces":{"down":{"uv":[12.0,4.875,8.25,5.0],"rotation":0,"texture":"#0","tintindex":0},"east":{"uv":[2.5,8.75,2.625,8.875],"rotation":0,"texture":"#0","tintindex":0},"north":{"uv":[8.25,4.5,12.0,4.625],"rotation":0,"texture":"#0","tintindex":0},"south":{"uv":[8.25,4.625,12.0,4.75],"rotation":0,"texture":"#0","tintindex":0},"up":{"uv":[12.0,4.875,8.25,4.75],"rotation":0,"texture":"#0","tintindex":0},"west":{"uv":[2.625,8.75,2.75,8.875],"rotation":0,"texture":"#0","tintindex":0}}},{"name":"cube","from":[-1.6000004,5.8999996,-1.6000004],"to":[17.6,6.5,17.6],"rotation":{"angle":0.0,"axis":"x","origin":[-1.6000004,5.8999996,-1.6000004]},"faces":{"down":{"uv":[4.0,4.0,0.0,8.0],"rotation":0,"texture":"#0","tintindex":0},"east":{"uv":[7.75,6.625,11.75,6.75],"rotation":0,"texture":"#0","tintindex":0},"north":{"uv":[7.75,6.5,11.75,6.625],"rotation":0,"texture":"#0","tintindex":0},"south":{"uv":[7.75,6.75,11.75,6.875],"rotation":0,"texture":"#0","tintindex":0},"up":{"uv":[4.0,4.0,0.0,0.0],"rotation":0,"texture":"#0","tintindex":0},"west":{"uv":[7.75,6.875,11.75,7.0],"rotation":0,"texture":"#0","tintindex":0}}},{"name":"cube","from":[6.5,6.2,6.5],"to":[9.5,8.0,9.5],"rotation":{"angle":0.0,"axis":"x","origin":[6.5,5.8999996,6.5]},"faces":{"down":{"uv":[8.75,8.25,8.125,8.875],"rotation":0,"texture":"#0","tintindex":0},"east":{"uv":[2.25,8.375,2.875,8.75],"rotation":0,"texture":"#0","tintindex":0},"north":{"uv":[8.25,6.125,8.875,6.5],"rotation":0,"texture":"#0","tintindex":0},"south":{"uv":[8.375,2.625,9.0,3.0],"rotation":0,"texture":"#0","tintindex":0},"up":{"uv":[8.875,6.125,8.25,5.5],"rotation":0,"texture":"#0","tintindex":0},"west":{"uv":[2.875,8.375,3.5,8.75],"rotation":0,"texture":"#0","tintindex":0}}},{"name":"cube","from":[-1.6000004,6.5,-1.6000004],"to":[17.6,7.1,-1.0000005],"rotation":{"angle":0.0,"axis":"x","origin":[-1.6000004,5.8999996,-1.6000004]},"faces":{"down":{"uv":[11.75,7.375,7.75,7.5],"rotation":0,"texture":"#0","tintindex":0},"east":{"uv":[5.875,8.625,6.0,8.75],"rotation":0,"texture":"#0","tintindex":0},"north":{"uv":[7.75,7.0,11.75,7.125],"rotation":0,"texture":"#0","tintindex":0},"south":{"uv":[7.75,7.125,11.75,7.25],"rotation":0,"texture":"#0","tintindex":0},"up":{"uv":[11.75,7.375,7.75,7.25],"rotation":0,"texture":"#0","tintindex":0},"west":{"uv":[6.0,8.625,6.125,8.75],"rotation":0,"texture":"#0","tintindex":0}}},{"name":"cube","from":[-1.6000004,6.5,17.0],"to":[17.6,7.1,17.6],"rotation":{"angle":0.0,"axis":"x","origin":[-1.6000004,5.8999996,-1.6000004]},"faces":{"down":{"uv":[4.0,8.125,0.0,8.25],"rotation":0,"texture":"#0","tintindex":0},"east":{"uv":[6.125,8.625,6.25,8.75],"rotation":0,"texture":"#0","tintindex":0},"north":{"uv":[0.0,8.0,4.0,8.125],"rotation":0,"texture":"#0","tintindex":0},"south":{"uv":[4.0,8.0,8.0,8.125],"rotation":0,"texture":"#0","tintindex":0},"up":{"uv":[12.0,8.125,8.0,8.0],"rotation":0,"texture":"#0","tintindex":0},"west":{"uv":[6.25,8.625,6.375,8.75],"rotation":0,"texture":"#0","tintindex":0}}},{"name":"cube","from":[-1.6000004,7.1,17.0],"to":[-1.0000005,8.3,17.6],"rotation":{"angle":0.0,"axis":"x","origin":[-1.6000004,5.8999996,-1.6000004]},"faces":{"down":{"uv":[6.875,8.625,6.75,8.75],"rotation":0,"texture":"#0","tintindex":0},"east":{"uv":[7.75,8.375,7.875,8.625],"rotation":0,"texture":"#0","tintindex":0},"north":{"uv":[7.625,8.375,7.75,8.625],"rotation":0,"texture":"#0","tintindex":0},"south":{"uv":[4.125,8.625,4.25,8.875],"rotation":0,"texture":"#0","tintindex":0},"up":{"uv":[6.75,8.75,6.625,8.625],"rotation":0,"texture":"#0","tintindex":0},"west":{"uv":[4.25,8.625,4.375,8.875],"rotation":0,"texture":"#0","tintindex":0}}},{"name":"cube","from":[17.0,7.1,17.0],"to":[17.6,8.3,17.6],"rotation":{"angle":0.0,"axis":"x","origin":[17.6,5.8999996,-1.6000004]},"faces":{"down":{"uv":[7.125,8.625,7.0,8.75],"rotation":0,"texture":"#0","tintindex":0},"east":{"uv":[4.5,8.625,4.625,8.875],"rotation":0,"texture":"#0","tintindex":0},"north":{"uv":[4.375,8.625,4.5,8.875],"rotation":0,"texture":"#0","tintindex":0},"south":{"uv":[4.625,8.625,4.75,8.875],"rotation":0,"texture":"#0","tintindex":0},"up":{"uv":[7.0,8.75,6.875,8.625],"rotation":0,"texture":"#0","tintindex":0},"west":{"uv":[4.75,8.625,4.875,8.875],"rotation":0,"texture":"#0","tintindex":0}}},{"name":"cube","from":[17.0,7.1,-1.6000004],"to":[17.6,8.3,-1.0000005],"rotation":{"angle":0.0,"axis":"x","origin":[17.6,5.8999996,17.6]},"faces":{"down":{"uv":[7.625,8.625,7.5,8.75],"rotation":0,"texture":"#0","tintindex":0},"east":{"uv":[5.5,8.625,5.625,8.875],"rotation":0,"texture":"#0","tintindex":0},"north":{"uv":[5.375,8.625,5.5,8.875],"rotation":0,"texture":"#0","tintindex":0},"south":{"uv":[5.625,8.625,5.75,8.875],"rotation":0,"texture":"#0","tintindex":0},"up":{"uv":[7.5,8.75,7.375,8.625],"rotation":0,"texture":"#0","tintindex":0},"west":{"uv":[5.75,8.625,5.875,8.875],"rotation":0,"texture":"#0","tintindex":0}}},{"name":"cube","from":[-1.6000004,7.1,-1.6000004],"to":[-1.0000005,8.3,-1.0000005],"rotation":{"angle":0.0,"axis":"x","origin":[-1.6000004,5.8999996,17.6]},"faces":{"down":{"uv":[7.375,8.625,7.25,8.75],"rotation":0,"texture":"#0","tintindex":0},"east":{"uv":[5.0,8.625,5.125,8.875],"rotation":0,"texture":"#0","tintindex":0},"north":{"uv":[4.875,8.625,5.0,8.875],"rotation":0,"texture":"#0","tintindex":0},"south":{"uv":[5.125,8.625,5.25,8.875],"rotation":0,"texture":"#0","tintindex":0},"up":{"uv":[7.25,8.75,7.125,8.625],"rotation":0,"texture":"#0","tintindex":0},"west":{"uv":[5.25,8.625,5.375,8.875],"rotation":0,"texture":"#0","tintindex":0}}},{"name":"cube","from":[-2.8000002,5.6,-2.8000002],"to":[-0.40000033,6.2,-0.40000033],"rotation":{"angle":0.0,"axis":"x","origin":[-1.6000004,5.8999996,17.6]},"faces":{"down":{"uv":[8.875,0.625,8.375,1.125],"rotation":0,"texture":"#0","tintindex":0},"east":{"uv":[6.625,8.375,7.125,8.5],"rotation":0,"texture":"#0","tintindex":0},"north":{"uv":[6.125,8.375,6.625,8.5],"rotation":0,"texture":"#0","tintindex":0},"south":{"uv":[7.125,8.375,7.625,8.5],"rotation":0,"texture":"#0","tintindex":0},"up":{"uv":[0.75,8.875,0.25,8.375],"rotation":0,"texture":"#0","tintindex":0},"west":{"uv":[3.5,8.5,4.0,8.625],"rotation":0,"texture":"#0","tintindex":0}}},{"name":"cube","from":[16.400002,5.6,-2.8000002],"to":[18.8,6.2,-0.40000033],"rotation":{"angle":0.0,"axis":"x","origin":[17.6,5.8999996,17.6]},"faces":{"down":{"uv":[8.875,1.125,8.375,1.625],"rotation":0,"texture":"#0","tintindex":0},"east":{"uv":[4.625,8.5,5.125,8.625],"rotation":0,"texture":"#0","tintindex":0},"north":{"uv":[4.125,8.5,4.625,8.625],"rotation":0,"texture":"#0","tintindex":0},"south":{"uv":[5.125,8.5,5.625,8.625],"rotation":0,"texture":"#0","tintindex":0},"up":{"uv":[1.25,8.875,0.75,8.375],"rotation":0,"texture":"#0","tintindex":0},"west":{"uv":[5.625,8.5,6.125,8.625],"rotation":0,"texture":"#0","tintindex":0}}},{"name":"cube","from":[16.400002,5.6,16.400002],"to":[18.8,6.2,18.8],"rotation":{"angle":0.0,"axis":"x","origin":[17.6,5.8999996,-1.6000004]},"faces":{"down":{"uv":[8.875,2.125,8.375,2.625],"rotation":0,"texture":"#0","tintindex":0},"east":{"uv":[8.5,7.75,9.0,7.875],"rotation":0,"texture":"#0","tintindex":0},"north":{"uv":[8.5,7.625,9.0,7.75],"rotation":0,"texture":"#0","tintindex":0},"south":{"uv":[8.5,7.875,9.0,8.0],"rotation":0,"texture":"#0","tintindex":0},"up":{"uv":[2.25,8.875,1.75,8.375],"rotation":0,"texture":"#0","tintindex":0},"west":{"uv":[3.5,8.625,4.0,8.75],"rotation":0,"texture":"#0","tintindex":0}}},{"name":"cube","from":[-2.8000002,5.6,16.400002],"to":[-0.40000033,6.2,18.8],"rotation":{"angle":0.0,"axis":"x","origin":[-1.6000004,5.8999996,-1.6000004]},"faces":{"down":{"uv":[8.875,1.625,8.375,2.125],"rotation":0,"texture":"#0","tintindex":0},"east":{"uv":[6.625,8.5,7.125,8.625],"rotation":0,"texture":"#0","tintindex":0},"north":{"uv":[6.125,8.5,6.625,8.625],"rotation":0,"texture":"#0","tintindex":0},"south":{"uv":[7.125,8.5,7.625,8.625],"rotation":0,"texture":"#0","tintindex":0},"up":{"uv":[1.75,8.875,1.25,8.375],"rotation":0,"texture":"#0","tintindex":0},"west":{"uv":[8.5,7.5,9.0,7.625],"rotation":0,"texture":"#0","tintindex":0}}},{"name":"cube","from":[-1.6000004,6.5,-1.0000005],"to":[-1.0000005,7.1,17.0],"rotation":{"angle":0.0,"axis":"x","origin":[-1.6000004,5.8999996,-1.6000004]},"faces":{"down":{"uv":[0.25,8.25,0.125,12.0],"rotation":0,"texture":"#0","tintindex":0},"east":{"uv":[4.0,8.125,7.75,8.25],"rotation":0,"texture":"#0","tintindex":0},"north":{"uv":[6.375,8.625,6.5,8.75],"rotation":0,"texture":"#0","tintindex":0},"south":{"uv":[6.5,8.625,6.625,8.75],"rotation":0,"texture":"#0","tintindex":0},"up":{"uv":[0.125,12.0,0.0,8.25],"rotation":0,"texture":"#0","tintindex":0},"west":{"uv":[7.75,8.125,11.5,8.25],"rotation":0,"texture":"#0","tintindex":0}}},{"name":"cube","from":[17.0,7.7,-1.0000005],"to":[17.6,8.3,17.0],"rotation":{"angle":0.0,"axis":"x","origin":[17.6,5.8999996,-1.6000004]},"faces":{"down":{"uv":[4.125,8.25,4.0,12.0],"rotation":0,"texture":"#0","tintindex":0},"east":{"uv":[0.25,8.25,4.0,8.375],"rotation":0,"texture":"#0","tintindex":0},"north":{"uv":[7.625,8.625,7.75,8.75],"rotation":0,"texture":"#0","tintindex":0},"south":{"uv":[7.75,8.625,7.875,8.75],"rotation":0,"texture":"#0","tintindex":0},"up":{"uv":[8.375,4.375,8.25,0.625],"rotation":0,"texture":"#0","tintindex":0},"west":{"uv":[8.25,0.5,12.0,0.625],"rotation":0,"texture":"#0","tintindex":0}}},{"name":"cube","from":[-1.6000004,7.7,-1.0000005],"to":[-1.0000005,8.3,17.0],"rotation":{"angle":0.0,"axis":"x","origin":[-1.6000004,5.8999996,-1.6000004]},"faces":{"down":{"uv":[8.125,8.25,8.0,12.0],"rotation":0,"texture":"#0","tintindex":0},"east":{"uv":[4.125,8.25,7.875,8.375],"rotation":0,"texture":"#0","tintindex":0},"north":{"uv":[2.25,8.75,2.375,8.875],"rotation":0,"texture":"#0","tintindex":0},"south":{"uv":[2.375,8.75,2.5,8.875],"rotation":0,"texture":"#0","tintindex":0},"up":{"uv":[8.0,12.0,7.875,8.25],"rotation":0,"texture":"#0","tintindex":0},"west":{"uv":[8.25,4.375,12.0,4.5],"rotation":0,"texture":"#0","tintindex":0}}},{"name":"cube","from":[-1.0000005,7.7,-1.6000004],"to":[17.0,8.3,-1.0000005],"rotation":{"angle":0.0,"axis":"x","origin":[8.0,8.0,8.0]},"faces":{"down":{"uv":[12.0,5.375,8.25,5.5],"rotation":0,"texture":"#0","tintindex":0},"east":{"uv":[2.75,8.75,2.875,8.875],"rotation":0,"texture":"#0","tintindex":0},"north":{"uv":[8.25,5.0,12.0,5.125],"rotation":0,"texture":"#0","tintindex":0},"south":{"uv":[8.25,5.125,12.0,5.25],"rotation":0,"texture":"#0","tintindex":0},"up":{"uv":[12.0,5.375,8.25,5.25],"rotation":0,"texture":"#0","tintindex":0},"west":{"uv":[2.875,8.75,3.0,8.875],"rotation":0,"texture":"#0","tintindex":0}}},{"name":"cube","from":[-1.0000005,8.3,-1.0000005],"to":[17.0,8.3,17.0],"rotation":{"angle":0.0,"axis":"x","origin":[8.0,8.0,8.0]},"faces":{"down":{"uv":[7.75,3.75,4.0,7.5],"rotation":0,"texture":"#0","tintindex":0},"east":{"uv":[0.0,0.0,3.75,0.0],"rotation":0,"texture":"#0","tintindex":0},"north":{"uv":[0.0,0.0,3.75,0.0],"rotation":0,"texture":"#0","tintindex":0},"south":{"uv":[0.0,0.0,3.75,0.0],"rotation":0,"texture":"#0","tintindex":0},"up":{"uv":[7.75,3.75,4.0,0.0],"rotation":0,"texture":"#0","tintindex":0},"west":{"uv":[0.0,0.0,3.75,0.0],"rotation":0,"texture":"#0","tintindex":0}}}],"display":{"head":{"translation":[0.0,-6.4,0.0],"rotation":[0.0,0.0,0.0],"scale":[3.8095,3.8095,3.8095]}}}