{"textures":{"0":"modelengine:entity/fan"},"elements":[{"name":"cube","from":[9.5,7.7,7.1],"to":[16.7,8.3,9.5],"rotation":{"angle":0.0,"axis":"x","origin":[6.5,6.5,6.5]},"faces":{"down":{"uv":[9.25,0.0,7.75,0.5],"rotation":0,"texture":"#0","tintindex":0},"east":{"uv":[4.125,8.375,4.625,8.5],"rotation":0,"texture":"#0","tintindex":0},"north":{"uv":[8.375,3.25,9.875,3.375],"rotation":0,"texture":"#0","tintindex":0},"south":{"uv":[8.375,3.375,9.875,3.5],"rotation":0,"texture":"#0","tintindex":0},"up":{"uv":[8.5,8.0,7.0,7.5],"rotation":0,"texture":"#0","tintindex":0},"west":{"uv":[8.375,4.125,8.875,4.25],"rotation":0,"texture":"#0","tintindex":0}}},{"name":"cube","from":[-0.7000003,7.7,6.5],"to":[6.5,8.3,8.9],"rotation":{"angle":0.0,"axis":"x","origin":[9.5,6.5,6.5]},"faces":{"down":{"uv":[7.75,0.0,9.25,0.5],"rotation":0,"texture":"#0","tintindex":0},"east":{"uv":[8.875,4.125,8.375,4.25],"rotation":0,"texture":"#0","tintindex":0},"north":{"uv":[9.875,3.25,8.375,3.375],"rotation":0,"texture":"#0","tintindex":0},"south":{"uv":[9.875,3.375,8.375,3.5],"rotation":0,"texture":"#0","tintindex":0},"up":{"uv":[7.0,8.0,8.5,7.5],"rotation":0,"texture":"#0","tintindex":0},"west":{"uv":[4.625,8.375,4.125,8.5],"rotation":0,"texture":"#0","tintindex":0}}},{"name":"cube","from":[6.5,7.7,9.5],"to":[8.9,8.3,16.7],"rotation":{"angle":0.0,"axis":"x","origin":[8.0,8.0,8.0]},"faces":{"down":{"uv":[9.25,0.0,7.75,0.5],"rotation":270,"texture":"#0","tintindex":0},"east":{"uv":[8.375,3.25,9.875,3.375],"rotation":0,"texture":"#0","tintindex":0},"north":{"uv":[8.375,4.125,8.875,4.25],"rotation":0,"texture":"#0","tintindex":0},"south":{"uv":[4.125,8.375,4.625,8.5],"rotation":0,"texture":"#0","tintindex":0},"up":{"uv":[8.5,8.0,7.0,7.5],"rotation":90,"texture":"#0","tintindex":0},"west":{"uv":[8.375,3.375,9.875,3.5],"rotation":0,"texture":"#0","tintindex":0}}},{"name":"cube","from":[7.1,7.7,-0.7000003],"to":[9.5,8.3,6.5],"rotation":{"angle":0.0,"axis":"x","origin":[8.0,8.0,8.0]},"faces":{"down":{"uv":[7.75,0.0,9.25,0.5],"rotation":270,"texture":"#0","tintindex":0},"east":{"uv":[9.875,3.25,8.375,3.375],"rotation":0,"texture":"#0","tintindex":0},"north":{"uv":[4.625,8.375,4.125,8.5],"rotation":0,"texture":"#0","tintindex":0},"south":{"uv":[8.875,4.125,8.375,4.25],"rotation":0,"texture":"#0","tintindex":0},"up":{"uv":[7.0,8.0,8.5,7.5],"rotation":90,"texture":"#0","tintindex":0},"west":{"uv":[9.875,3.375,8.375,3.5],"rotation":0,"texture":"#0","tintindex":0}}}],"display":{"head":{"translation":[0.0,-6.4,0.0],"rotation":[0.0,0.0,0.0],"scale":[3.8095,3.8095,3.8095]}}}