{"textures":{"0":"minecraft:toffy/crates/toffy_key_purple"},"elements":[{"name":"cube","from":[7.67,4.3999996,7.7],"to":[8.27,8.0,8.3],"rotation":{"angle":0.0,"axis":"x","origin":[3.1699996,13.400001,8.6]},"faces":{"down":{"uv":[3.375,6.25,3.25,6.125],"rotation":0,"texture":"#0","tintindex":0},"east":{"uv":[0.375,5.375,0.25,6.125],"rotation":0,"texture":"#0","tintindex":0},"north":{"uv":[5.5,0.375,5.375,1.125],"rotation":0,"texture":"#0","tintindex":0},"south":{"uv":[0.125,5.375,0.0,6.125],"rotation":0,"texture":"#0","tintindex":0},"up":{"uv":[6.25,3.0,6.125,3.125],"rotation":0,"texture":"#0","tintindex":0},"west":{"uv":[0.625,5.375,0.5,6.125],"rotation":0,"texture":"#0","tintindex":0}}},{"name":"cube","from":[7.355,3.36041,7.4761877],"to":[8.585,4.56041,8.6761875],"rotation":{"angle":-22.5,"axis":"x","origin":[7.985,3.9604099,8.076188]},"faces":{"down":{"uv":[6.0,1.125,5.75,1.375],"rotation":0,"texture":"#0","tintindex":0},"east":{"uv":[1.75,5.75,1.5,6.0],"rotation":270,"texture":"#0","tintindex":0},"north":{"uv":[6.0,4.0,5.75,3.75],"rotation":180,"texture":"#0","tintindex":0},"south":{"uv":[6.0,3.375,5.75,3.625],"rotation":0,"texture":"#0","tintindex":0},"up":{"uv":[2.125,5.75,1.875,6.0],"rotation":180,"texture":"#0","tintindex":0},"west":{"uv":[2.5,5.75,2.25,6.0],"rotation":90,"texture":"#0","tintindex":0}}},{"name":"cube","from":[7.3849998,2.5764737,8.0],"to":[8.555,3.776474,9.2],"rotation":{"angle":45.0,"axis":"x","origin":[7.97,3.176474,8.6]},"faces":{"down":{"uv":[2.125,5.75,1.875,6.0],"rotation":180,"texture":"#0","tintindex":0},"east":{"uv":[1.75,5.75,1.5,6.0],"rotation":90,"texture":"#0","tintindex":0},"north":{"uv":[6.0,3.375,5.75,3.625],"rotation":180,"texture":"#0","tintindex":0},"south":{"uv":[6.0,4.0,5.75,3.75],"rotation":0,"texture":"#0","tintindex":0},"up":{"uv":[6.0,1.125,5.75,1.375],"rotation":0,"texture":"#0","tintindex":0},"west":{"uv":[2.5,5.75,2.25,6.0],"rotation":270,"texture":"#0","tintindex":0}}},{"name":"cube","from":[7.67,5.0,7.1],"to":[8.27,6.2,7.7],"rotation":{"angle":0.0,"axis":"x","origin":[3.1699996,12.8,8.6]},"faces":{"down":{"uv":[6.25,3.625,6.125,3.5],"rotation":0,"texture":"#0","tintindex":0},"east":{"uv":[6.0,5.625,5.875,5.875],"rotation":0,"texture":"#0","tintindex":0},"north":{"uv":[6.125,0.0,6.0,0.25],"rotation":0,"texture":"#0","tintindex":0},"south":{"uv":[5.625,5.875,5.5,6.125],"rotation":0,"texture":"#0","tintindex":0},"up":{"uv":[6.25,3.25,6.125,3.375],"rotation":0,"texture":"#0","tintindex":0},"west":{"uv":[6.125,0.375,6.0,0.625],"rotation":0,"texture":"#0","tintindex":0}}},{"name":"cube","from":[7.67,6.2,8.3],"to":[8.27,6.8,8.9],"rotation":{"angle":0.0,"axis":"x","origin":[3.1699996,12.8,8.6]},"faces":{"down":{"uv":[6.25,4.625,6.125,4.5],"rotation":0,"texture":"#0","tintindex":0},"east":{"uv":[6.25,4.0,6.125,4.125],"rotation":0,"texture":"#0","tintindex":0},"north":{"uv":[4.375,6.125,4.25,6.25],"rotation":0,"texture":"#0","tintindex":0},"south":{"uv":[6.25,3.75,6.125,3.875],"rotation":0,"texture":"#0","tintindex":0},"up":{"uv":[4.625,6.125,4.5,6.25],"rotation":0,"texture":"#0","tintindex":0},"west":{"uv":[6.25,4.25,6.125,4.375],"rotation":0,"texture":"#0","tintindex":0}}},{"name":"cube","from":[7.67,6.2,6.5],"to":[8.27,6.8,7.7],"rotation":{"angle":0.0,"axis":"x","origin":[3.1699996,14.6,8.6]},"faces":{"down":{"uv":[5.875,6.25,5.75,6.0],"rotation":0,"texture":"#0","tintindex":0},"east":{"uv":[6.25,0.75,6.0,0.875],"rotation":0,"texture":"#0","tintindex":0},"north":{"uv":[6.25,4.75,6.125,4.875],"rotation":0,"texture":"#0","tintindex":0},"south":{"uv":[4.875,6.125,4.75,6.25],"rotation":0,"texture":"#0","tintindex":0},"up":{"uv":[6.125,2.375,6.0,2.625],"rotation":0,"texture":"#0","tintindex":0},"west":{"uv":[6.25,1.5,6.0,1.625],"rotation":0,"texture":"#0","tintindex":0}}},{"name":"cube","from":[7.4,8.0,7.4],"to":[8.54,12.8,8.6],"rotation":{"angle":0.0,"axis":"x","origin":[3.1699996,12.8,8.6]},"faces":{"down":{"uv":[6.0,4.75,5.75,4.5],"rotation":0,"texture":"#0","tintindex":0},"east":{"uv":[4.5,1.125,4.25,2.125],"rotation":0,"texture":"#0","tintindex":0},"north":{"uv":[1.75,4.25,1.5,5.25],"rotation":0,"texture":"#0","tintindex":0},"south":{"uv":[1.375,4.25,1.125,5.25],"rotation":0,"texture":"#0","tintindex":0},"up":{"uv":[6.0,4.125,5.75,4.375],"rotation":0,"texture":"#0","tintindex":0},"west":{"uv":[2.125,4.25,1.875,5.25],"rotation":0,"texture":"#0","tintindex":0}}},{"name":"cube","from":[7.58,7.1,6.95],"to":[8.18,8.3,8.15],"rotation":{"angle":22.5,"axis":"x","origin":[7.88,7.7,7.55]},"faces":{"down":{"uv":[1.0,6.25,0.75,6.125],"rotation":270,"texture":"#0","tintindex":0},"east":{"uv":[5.875,2.0,6.125,2.25],"rotation":90,"texture":"#0","tintindex":0},"north":{"uv":[6.25,6.125,6.0,6.0],"rotation":90,"texture":"#0","tintindex":0},"south":{"uv":[6.25,1.875,6.0,1.75],"rotation":270,"texture":"#0","tintindex":0},"up":{"uv":[6.25,2.875,6.0,2.75],"rotation":270,"texture":"#0","tintindex":0},"west":{"uv":[2.625,6.125,2.875,5.875],"rotation":90,"texture":"#0","tintindex":0}}},{"name":"cube","from":[7.58,7.1,9.05],"to":[8.18,8.3,10.25],"rotation":{"angle":-22.5,"axis":"x","origin":[7.88,7.7,9.65]},"faces":{"down":{"uv":[0.75,6.25,1.0,6.125],"rotation":270,"texture":"#0","tintindex":0},"east":{"uv":[5.875,2.25,6.125,2.0],"rotation":90,"texture":"#0","tintindex":0},"north":{"uv":[6.25,1.75,6.0,1.875],"rotation":270,"texture":"#0","tintindex":0},"south":{"uv":[6.25,6.0,6.0,6.125],"rotation":90,"texture":"#0","tintindex":0},"up":{"uv":[6.0,2.875,6.25,2.75],"rotation":270,"texture":"#0","tintindex":0},"west":{"uv":[2.625,5.875,2.875,6.125],"rotation":90,"texture":"#0","tintindex":0}}}],"display":{"head":{"translation":[0.0,-6.4,0.0],"rotation":[0.0,0.0,0.0],"scale":[3.8095,3.8095,3.8095]}}}