{"textures":{"0":"modelengine:entity/frankenstein2"},"elements":[{"name":"cube","from":[5.8999996,7.4,5.0],"to":[10.1,11.6,9.8],"rotation":{"angle":0.0,"axis":"x","origin":[7.7,-14.8,10.4]},"faces":{"down":{"uv":[8.75,6.875,7.875,7.875],"rotation":0,"texture":"#0","tintindex":0},"east":{"uv":[7.875,4.125,8.875,5.0],"rotation":0,"texture":"#0","tintindex":0},"north":{"uv":[8.0,3.0,8.875,3.875],"rotation":0,"texture":"#0","tintindex":0},"south":{"uv":[5.5,8.125,6.375,9.0],"rotation":0,"texture":"#0","tintindex":0},"up":{"uv":[8.75,6.875,7.875,5.875],"rotation":0,"texture":"#0","tintindex":0},"west":{"uv":[7.875,5.0,8.875,5.875],"rotation":0,"texture":"#0","tintindex":0}}},{"name":"cube","from":[7.4,7.7012568,4.101881],"to":[8.6,9.501257,5.3018813],"rotation":{"angle":22.5,"axis":"x","origin":[10.1,8.301256,5.001881]},"faces":{"down":{"uv":[5.875,3.25,5.625,3.5],"rotation":0,"texture":"#0","tintindex":0},"east":{"uv":[5.625,6.0,5.875,6.375],"rotation":0,"texture":"#0","tintindex":0},"north":{"uv":[1.0,4.5,1.25,4.875],"rotation":0,"texture":"#0","tintindex":0},"south":{"uv":[1.125,6.125,1.375,6.5],"rotation":0,"texture":"#0","tintindex":0},"up":{"uv":[4.5,3.75,4.25,3.5],"rotation":0,"texture":"#0","tintindex":0},"west":{"uv":[5.625,6.375,5.875,6.75],"rotation":0,"texture":"#0","tintindex":0}}},{"name":"cube","from":[5.8999996,9.2,4.3999996],"to":[10.1,11.6,5.0],"rotation":{"angle":0.0,"axis":"x","origin":[7.7,-14.8,10.4]},"faces":{"down":{"uv":[8.875,4.0,8.0,4.125],"rotation":0,"texture":"#0","tintindex":0},"east":{"uv":[2.5,3.0,2.625,3.5],"rotation":0,"texture":"#0","tintindex":0},"north":{"uv":[3.875,9.25,4.75,9.75],"rotation":0,"texture":"#0","tintindex":0},"south":{"uv":[9.25,7.625,10.125,8.125],"rotation":0,"texture":"#0","tintindex":0},"up":{"uv":[8.875,4.0,8.0,3.875],"rotation":0,"texture":"#0","tintindex":0},"west":{"uv":[4.375,4.875,4.5,5.375],"rotation":0,"texture":"#0","tintindex":0}}}],"display":{"head":{"translation":[0.0,-6.4,0.0],"rotation":[0.0,0.0,0.0],"scale":[3.8095,3.8095,3.8095]}}}