{"textures":{"0":"modelengine:entity/frankenstein2"},"elements":[{"name":"cube","from":[5.8999996,4.3999996,4.3999996],"to":[10.700001,7.4,8.6],"rotation":{"angle":0.0,"axis":"x","origin":[8.0,-14.8,11.0]},"faces":{"down":{"uv":[8.625,1.5,7.625,2.375],"rotation":0,"texture":"#0","tintindex":0},"east":{"uv":[6.375,8.875,7.25,9.5],"rotation":0,"texture":"#0","tintindex":0},"north":{"uv":[8.75,6.375,9.75,7.0],"rotation":0,"texture":"#0","tintindex":0},"south":{"uv":[8.75,7.0,9.75,7.625],"rotation":0,"texture":"#0","tintindex":0},"up":{"uv":[6.5,8.125,5.5,7.25],"rotation":0,"texture":"#0","tintindex":0},"west":{"uv":[0.0,9.0,0.875,9.625],"rotation":0,"texture":"#0","tintindex":0}}},{"name":"cube","from":[5.8999996,7.4,6.8],"to":[10.700001,8.6,8.6],"rotation":{"angle":0.0,"axis":"x","origin":[8.0,-14.8,11.0]},"faces":{"down":{"uv":[10.25,8.125,9.25,8.5],"rotation":0,"texture":"#0","tintindex":0},"east":{"uv":[3.875,3.5,4.25,3.75],"rotation":0,"texture":"#0","tintindex":0},"north":{"uv":[9.625,8.5,10.625,8.75],"rotation":0,"texture":"#0","tintindex":0},"south":{"uv":[9.625,8.75,10.625,9.0],"rotation":0,"texture":"#0","tintindex":0},"up":{"uv":[1.0,4.875,0.0,4.5],"rotation":0,"texture":"#0","tintindex":0},"west":{"uv":[5.25,3.25,5.625,3.5],"rotation":0,"texture":"#0","tintindex":0}}}],"display":{"head":{"translation":[0.0,-6.4,0.0],"rotation":[0.0,0.0,0.0],"scale":[3.8095,3.8095,3.8095]}}}