{"textures":{"0":"modelengine:entity/frankenstein2"},"elements":[{"name":"cube","from":[2.8776243,3.848953,5.102606],"to":[8.277625,9.848953,11.702606],"rotation":{"angle":0.0,"axis":"x","origin":[17.0,-12.400001,8.0]},"faces":{"down":{"uv":[5.875,5.875,7.0,7.25],"rotation":0,"texture":"#0","tintindex":0},"east":{"uv":[1.375,4.875,0.0,6.125],"rotation":0,"texture":"#0","tintindex":0},"north":{"uv":[2.5,6.0,1.375,7.25],"rotation":0,"texture":"#0","tintindex":0},"south":{"uv":[3.625,6.0,2.5,7.25],"rotation":0,"texture":"#0","tintindex":0},"up":{"uv":[5.875,5.875,7.0,4.5],"rotation":0,"texture":"#0","tintindex":0},"west":{"uv":[5.875,4.75,4.5,6.0],"rotation":0,"texture":"#0","tintindex":0}}},{"name":"cube","from":[2.5776243,2.048953,4.8026056],"to":[8.577625,5.6489534,12.002606],"rotation":{"angle":0.0,"axis":"x","origin":[17.0,-12.400001,8.0]},"faces":{"down":{"uv":[0.0,3.0,1.25,4.5],"rotation":0,"texture":"#0","tintindex":0},"east":{"uv":[8.375,0.75,6.875,1.5],"rotation":0,"texture":"#0","tintindex":0},"north":{"uv":[2.5,3.0,1.25,3.75],"rotation":0,"texture":"#0","tintindex":0},"south":{"uv":[3.0,7.25,1.75,8.0],"rotation":0,"texture":"#0","tintindex":0},"up":{"uv":[2.625,3.75,3.875,2.25],"rotation":0,"texture":"#0","tintindex":0},"west":{"uv":[8.375,0.0,6.875,0.75],"rotation":0,"texture":"#0","tintindex":0}}},{"name":"cube","from":[3.7776244,-2.1510472,9.602606],"to":[7.377625,0.848953,12.002606],"rotation":{"angle":0.0,"axis":"x","origin":[17.0,-12.400001,8.0]},"faces":{"down":{"uv":[9.375,9.125,10.125,9.625],"rotation":0,"texture":"#0","tintindex":0},"east":{"uv":[10.0,3.625,9.5,4.25],"rotation":0,"texture":"#0","tintindex":0},"north":{"uv":[9.75,0.5,9.0,1.125],"rotation":0,"texture":"#0","tintindex":0},"south":{"uv":[3.25,9.125,2.5,9.75],"rotation":0,"texture":"#0","tintindex":0},"up":{"uv":[6.875,2.0,7.625,1.5],"rotation":0,"texture":"#0","tintindex":0},"west":{"uv":[7.0,7.25,6.5,7.875],"rotation":0,"texture":"#0","tintindex":0}}},{"name":"cube","from":[3.1776242,-0.35104704,5.402606],"to":[7.977625,2.048953,11.402606],"rotation":{"angle":0.0,"axis":"x","origin":[17.0,-12.400001,8.0]},"faces":{"down":{"uv":[4.625,6.0,5.625,7.25],"rotation":0,"texture":"#0","tintindex":0},"east":{"uv":[10.0,5.875,8.75,6.375],"rotation":0,"texture":"#0","tintindex":0},"north":{"uv":[9.875,5.375,8.875,5.875],"rotation":0,"texture":"#0","tintindex":0},"south":{"uv":[10.0,0.0,9.0,0.5],"rotation":0,"texture":"#0","tintindex":0},"up":{"uv":[3.625,7.25,4.625,6.0],"rotation":0,"texture":"#0","tintindex":0},"west":{"uv":[3.75,8.625,2.5,9.125],"rotation":0,"texture":"#0","tintindex":0}}}],"display":{"head":{"translation":[0.0,-6.4,0.0],"rotation":[0.0,0.0,0.0],"scale":[3.8095,3.8095,3.8095]}}}