{"textures":{"0":"modelengine:entity/frankenstein2"},"elements":[{"name":"cube","from":[5.3,3.8000004,6.5],"to":[8.3,9.2,9.5],"rotation":{"angle":0.0,"axis":"x","origin":[5.3,11.6,8.6]},"faces":{"down":{"uv":[9.375,1.125,10.0,1.75],"rotation":0,"texture":"#0","tintindex":0},"east":{"uv":[8.75,8.5,8.125,9.625],"rotation":0,"texture":"#0","tintindex":0},"north":{"uv":[9.0,0.0,8.375,1.125],"rotation":0,"texture":"#0","tintindex":0},"south":{"uv":[8.125,8.5,7.5,9.625],"rotation":0,"texture":"#0","tintindex":0},"up":{"uv":[4.75,9.875,5.375,9.25],"rotation":0,"texture":"#0","tintindex":0},"west":{"uv":[1.75,8.375,1.125,9.5],"rotation":0,"texture":"#0","tintindex":0}}}],"display":{"head":{"translation":[0.0,-6.4,0.0],"rotation":[0.0,0.0,0.0],"scale":[3.8095,3.8095,3.8095]}}}