{"textures":{"0":"modelengine:entity/frankenstein2"},"elements":[{"name":"cube","from":[6.8,3.7999997,6.2],"to":[9.8,8.0,9.8],"rotation":{"angle":0.0,"axis":"x","origin":[6.8,18.2,8.9]},"faces":{"down":{"uv":[5.5,9.0,6.125,9.75],"rotation":0,"texture":"#0","tintindex":0},"east":{"uv":[2.5,8.625,1.75,9.5],"rotation":0,"texture":"#0","tintindex":0},"north":{"uv":[9.5,3.625,8.875,4.5],"rotation":0,"texture":"#0","tintindex":0},"south":{"uv":[9.5,4.5,8.875,5.375],"rotation":0,"texture":"#0","tintindex":0},"up":{"uv":[9.0,2.75,9.625,2.0],"rotation":0,"texture":"#0","tintindex":0},"west":{"uv":[9.375,1.125,8.625,2.0],"rotation":0,"texture":"#0","tintindex":0}}},{"name":"cube","from":[6.8,3.7999997,5.6],"to":[9.8,5.6,6.2],"rotation":{"angle":0.0,"axis":"x","origin":[6.8,18.2,8.9]},"faces":{"down":{"uv":[6.5,3.125,7.125,3.25],"rotation":0,"texture":"#0","tintindex":0},"east":{"uv":[1.25,6.5,1.125,6.875],"rotation":0,"texture":"#0","tintindex":0},"north":{"uv":[10.0,9.625,9.375,10.0],"rotation":0,"texture":"#0","tintindex":0},"south":{"uv":[10.375,0.5,9.75,0.875],"rotation":0,"texture":"#0","tintindex":0},"up":{"uv":[6.5,3.125,7.125,3.0],"rotation":0,"texture":"#0","tintindex":0},"west":{"uv":[4.5,5.375,4.375,5.75],"rotation":0,"texture":"#0","tintindex":0}}}],"display":{"head":{"translation":[0.0,-6.4,0.0],"rotation":[0.0,0.0,0.0],"scale":[3.8095,3.8095,3.8095]}}}