{"textures":{"0":"modelengine:entity/frankenstein2"},"elements":[{"name":"cube","from":[6.3684363,2.0983891,2.0723042],"to":[10.568438,8.09839,8.072304],"rotation":{"angle":0.0,"axis":"x","origin":[20.190811,-3.9893403,4.7]},"faces":{"down":{"uv":[0.0,7.125,0.875,8.375],"rotation":0,"texture":"#0","tintindex":0},"east":{"uv":[7.125,3.25,5.875,4.5],"rotation":0,"texture":"#0","tintindex":0},"north":{"uv":[7.875,4.5,7.0,5.75],"rotation":0,"texture":"#0","tintindex":0},"south":{"uv":[7.875,5.75,7.0,7.0],"rotation":0,"texture":"#0","tintindex":0},"up":{"uv":[7.0,8.25,7.875,7.0],"rotation":0,"texture":"#0","tintindex":0},"west":{"uv":[6.5,2.0,5.25,3.25],"rotation":0,"texture":"#0","tintindex":0}}}],"display":{"head":{"translation":[0.0,-6.4,0.0],"rotation":[0.0,0.0,0.0],"scale":[3.8095,3.8095,3.8095]}}}