{"textures":{"0":"modelengine:entity/frankenstein2"},"elements":[{"name":"cube","from":[7.7,3.8000004,6.5],"to":[10.700001,9.2,9.5],"rotation":{"angle":0.0,"axis":"x","origin":[10.700001,11.6,8.6]},"faces":{"down":{"uv":[10.0,1.125,9.375,1.75],"rotation":0,"texture":"#0","tintindex":0},"east":{"uv":[1.125,8.375,1.75,9.5],"rotation":0,"texture":"#0","tintindex":0},"north":{"uv":[8.375,0.0,9.0,1.125],"rotation":0,"texture":"#0","tintindex":0},"south":{"uv":[7.5,8.5,8.125,9.625],"rotation":0,"texture":"#0","tintindex":0},"up":{"uv":[5.375,9.875,4.75,9.25],"rotation":0,"texture":"#0","tintindex":0},"west":{"uv":[8.125,8.5,8.75,9.625],"rotation":0,"texture":"#0","tintindex":0}}}],"display":{"head":{"translation":[0.0,-6.4,0.0],"rotation":[0.0,0.0,0.0],"scale":[3.8095,3.8095,3.8095]}}}