{"textures":{"0":"modelengine:entity/undeadcrew","1":"modelengine:entity/undeadcrew4","2":"modelengine:entity/undeadcrew5","3":"modelengine:entity/undeadcrew6"},"elements":[{"name":"cube","from":[6.7942667,6.7754025,8.095432],"to":[8.594267,7.975403,9.895433],"rotation":{"angle":0.0,"axis":"x","origin":[7.6942663,5.350403,8.695433]},"faces":{"down":{"uv":[7.4995,10.7505,6.7505,11.4995],"rotation":0,"texture":"#2","tintindex":0},"east":{"uv":[10.7505,6.2505,11.4995,6.7495],"rotation":0,"texture":"#2","tintindex":0},"north":{"uv":[10.7505,5.7505,11.4995,6.2495],"rotation":0,"texture":"#2","tintindex":0},"south":{"uv":[10.7505,6.7505,11.4995,7.2495],"rotation":0,"texture":"#2","tintindex":0},"up":{"uv":[6.7495,11.4995,6.0005,10.7505],"rotation":0,"texture":"#2","tintindex":0},"west":{"uv":[10.7505,7.2505,11.4995,7.7495],"rotation":0,"texture":"#2","tintindex":0}}},{"name":"cube","from":[6.1942663,5.5754023,7.495433],"to":[9.194266,6.7754025,10.495433],"rotation":{"angle":0.0,"axis":"x","origin":[7.6942663,5.350403,8.695433]},"faces":{"down":{"uv":[9.9995,5.0E-4,8.7505,1.2495],"rotation":0,"texture":"#2","tintindex":0},"east":{"uv":[10.2505,2.5005,11.4995,2.9995],"rotation":0,"texture":"#2","tintindex":0},"north":{"uv":[10.2505,2.0005,11.4995,2.4995],"rotation":0,"texture":"#2","tintindex":0},"south":{"uv":[10.2505,3.0005,11.4995,3.4995],"rotation":0,"texture":"#2","tintindex":0},"up":{"uv":[7.7495,2.7495,6.5005,1.5005],"rotation":0,"texture":"#2","tintindex":0},"west":{"uv":[10.2505,3.5005,11.4995,3.9995],"rotation":0,"texture":"#2","tintindex":0}}},{"name":"cube","from":[6.7942667,3.1754024,8.095432],"to":[8.594267,5.5754023,9.895433],"rotation":{"angle":0.0,"axis":"x","origin":[7.6942663,5.350403,8.695433]},"faces":{"down":{"uv":[11.4995,5.0E-4,10.7505,0.7495],"rotation":0,"texture":"#2","tintindex":0},"east":{"uv":[9.0005,10.0005,9.7495,10.9995],"rotation":0,"texture":"#2","tintindex":0},"north":{"uv":[8.2505,10.0005,8.9995,10.9995],"rotation":0,"texture":"#2","tintindex":0},"south":{"uv":[9.7505,10.0005,10.4995,10.9995],"rotation":0,"texture":"#2","tintindex":0},"up":{"uv":[8.2495,11.4995,7.5005,10.7505],"rotation":0,"texture":"#2","tintindex":0},"west":{"uv":[10.0005,5.0E-4,10.7495,0.9995],"rotation":0,"texture":"#2","tintindex":0}}},{"name":"cube","from":[6.7942667,3.1754024,7.495433],"to":[8.594267,3.7754025,8.095432],"rotation":{"angle":0.0,"axis":"x","origin":[7.6942663,5.350403,8.695433]},"faces":{"down":{"uv":[10.2495,3.7505,9.5005,3.9995],"rotation":0,"texture":"#2","tintindex":0},"east":{"uv":[7.5005,5.7505,7.7495,5.9995],"rotation":0,"texture":"#2","tintindex":0},"north":{"uv":[6.0005,5.7505,6.7495,5.9995],"rotation":0,"texture":"#2","tintindex":0},"south":{"uv":[6.7505,5.7505,7.4995,5.9995],"rotation":0,"texture":"#2","tintindex":0},"up":{"uv":[9.4995,1.4995,8.7505,1.2505],"rotation":0,"texture":"#2","tintindex":0},"west":{"uv":[1.7505,8.7505,1.9995,8.9995],"rotation":0,"texture":"#2","tintindex":0}}}],"display":{"head":{"translation":[0.0,-6.4,0.0],"rotation":[0.0,0.0,0.0],"scale":[3.8095,3.8095,3.8095]}}}