{"textures":{"0":"modelengine:entity/undeadcrew","1":"modelengine:entity/undeadcrew4","2":"modelengine:entity/undeadcrew5","3":"modelengine:entity/undeadcrew6"},"elements":[{"name":"cube","from":[7.0027423,4.984324,7.0744677],"to":[8.802742,7.9843245,8.874468],"rotation":{"angle":0.0,"axis":"x","origin":[7.9027424,6.4843245,7.9744678]},"faces":{"down":{"uv":[5.9995,10.7505,5.2505,11.4995],"rotation":0,"texture":"#2","tintindex":0},"east":{"uv":[0.7505,9.7505,1.4995,10.9995],"rotation":0,"texture":"#2","tintindex":0},"north":{"uv":[5.0E-4,9.7505,0.7495,10.9995],"rotation":0,"texture":"#2","tintindex":0},"south":{"uv":[3.2505,9.7505,3.9995,10.9995],"rotation":0,"texture":"#2","tintindex":0},"up":{"uv":[11.2495,8.9995,10.5005,8.2505],"rotation":0,"texture":"#2","tintindex":0},"west":{"uv":[4.0005,9.7505,4.7495,10.9995],"rotation":0,"texture":"#2","tintindex":0}}}],"display":{"head":{"translation":[0.0,-6.4,0.0],"rotation":[0.0,0.0,0.0],"scale":[3.8095,3.8095,3.8095]}}}