{"textures":{"0":"modelengine:entity/undeadcrew","1":"modelengine:entity/undeadcrew4","2":"modelengine:entity/undeadcrew5","3":"modelengine:entity/undeadcrew6"},"elements":[{"name":"cube","from":[5.8999996,7.85,9.057543],"to":[10.1,12.05,9.057543],"rotation":{"angle":0.0,"axis":"x","origin":[8.0,9.2,8.0]},"faces":{"down":{"uv":[9.4995,6.7505,7.7505,7.7495],"rotation":0,"texture":"#2","tintindex":0},"east":{"uv":[5.0005,2.7505,5.9995,4.4995],"rotation":0,"texture":"#2","tintindex":0},"north":{"uv":[4.0005,7.2505,5.7495,8.9995],"rotation":0,"texture":"#2","tintindex":0},"south":{"uv":[4.0005,7.2505,5.7495,8.9995],"rotation":0,"texture":"#2","tintindex":0},"up":{"uv":[9.4995,6.7495,7.7505,5.7505],"rotation":0,"texture":"#2","tintindex":0},"west":{"uv":[7.7505,4.0005,8.7495,5.7495],"rotation":0,"texture":"#2","tintindex":0}}},{"name":"cube","from":[10.1,7.85,6.657542],"to":[10.1,12.05,9.057543],"rotation":{"angle":0.0,"axis":"x","origin":[8.0,9.2,8.0]},"faces":{"down":{"uv":[9.4995,6.7505,7.7505,7.7495],"rotation":0,"texture":"#2","tintindex":0},"east":{"uv":[5.0005,2.7505,5.9995,4.4995],"rotation":0,"texture":"#2","tintindex":0},"north":{"uv":[2.2505,7.2505,3.9995,8.9995],"rotation":0,"texture":"#2","tintindex":0},"south":{"uv":[4.0005,7.2505,5.7495,8.9995],"rotation":0,"texture":"#2","tintindex":0},"up":{"uv":[9.4995,6.7495,7.7505,5.7505],"rotation":0,"texture":"#2","tintindex":0},"west":{"uv":[7.7505,4.0005,8.7495,5.7495],"rotation":0,"texture":"#2","tintindex":0}}},{"name":"cube","from":[5.8999996,7.85,6.657542],"to":[5.8999996,12.05,9.057543],"rotation":{"angle":0.0,"axis":"x","origin":[8.0,9.2,8.0]},"faces":{"down":{"uv":[9.4995,6.7505,7.7505,7.7495],"rotation":0,"texture":"#2","tintindex":0},"east":{"uv":[5.0005,2.7505,5.9995,4.4995],"rotation":0,"texture":"#2","tintindex":0},"north":{"uv":[2.2505,7.2505,3.9995,8.9995],"rotation":0,"texture":"#2","tintindex":0},"south":{"uv":[4.0005,7.2505,5.7495,8.9995],"rotation":0,"texture":"#2","tintindex":0},"up":{"uv":[9.4995,6.7495,7.7505,5.7505],"rotation":0,"texture":"#2","tintindex":0},"west":{"uv":[7.7505,4.0005,8.7495,5.7495],"rotation":0,"texture":"#2","tintindex":0}}},{"name":"cube","from":[5.8999996,7.85,6.657542],"to":[10.1,12.05,6.657542],"rotation":{"angle":0.0,"axis":"x","origin":[8.0,9.2,8.0]},"faces":{"down":{"uv":[9.4995,6.7505,7.7505,7.7495],"rotation":0,"texture":"#2","tintindex":0},"east":{"uv":[5.0005,2.7505,5.9995,4.4995],"rotation":0,"texture":"#2","tintindex":0},"north":{"uv":[2.2505,7.2505,3.9995,8.9995],"rotation":0,"texture":"#2","tintindex":0},"south":{"uv":[2.2505,7.2505,3.9995,8.9995],"rotation":0,"texture":"#2","tintindex":0},"up":{"uv":[9.4995,6.7495,7.7505,5.7505],"rotation":0,"texture":"#2","tintindex":0},"west":{"uv":[7.7505,4.0005,8.7495,5.7495],"rotation":0,"texture":"#2","tintindex":0}}},{"name":"cube","from":[7.1,11.428352,10.06769],"to":[8.9,14.428352,10.06769],"rotation":{"angle":-22.5,"axis":"x","origin":[8.0,9.2,8.0]},"faces":{"down":{"uv":[0.7495,5.0E-4,5.0E-4,-0.0015625],"rotation":0,"texture":"#2","tintindex":0},"east":{"uv":[5.0E-4,5.0E-4,-0.0015625,1.2495],"rotation":0,"texture":"#2","tintindex":0},"north":{"uv":[9.5005,1.2505,10.2495,2.4995],"rotation":0,"texture":"#2","tintindex":0},"south":{"uv":[9.5005,2.5005,10.2495,3.7495],"rotation":0,"texture":"#2","tintindex":0},"up":{"uv":[0.7495,5.0E-4,5.0E-4,-0.0015625],"rotation":0,"texture":"#2","tintindex":0},"west":{"uv":[5.0E-4,5.0E-4,-0.0015625,1.2495],"rotation":0,"texture":"#2","tintindex":0}}},{"name":"cube","from":[7.1,5.3574667,9.493665],"to":[8.9,8.357467,9.493665],"rotation":{"angle":22.5,"axis":"x","origin":[8.0,9.2,8.0]},"faces":{"down":{"uv":[0.7495,5.0E-4,5.0E-4,-0.0015625],"rotation":0,"texture":"#2","tintindex":0},"east":{"uv":[5.0E-4,5.0E-4,-0.0015625,1.2495],"rotation":0,"texture":"#2","tintindex":0},"north":{"uv":[9.5005,5.7505,10.2495,6.9995],"rotation":0,"texture":"#2","tintindex":0},"south":{"uv":[9.5005,7.0005,10.2495,8.2495],"rotation":0,"texture":"#2","tintindex":0},"up":{"uv":[0.7495,5.0E-4,5.0E-4,-0.0015625],"rotation":0,"texture":"#2","tintindex":0},"west":{"uv":[5.0E-4,5.0E-4,-0.0015625,1.2495],"rotation":0,"texture":"#2","tintindex":0}}},{"name":"cube","from":[5.8999996,5.45,6.9575424],"to":[10.1,7.25,9.357542],"rotation":{"angle":0.0,"axis":"x","origin":[8.0,9.2,8.0]},"faces":{"down":{"uv":[1.7495,8.7505,5.0E-4,9.7495],"rotation":0,"texture":"#2","tintindex":0},"east":{"uv":[6.2505,10.0005,7.2495,10.7495],"rotation":0,"texture":"#2","tintindex":0},"north":{"uv":[8.7505,5.0005,10.4995,5.7495],"rotation":0,"texture":"#2","tintindex":0},"south":{"uv":[3.2505,9.0005,4.9995,9.7495],"rotation":0,"texture":"#2","tintindex":0},"up":{"uv":[7.4995,8.9995,5.7505,8.0005],"rotation":0,"texture":"#2","tintindex":0},"west":{"uv":[7.2505,10.0005,8.2495,10.7495],"rotation":0,"texture":"#2","tintindex":0}}},{"name":"cube","from":[7.1,4.25,6.9575424],"to":[8.9,5.45,9.357542],"rotation":{"angle":0.0,"axis":"x","origin":[8.0,9.2,8.0]},"faces":{"down":{"uv":[10.9995,1.0005,10.2505,1.9995],"rotation":0,"texture":"#2","tintindex":0},"east":{"uv":[10.5005,5.2505,11.4995,5.7495],"rotation":0,"texture":"#2","tintindex":0},"north":{"uv":[10.7505,7.7505,11.4995,8.2495],"rotation":0,"texture":"#2","tintindex":0},"south":{"uv":[10.7505,9.0005,11.4995,9.4995],"rotation":0,"texture":"#2","tintindex":0},"up":{"uv":[10.7495,9.9995,10.0005,9.0005],"rotation":0,"texture":"#2","tintindex":0},"west":{"uv":[10.5005,10.0005,11.4995,10.4995],"rotation":0,"texture":"#2","tintindex":0}}},{"name":"cube","from":[5.75,12.2,6.507542],"to":[10.25,12.2,9.207542],"rotation":{"angle":0.0,"axis":"x","origin":[8.0,9.2,8.0]},"faces":{"down":{"uv":[8.7495,5.0E-4,6.5005,1.4995],"rotation":0,"texture":"#2","tintindex":0},"east":{"uv":[4.5005,4.5005,5.9995,7.2495],"rotation":0,"texture":"#2","tintindex":0},"north":{"uv":[5.0E-4,4.5005,2.2495,7.2495],"rotation":0,"texture":"#2","tintindex":0},"south":{"uv":[2.2505,4.5005,4.4995,7.2495],"rotation":0,"texture":"#2","tintindex":0},"up":{"uv":[8.7495,1.4995,6.5005,5.0E-4],"rotation":0,"texture":"#2","tintindex":0},"west":{"uv":[5.0005,5.0E-4,6.4995,2.7495],"rotation":0,"texture":"#2","tintindex":0}}},{"name":"cube","from":[5.75,6.05,9.207542],"to":[10.25,12.2,9.207542],"rotation":{"angle":0.0,"axis":"x","origin":[8.0,9.2,8.0]},"faces":{"down":{"uv":[2.2495,7.2505,5.0E-4,8.7495],"rotation":0,"texture":"#2","tintindex":0},"east":{"uv":[4.5005,4.5005,5.9995,7.2495],"rotation":0,"texture":"#2","tintindex":0},"north":{"uv":[2.2505,4.5005,4.4995,7.2495],"rotation":0,"texture":"#2","tintindex":0},"south":{"uv":[2.2505,4.5005,4.4995,7.2495],"rotation":0,"texture":"#2","tintindex":0},"up":{"uv":[8.7495,1.4995,6.5005,5.0E-4],"rotation":0,"texture":"#2","tintindex":0},"west":{"uv":[5.0005,5.0E-4,6.4995,2.7495],"rotation":0,"texture":"#2","tintindex":0}}},{"name":"cube","from":[5.75,6.05,6.507542],"to":[5.75,12.2,9.207542],"rotation":{"angle":0.0,"axis":"x","origin":[8.0,9.2,8.0]},"faces":{"down":{"uv":[2.2495,7.2505,5.0E-4,8.7495],"rotation":0,"texture":"#2","tintindex":0},"east":{"uv":[5.0005,5.0E-4,6.4995,2.7495],"rotation":0,"texture":"#2","tintindex":0},"north":{"uv":[5.0E-4,4.5005,2.2495,7.2495],"rotation":0,"texture":"#2","tintindex":0},"south":{"uv":[2.2505,4.5005,4.4995,7.2495],"rotation":0,"texture":"#2","tintindex":0},"up":{"uv":[8.7495,1.4995,6.5005,5.0E-4],"rotation":0,"texture":"#2","tintindex":0},"west":{"uv":[5.0005,5.0E-4,6.4995,2.7495],"rotation":0,"texture":"#2","tintindex":0}}},{"name":"cube","from":[5.75,6.05,6.507542],"to":[10.25,12.2,6.507542],"rotation":{"angle":0.0,"axis":"x","origin":[8.0,9.2,8.0]},"faces":{"down":{"uv":[2.2495,7.2505,5.0E-4,8.7495],"rotation":0,"texture":"#2","tintindex":0},"east":{"uv":[4.5005,4.5005,5.9995,7.2495],"rotation":0,"texture":"#2","tintindex":0},"north":{"uv":[5.0E-4,4.5005,2.2495,7.2495],"rotation":0,"texture":"#2","tintindex":0},"south":{"uv":[5.0E-4,4.5005,2.2495,7.2495],"rotation":0,"texture":"#2","tintindex":0},"up":{"uv":[8.7495,1.4995,6.5005,5.0E-4],"rotation":0,"texture":"#2","tintindex":0},"west":{"uv":[5.0005,5.0E-4,6.4995,2.7495],"rotation":0,"texture":"#2","tintindex":0}}},{"name":"cube","from":[10.25,6.05,6.507542],"to":[10.25,12.2,9.207542],"rotation":{"angle":0.0,"axis":"x","origin":[8.0,9.2,8.0]},"faces":{"down":{"uv":[2.2495,7.2505,5.0E-4,8.7495],"rotation":0,"texture":"#2","tintindex":0},"east":{"uv":[4.5005,4.5005,5.9995,7.2495],"rotation":0,"texture":"#2","tintindex":0},"north":{"uv":[5.0E-4,4.5005,2.2495,7.2495],"rotation":0,"texture":"#2","tintindex":0},"south":{"uv":[2.2505,4.5005,4.4995,7.2495],"rotation":0,"texture":"#2","tintindex":0},"up":{"uv":[8.7495,1.4995,6.5005,5.0E-4],"rotation":0,"texture":"#2","tintindex":0},"west":{"uv":[4.5005,4.5005,5.9995,7.2495],"rotation":0,"texture":"#2","tintindex":0}}}],"display":{"head":{"translation":[0.0,-6.4,0.0],"rotation":[0.0,0.0,0.0],"scale":[3.8095,3.8095,3.8095]}}}