{"textures":{"0":"modelengine:entity/wizard"},"elements":[{"name":"cube","from":[6.5,4.3999996,6.8],"to":[8.9,8.6,9.8],"rotation":{"angle":0.0,"axis":"x","origin":[10.1,8.6,8.6]},"faces":{"down":{"uv":[8.75,2.5,8.25,3.125],"rotation":0,"texture":"#0","tintindex":0},"east":{"uv":[5.625,7.375,6.25,8.25],"rotation":0,"texture":"#0","tintindex":0},"north":{"uv":[6.875,7.75,7.375,8.625],"rotation":0,"texture":"#0","tintindex":0},"south":{"uv":[7.75,7.125,8.25,8.0],"rotation":0,"texture":"#0","tintindex":0},"up":{"uv":[8.25,8.625,7.75,8.0],"rotation":0,"texture":"#0","tintindex":0},"west":{"uv":[6.25,7.375,6.875,8.25],"rotation":0,"texture":"#0","tintindex":0}}}],"display":{"head":{"translation":[0.0,-6.4,0.0],"rotation":[0.0,0.0,0.0],"scale":[3.8095,3.8095,3.8095]}}}