{"textures":{"0":"modelengine:entity/wizard"},"elements":[{"name":"cube","from":[7.1,3.7999997,8.0],"to":[8.9,8.0,10.4],"rotation":{"angle":0.0,"axis":"x","origin":[5.6,7.4,9.2]},"faces":{"down":{"uv":[0.5,8.5,0.875,9.0],"rotation":0,"texture":"#0","tintindex":0},"east":{"uv":[4.5,7.875,4.0,8.75],"rotation":0,"texture":"#0","tintindex":0},"north":{"uv":[8.25,5.5,7.875,6.375],"rotation":0,"texture":"#0","tintindex":0},"south":{"uv":[1.875,8.0,1.5,8.875],"rotation":0,"texture":"#0","tintindex":0},"up":{"uv":[8.25,8.875,8.625,8.375],"rotation":0,"texture":"#0","tintindex":0},"west":{"uv":[8.375,1.0,7.875,1.875],"rotation":0,"texture":"#0","tintindex":0}}},{"name":"cube","from":[7.1,3.7999997,7.4],"to":[8.9,5.0,8.0],"rotation":{"angle":0.0,"axis":"x","origin":[5.6,7.4,6.2]},"faces":{"down":{"uv":[5.75,2.875,6.125,3.0],"rotation":0,"texture":"#0","tintindex":0},"east":{"uv":[7.0,4.75,6.875,5.0],"rotation":0,"texture":"#0","tintindex":0},"north":{"uv":[9.125,2.875,8.75,3.125],"rotation":0,"texture":"#0","tintindex":0},"south":{"uv":[1.25,8.875,0.875,9.125],"rotation":0,"texture":"#0","tintindex":0},"up":{"uv":[5.25,4.25,5.625,4.125],"rotation":0,"texture":"#0","tintindex":0},"west":{"uv":[2.125,6.75,2.0,7.0],"rotation":0,"texture":"#0","tintindex":0}}}],"display":{"head":{"translation":[0.0,-6.4,0.0],"rotation":[0.0,0.0,0.0],"scale":[3.8095,3.8095,3.8095]}}}