{"textures":{"0":"modelengine:entity/wizard"},"elements":[{"name":"cube","from":[3.7999997,9.8,5.6],"to":[11.0,13.400001,11.0],"rotation":{"angle":0.0,"axis":"x","origin":[7.4,8.6,8.0]},"faces":{"down":{"uv":[3.25,1.125,1.75,2.25],"rotation":0,"texture":"#0","tintindex":0},"east":{"uv":[6.0,5.875,7.125,6.625],"rotation":0,"texture":"#0","tintindex":0},"north":{"uv":[3.75,3.5,5.25,4.25],"rotation":0,"texture":"#0","tintindex":0},"south":{"uv":[4.25,2.25,5.75,3.0],"rotation":0,"texture":"#0","tintindex":0},"up":{"uv":[3.25,1.125,1.75,0.0],"rotation":0,"texture":"#0","tintindex":0},"west":{"uv":[6.25,2.875,7.375,3.625],"rotation":0,"texture":"#0","tintindex":0}}},{"name":"cube","from":[5.0,6.2,6.2],"to":[9.8,11.6,10.4],"rotation":{"angle":0.0,"axis":"x","origin":[7.4,10.4,8.0]},"faces":{"down":{"uv":[7.0,5.0,6.0,5.875],"rotation":0,"texture":"#0","tintindex":0},"east":{"uv":[5.125,5.375,6.0,6.5],"rotation":0,"texture":"#0","tintindex":0},"north":{"uv":[3.75,4.25,4.75,5.375],"rotation":0,"texture":"#0","tintindex":0},"south":{"uv":[4.5,0.0,5.5,1.125],"rotation":0,"texture":"#0","tintindex":0},"up":{"uv":[2.125,6.75,1.125,5.875],"rotation":0,"texture":"#0","tintindex":0},"west":{"uv":[5.5,0.0,6.375,1.125],"rotation":0,"texture":"#0","tintindex":0}}},{"name":"cube","from":[3.7999997,2.6,11.0],"to":[7.4,10.4,11.0],"rotation":{"angle":0.0,"axis":"x","origin":[7.4,8.6,14.0]},"faces":{"down":{"uv":[0.75,0.0,0.0,0.0],"rotation":0,"texture":"#0","tintindex":0},"east":{"uv":[0.0,0.0,0.0,1.625],"rotation":0,"texture":"#0","tintindex":0},"north":{"uv":[2.25,3.5,3.0,5.125],"rotation":0,"texture":"#0","tintindex":0},"south":{"uv":[3.0,3.5,3.75,5.125],"rotation":0,"texture":"#0","tintindex":0},"up":{"uv":[0.75,0.0,0.0,0.0],"rotation":0,"texture":"#0","tintindex":0},"west":{"uv":[0.0,0.0,0.0,1.625],"rotation":0,"texture":"#0","tintindex":0}}}],"display":{"head":{"translation":[0.0,-6.4,0.0],"rotation":[0.0,0.0,0.0],"scale":[3.8095,3.8095,3.8095]}}}