{"textures":{"0":"modelengine:entity/boneshadingravager","1":"modelengine:entity/fallenravager","2":"modelengine:entity/fravager_gosido","3":"modelengine:entity/boneshadingravager_e","4":"modelengine:entity/fravager_chipcitums_axe","5":"modelengine:entity/fravager_chipcitums_axe_e"},"elements":[{"name":"bot_aurum","from":[5.615,7.4,6.53474],"to":[10.385,8.0,8.874741],"rotation":{"angle":0.0,"axis":"x","origin":[8.0,-2.2000003,7.70474]},"faces":{"down":{"uv":[0.999,1.001,4.974,2.951],"rotation":0,"texture":"#0","tintindex":0},"east":{"uv":[0.0075,7.0075,1.9575,7.5075],"rotation":0,"texture":"#0","tintindex":0},"north":{"uv":[0.0,2.5125,5.975,3.5125],"rotation":0,"texture":"#0","tintindex":0},"south":{"uv":[0.0,2.5125,5.975,3.5125],"rotation":0,"texture":"#0","tintindex":0},"up":{"uv":[0.71775,1.124,4.69275,3.074],"rotation":0,"texture":"#0","tintindex":0},"west":{"uv":[0.0075,7.0075,1.9575,7.5075],"rotation":0,"texture":"#0","tintindex":0}}},{"name":"aurum","from":[5.591,7.976,6.5107403],"to":[10.409,9.224,8.89874],"rotation":{"angle":0.0,"axis":"x","origin":[8.0,-2.2000003,7.70474]},"faces":{"down":{"uv":[0.999,1.001,4.974,2.951],"rotation":0,"texture":"#0","tintindex":0},"east":{"uv":[0.0075,7.0075,1.9575,8.0075],"rotation":0,"texture":"#0","tintindex":0},"north":{"uv":[0.0,0.0125,5.975,2.0125],"rotation":0,"texture":"#0","tintindex":0},"south":{"uv":[0.0,0.0125,5.975,2.0125],"rotation":0,"texture":"#0","tintindex":0},"up":{"uv":[0.71775,1.124,4.69275,3.074],"rotation":0,"texture":"#0","tintindex":0},"west":{"uv":[0.0075,7.0075,1.9575,8.0075],"rotation":0,"texture":"#0","tintindex":0}}},{"name":"aurum","from":[8.78375,8.858749,6.5047398],"to":[10.283751,9.12875,6.59474],"rotation":{"angle":0.0,"axis":"x","origin":[19.583752,6.7437496,5.42474]},"faces":{"down":{"uv":[2.0125,7.0125,3.9875,8.9875],"rotation":270,"texture":"#0","tintindex":0},"east":{"uv":[2.0125,7.0125,3.9875,8.9875],"rotation":270,"texture":"#0","tintindex":0},"north":{"uv":[2.0125,0.0125,2.9875,3.9875],"rotation":90,"texture":"#0","tintindex":0},"south":{"uv":[0.0125,7.0125,5.985,8.985],"rotation":270,"texture":"#0","tintindex":0},"up":{"uv":[2.0125,7.0125,3.9875,8.9875],"rotation":270,"texture":"#0","tintindex":0},"west":{"uv":[2.0125,7.0125,3.9875,8.9875],"rotation":270,"texture":"#0","tintindex":0}}},{"name":"aurum","from":[8.78375,8.40875,6.5047398],"to":[9.983749,8.67875,6.59474],"rotation":{"angle":0.0,"axis":"x","origin":[19.583752,6.29375,5.42474]},"faces":{"down":{"uv":[2.0125,7.0125,3.9875,8.9875],"rotation":270,"texture":"#0","tintindex":0},"east":{"uv":[2.0125,7.0125,3.9875,8.9875],"rotation":270,"texture":"#0","tintindex":0},"north":{"uv":[2.0125,4.5125,3.9875,8.4875],"rotation":90,"texture":"#0","tintindex":0},"south":{"uv":[0.0125,7.0125,5.985,8.985],"rotation":270,"texture":"#0","tintindex":0},"up":{"uv":[2.0125,7.0125,3.9875,8.9875],"rotation":270,"texture":"#0","tintindex":0},"west":{"uv":[2.0125,7.0125,3.9875,8.9875],"rotation":270,"texture":"#0","tintindex":0}}},{"name":"aurum","from":[5.56625,8.858749,6.5047398],"to":[7.21625,9.12875,6.59474],"rotation":{"angle":0.0,"axis":"x","origin":[-3.5837502,6.7437496,5.42474]},"faces":{"down":{"uv":[2.0125,8.9875,3.9875,7.0125],"rotation":270,"texture":"#0","tintindex":0},"east":{"uv":[2.0125,8.9875,3.9875,7.0125],"rotation":270,"texture":"#0","tintindex":0},"north":{"uv":[3.0125,3.9875,3.9875,0.0125],"rotation":90,"texture":"#0","tintindex":0},"south":{"uv":[0.0125,8.985,5.985,7.0125],"rotation":270,"texture":"#0","tintindex":0},"up":{"uv":[2.0125,8.9875,3.9875,7.0125],"rotation":270,"texture":"#0","tintindex":0},"west":{"uv":[2.0125,8.9875,3.9875,7.0125],"rotation":270,"texture":"#0","tintindex":0}}},{"name":"aurum","from":[6.0162497,8.858749,8.814739],"to":[7.21625,9.12875,8.90474],"rotation":{"angle":0.0,"axis":"x","origin":[-3.5837502,6.7437496,9.984739]},"faces":{"down":{"uv":[3.9875,8.9875,2.0125,7.0125],"rotation":270,"texture":"#0","tintindex":0},"east":{"uv":[2.0125,7.0125,3.9875,8.9875],"rotation":270,"texture":"#0","tintindex":0},"north":{"uv":[0.0125,7.0125,5.985,8.985],"rotation":270,"texture":"#0","tintindex":0},"south":{"uv":[3.0125,0.0125,3.9875,3.9875],"rotation":90,"texture":"#0","tintindex":0},"up":{"uv":[3.9875,8.9875,2.0125,7.0125],"rotation":270,"texture":"#0","tintindex":0},"west":{"uv":[2.0125,7.0125,3.9875,8.9875],"rotation":270,"texture":"#0","tintindex":0}}},{"name":"aurum","from":[8.78375,8.858749,8.814739],"to":[9.983749,9.12875,8.90474],"rotation":{"angle":0.0,"axis":"x","origin":[19.583752,6.7437496,9.984739]},"faces":{"down":{"uv":[3.9875,7.0125,2.0125,8.9875],"rotation":270,"texture":"#0","tintindex":0},"east":{"uv":[2.0125,8.9875,3.9875,7.0125],"rotation":270,"texture":"#0","tintindex":0},"north":{"uv":[0.0125,8.985,5.985,7.0125],"rotation":270,"texture":"#0","tintindex":0},"south":{"uv":[2.0125,3.9875,2.9875,0.0125],"rotation":90,"texture":"#0","tintindex":0},"up":{"uv":[3.9875,7.0125,2.0125,8.9875],"rotation":270,"texture":"#0","tintindex":0},"west":{"uv":[2.0125,8.9875,3.9875,7.0125],"rotation":270,"texture":"#0","tintindex":0}}},{"name":"aurum","from":[6.0162497,8.40875,6.5047398],"to":[7.21625,8.67875,6.59474],"rotation":{"angle":0.0,"axis":"x","origin":[-3.5837502,6.29375,5.42474]},"faces":{"down":{"uv":[2.0125,8.9875,3.9875,7.0125],"rotation":270,"texture":"#0","tintindex":0},"east":{"uv":[2.0125,8.9875,3.9875,7.0125],"rotation":270,"texture":"#0","tintindex":0},"north":{"uv":[2.0125,8.4875,2.9875,4.5125],"rotation":90,"texture":"#0","tintindex":0},"south":{"uv":[0.0125,8.985,5.985,7.0125],"rotation":270,"texture":"#0","tintindex":0},"up":{"uv":[2.0125,8.9875,3.9875,7.0125],"rotation":270,"texture":"#0","tintindex":0},"west":{"uv":[2.0125,8.9875,3.9875,7.0125],"rotation":270,"texture":"#0","tintindex":0}}},{"name":"aurum","from":[6.0162497,8.40875,8.814739],"to":[7.21625,8.67875,8.90474],"rotation":{"angle":0.0,"axis":"x","origin":[-3.5837502,6.29375,9.984739]},"faces":{"down":{"uv":[3.9875,8.9875,2.0125,7.0125],"rotation":270,"texture":"#0","tintindex":0},"east":{"uv":[2.0125,7.0125,3.9875,8.9875],"rotation":270,"texture":"#0","tintindex":0},"north":{"uv":[0.0125,7.0125,5.985,8.985],"rotation":270,"texture":"#0","tintindex":0},"south":{"uv":[2.0125,4.5125,2.9875,8.4875],"rotation":90,"texture":"#0","tintindex":0},"up":{"uv":[3.9875,8.9875,2.0125,7.0125],"rotation":270,"texture":"#0","tintindex":0},"west":{"uv":[2.0125,7.0125,3.9875,8.9875],"rotation":270,"texture":"#0","tintindex":0}}},{"name":"aurum","from":[8.78375,8.40875,8.814739],"to":[9.983749,8.67875,8.90474],"rotation":{"angle":0.0,"axis":"x","origin":[19.583752,6.29375,9.984739]},"faces":{"down":{"uv":[3.9875,7.0125,2.0125,8.9875],"rotation":270,"texture":"#0","tintindex":0},"east":{"uv":[2.0125,8.9875,3.9875,7.0125],"rotation":270,"texture":"#0","tintindex":0},"north":{"uv":[0.0125,8.985,5.985,7.0125],"rotation":270,"texture":"#0","tintindex":0},"south":{"uv":[2.0125,8.4875,3.9875,4.5125],"rotation":90,"texture":"#0","tintindex":0},"up":{"uv":[3.9875,7.0125,2.0125,8.9875],"rotation":270,"texture":"#0","tintindex":0},"west":{"uv":[2.0125,8.9875,3.9875,7.0125],"rotation":270,"texture":"#0","tintindex":0}}},{"name":"aurum","from":[6.0162497,7.8087497,8.814739],"to":[6.61625,8.078751,8.90474],"rotation":{"angle":0.0,"axis":"x","origin":[-3.5837502,5.69375,9.984739]},"faces":{"down":{"uv":[3.9875,8.9875,2.0125,7.0125],"rotation":270,"texture":"#0","tintindex":0},"east":{"uv":[2.0125,7.0125,3.9875,8.9875],"rotation":270,"texture":"#0","tintindex":0},"north":{"uv":[0.0125,7.0125,5.985,8.985],"rotation":270,"texture":"#0","tintindex":0},"south":{"uv":[2.0125,4.5125,2.9875,8.4875],"rotation":90,"texture":"#0","tintindex":0},"up":{"uv":[3.9875,8.9875,2.0125,7.0125],"rotation":270,"texture":"#0","tintindex":0},"west":{"uv":[2.0125,7.0125,3.9875,8.9875],"rotation":270,"texture":"#0","tintindex":0}}},{"name":"aurum","from":[9.38375,7.8087497,8.814739],"to":[9.983749,8.078751,8.90474],"rotation":{"angle":0.0,"axis":"x","origin":[19.583752,5.69375,9.984739]},"faces":{"down":{"uv":[3.9875,7.0125,2.0125,8.9875],"rotation":270,"texture":"#0","tintindex":0},"east":{"uv":[2.0125,8.9875,3.9875,7.0125],"rotation":270,"texture":"#0","tintindex":0},"north":{"uv":[0.0125,8.985,5.985,7.0125],"rotation":270,"texture":"#0","tintindex":0},"south":{"uv":[2.0125,8.4875,3.9875,4.5125],"rotation":90,"texture":"#0","tintindex":0},"up":{"uv":[3.9875,7.0125,2.0125,8.9875],"rotation":270,"texture":"#0","tintindex":0},"west":{"uv":[2.0125,8.9875,3.9875,7.0125],"rotation":270,"texture":"#0","tintindex":0}}},{"name":"aurum","from":[9.38375,7.92875,6.5047398],"to":[9.983749,8.19875,6.59474],"rotation":{"angle":0.0,"axis":"x","origin":[19.583752,5.8137503,5.42474]},"faces":{"down":{"uv":[2.0125,7.0125,3.9875,8.9875],"rotation":270,"texture":"#0","tintindex":0},"east":{"uv":[2.0125,7.0125,3.9875,8.9875],"rotation":270,"texture":"#0","tintindex":0},"north":{"uv":[2.0125,4.5125,3.9875,8.4875],"rotation":90,"texture":"#0","tintindex":0},"south":{"uv":[0.0125,7.0125,5.985,8.985],"rotation":270,"texture":"#0","tintindex":0},"up":{"uv":[2.0125,7.0125,3.9875,8.9875],"rotation":270,"texture":"#0","tintindex":0},"west":{"uv":[2.0125,7.0125,3.9875,8.9875],"rotation":270,"texture":"#0","tintindex":0}}},{"name":"aurum","from":[6.0162497,7.92875,6.5047398],"to":[6.61625,8.19875,6.59474],"rotation":{"angle":0.0,"axis":"x","origin":[-3.5837502,5.8137503,5.42474]},"faces":{"down":{"uv":[2.0125,8.9875,3.9875,7.0125],"rotation":270,"texture":"#0","tintindex":0},"east":{"uv":[2.0125,8.9875,3.9875,7.0125],"rotation":270,"texture":"#0","tintindex":0},"north":{"uv":[2.0125,8.4875,2.9875,4.5125],"rotation":90,"texture":"#0","tintindex":0},"south":{"uv":[0.0125,8.985,5.985,7.0125],"rotation":270,"texture":"#0","tintindex":0},"up":{"uv":[2.0125,8.9875,3.9875,7.0125],"rotation":270,"texture":"#0","tintindex":0},"west":{"uv":[2.0125,8.9875,3.9875,7.0125],"rotation":270,"texture":"#0","tintindex":0}}},{"name":"scarfen","from":[10.364,8.684001,6.2137403],"to":[11.035999,12.356,9.28574],"rotation":{"angle":0.0,"axis":"x","origin":[7.7,-2.98,7.85474]},"faces":{"down":{"uv":[1.874,6.251,1.8135,6.5615],"rotation":0,"texture":"#1","tintindex":0},"east":{"uv":[2.876,0.001,3.1865,0.374],"rotation":0,"texture":"#1","tintindex":0},"north":{"uv":[2.4385,6.001,2.499,6.374],"rotation":0,"texture":"#1","tintindex":0},"south":{"uv":[4.001,6.001,4.0615,6.374],"rotation":0,"texture":"#1","tintindex":0},"up":{"uv":[2.374,6.499,2.3135,6.1885],"rotation":0,"texture":"#1","tintindex":0},"west":{"uv":[0.4385,3.001,0.749,3.374],"rotation":0,"texture":"#1","tintindex":0}}},{"name":"scarfen","from":[4.9639997,8.684001,6.2137403],"to":[5.6359997,12.356,9.28574],"rotation":{"angle":0.0,"axis":"x","origin":[8.3,-2.98,7.85474]},"faces":{"down":{"uv":[1.999,6.501,1.9385,6.8115],"rotation":0,"texture":"#1","tintindex":0},"east":{"uv":[1.626,3.001,1.9365,3.374],"rotation":0,"texture":"#1","tintindex":0},"north":{"uv":[1.501,6.1885,1.5615,6.5615],"rotation":0,"texture":"#1","tintindex":0},"south":{"uv":[2.1885,6.1885,2.249,6.5615],"rotation":0,"texture":"#1","tintindex":0},"up":{"uv":[1.6865,6.8115,1.626,6.501],"rotation":0,"texture":"#1","tintindex":0},"west":{"uv":[2.001,3.001,2.3115,3.374],"rotation":0,"texture":"#1","tintindex":0}}},{"name":"body","from":[5.0,9.2,6.5047398],"to":[11.0,12.2,8.90474],"rotation":{"angle":0.0,"axis":"x","origin":[8.0,-2.2000003,7.70474]},"faces":{"down":{"uv":[2.749,1.4385,2.126,1.6865],"rotation":0,"texture":"#1","tintindex":0},"east":{"uv":[3.376,1.626,3.624,1.9365],"rotation":0,"texture":"#1","tintindex":0},"north":{"uv":[0.5635,2.001,1.1865,2.3115],"rotation":0,"texture":"#1","tintindex":0},"south":{"uv":[1.251,2.001,1.874,2.3115],"rotation":0,"texture":"#1","tintindex":0},"up":{"uv":[2.749,1.374,2.126,1.126],"rotation":0,"texture":"#1","tintindex":0},"west":{"uv":[1.6885,3.4385,1.9365,3.749],"rotation":0,"texture":"#1","tintindex":0}}},{"name":"layer","from":[5.495,7.4,6.39974],"to":[10.505,9.2,9.00974],"rotation":{"angle":0.0,"axis":"x","origin":[8.0,-2.2000003,7.70474]},"faces":{"down":{"uv":[3.3115,1.0635,2.8135,1.3115],"rotation":0,"texture":"#1","tintindex":0},"east":{"uv":[0.6885,5.126,0.9365,5.3115],"rotation":0,"texture":"#1","tintindex":0},"north":{"uv":[3.001,0.8135,3.499,0.999],"rotation":0,"texture":"#1","tintindex":0},"south":{"uv":[3.251,2.001,3.749,2.1865],"rotation":0,"texture":"#1","tintindex":0},"up":{"uv":[1.5615,2.999,1.0635,2.751],"rotation":0,"texture":"#1","tintindex":0},"west":{"uv":[5.126,1.1885,5.374,1.374],"rotation":0,"texture":"#1","tintindex":0}}},{"name":"krystel","from":[7.8254642,11.3012,5.7259398],"to":[8.247328,11.723064,6.3235397],"rotation":{"angle":-45.0,"axis":"z","origin":[8.124264,11.6,6.02474]},"faces":{"down":{"uv":[1.9365,8.251,1.876,8.3115],"rotation":0,"texture":"#1","tintindex":0},"east":{"uv":[8.251,1.126,8.3115,1.1865],"rotation":0,"texture":"#1","tintindex":0},"north":{"uv":[0.876,8.251,0.9365,8.3115],"rotation":0,"texture":"#1","tintindex":0},"south":{"uv":[8.251,1.251,8.3115,1.3115],"rotation":0,"texture":"#1","tintindex":0},"up":{"uv":[1.8115,8.3115,1.751,8.251],"rotation":0,"texture":"#1","tintindex":0},"west":{"uv":[1.501,8.251,1.5615,8.3115],"rotation":0,"texture":"#1","tintindex":0}}},{"name":"krystel","from":[7.7,10.4,5.72474],"to":[8.3,11.6,6.32474],"rotation":{"angle":0.0,"axis":"x","origin":[7.97,-2.8000002,7.52474]},"faces":{"down":{"uv":[8.249,7.001,8.1885,7.0615],"rotation":0,"texture":"#1","tintindex":0},"east":{"uv":[7.8135,3.501,7.874,3.624],"rotation":0,"texture":"#1","tintindex":0},"north":{"uv":[7.8135,3.3135,7.874,3.4365],"rotation":0,"texture":"#1","tintindex":0},"south":{"uv":[7.8135,3.876,7.874,3.999],"rotation":0,"texture":"#1","tintindex":0},"up":{"uv":[8.249,6.9365,8.1885,6.876],"rotation":0,"texture":"#1","tintindex":0},"west":{"uv":[7.8135,4.0635,7.874,4.1865],"rotation":0,"texture":"#1","tintindex":0}}},{"name":"krystel","from":[7.8254642,10.1012,5.7259398],"to":[8.247328,10.523065,6.3235397],"rotation":{"angle":-45.0,"axis":"z","origin":[8.124264,10.4,6.02474]},"faces":{"down":{"uv":[8.3115,2.5635,8.251,2.624],"rotation":0,"texture":"#1","tintindex":0},"east":{"uv":[2.001,8.251,2.0615,8.3115],"rotation":0,"texture":"#1","tintindex":0},"north":{"uv":[8.251,1.876,8.3115,1.9365],"rotation":0,"texture":"#1","tintindex":0},"south":{"uv":[8.251,2.126,8.3115,2.1865],"rotation":0,"texture":"#1","tintindex":0},"up":{"uv":[2.4365,8.3115,2.376,8.251],"rotation":0,"texture":"#1","tintindex":0},"west":{"uv":[8.251,2.251,8.3115,2.3115],"rotation":0,"texture":"#1","tintindex":0}}},{"name":"body","from":[7.4,9.8,5.9047403],"to":[8.6,12.2,6.5047398],"rotation":{"angle":0.0,"axis":"x","origin":[8.0,-2.2000003,7.70474]},"faces":{"down":{"uv":[7.9365,3.1885,7.8135,3.249],"rotation":0,"texture":"#1","tintindex":0},"east":{"uv":[3.4385,6.876,3.499,7.124],"rotation":0,"texture":"#1","tintindex":0},"north":{"uv":[4.876,5.626,4.999,5.874],"rotation":0,"texture":"#1","tintindex":0},"south":{"uv":[5.0635,5.6885,5.1865,5.9365],"rotation":0,"texture":"#1","tintindex":0},"up":{"uv":[7.9365,3.124,7.8135,3.0635],"rotation":0,"texture":"#1","tintindex":0},"west":{"uv":[3.5635,6.876,3.624,7.124],"rotation":0,"texture":"#1","tintindex":0}}},{"name":"body","from":[8.3018,9.926065,5.90654],"to":[8.8982,10.522465,6.50294],"rotation":{"angle":-45.0,"axis":"z","origin":[8.6,10.224264,6.20474]},"faces":{"down":{"uv":[3.1865,8.251,3.126,8.3115],"rotation":0,"texture":"#1","tintindex":0},"east":{"uv":[8.251,2.8135,8.3115,2.874],"rotation":0,"texture":"#1","tintindex":0},"north":{"uv":[8.251,2.6885,8.3115,2.749],"rotation":0,"texture":"#1","tintindex":0},"south":{"uv":[8.251,2.9385,8.3115,2.999],"rotation":0,"texture":"#1","tintindex":0},"up":{"uv":[8.3115,3.124,8.251,3.0635],"rotation":0,"texture":"#1","tintindex":0},"west":{"uv":[3.001,8.251,3.0615,8.3115],"rotation":0,"texture":"#1","tintindex":0}}},{"name":"body","from":[7.1018,9.926065,5.90654],"to":[7.6981997,10.522465,6.50294],"rotation":{"angle":45.0,"axis":"z","origin":[7.4,10.224264,6.20474]},"faces":{"down":{"uv":[4.0615,8.251,4.001,8.3115],"rotation":0,"texture":"#1","tintindex":0},"east":{"uv":[8.251,3.3135,8.3115,3.374],"rotation":0,"texture":"#1","tintindex":0},"north":{"uv":[8.251,3.1885,8.3115,3.249],"rotation":0,"texture":"#1","tintindex":0},"south":{"uv":[8.251,3.4385,8.3115,3.499],"rotation":0,"texture":"#1","tintindex":0},"up":{"uv":[8.3115,3.9365,8.251,3.876],"rotation":0,"texture":"#1","tintindex":0},"west":{"uv":[8.251,3.751,8.3115,3.8115],"rotation":0,"texture":"#1","tintindex":0}}},{"name":"body","from":[6.2,10.4,6.20474],"to":[9.8,12.2,6.80474],"rotation":{"angle":0.0,"axis":"x","origin":[8.0,-2.2000003,8.00474]},"faces":{"down":{"uv":[6.499,1.751,6.126,1.8115],"rotation":0,"texture":"#1","tintindex":0},"east":{"uv":[7.5635,1.876,7.624,2.0615],"rotation":0,"texture":"#1","tintindex":0},"north":{"uv":[3.8135,2.001,4.1865,2.1865],"rotation":0,"texture":"#1","tintindex":0},"south":{"uv":[3.001,3.8135,3.374,3.999],"rotation":0,"texture":"#1","tintindex":0},"up":{"uv":[6.499,1.3115,6.126,1.251],"rotation":0,"texture":"#1","tintindex":0},"west":{"uv":[2.251,7.5635,2.3115,7.749],"rotation":0,"texture":"#1","tintindex":0}}},{"name":"body","from":[6.8,9.8,6.20474],"to":[9.2,10.4,6.80474],"rotation":{"angle":0.0,"axis":"x","origin":[8.0,-2.8000002,8.00474]},"faces":{"down":{"uv":[7.1865,4.4385,6.9385,4.499],"rotation":0,"texture":"#1","tintindex":0},"east":{"uv":[8.251,4.001,8.3115,4.0615],"rotation":0,"texture":"#1","tintindex":0},"north":{"uv":[6.9385,1.376,7.1865,1.4365],"rotation":0,"texture":"#1","tintindex":0},"south":{"uv":[6.9385,3.126,7.1865,3.1865],"rotation":0,"texture":"#1","tintindex":0},"up":{"uv":[4.249,6.999,4.001,6.9385],"rotation":0,"texture":"#1","tintindex":0},"west":{"uv":[8.251,4.126,8.3115,4.1865],"rotation":0,"texture":"#1","tintindex":0}}},{"name":"body","from":[8.903601,9.927865,6.2083397],"to":[10.096399,10.520664,6.80114],"rotation":{"angle":45.0,"axis":"z","origin":[9.2,10.224264,6.5047398]},"faces":{"down":{"uv":[7.999,1.5635,7.876,1.624],"rotation":0,"texture":"#1","tintindex":0},"east":{"uv":[8.251,4.251,8.3115,4.3115],"rotation":0,"texture":"#1","tintindex":0},"north":{"uv":[1.001,7.876,1.124,7.9365],"rotation":0,"texture":"#1","tintindex":0},"south":{"uv":[1.1885,7.876,1.3115,7.9365],"rotation":0,"texture":"#1","tintindex":0},"up":{"uv":[7.999,1.499,7.876,1.4385],"rotation":0,"texture":"#1","tintindex":0},"west":{"uv":[8.251,4.5635,8.3115,4.624],"rotation":0,"texture":"#1","tintindex":0}}},{"name":"body","from":[10.09964,8.573904,6.20438],"to":[10.700359,9.174624,9.2051],"rotation":{"angle":45.0,"axis":"z","origin":[10.4,8.874265,6.5047398]},"faces":{"down":{"uv":[0.0615,6.376,0.001,6.6865],"rotation":0,"texture":"#1","tintindex":0},"east":{"uv":[6.251,5.126,6.5615,5.1865],"rotation":0,"texture":"#1","tintindex":0},"north":{"uv":[7.5635,8.251,7.624,8.3115],"rotation":0,"texture":"#1","tintindex":0},"south":{"uv":[7.6885,8.251,7.749,8.3115],"rotation":0,"texture":"#1","tintindex":0},"up":{"uv":[5.3115,6.624,5.251,6.3135],"rotation":0,"texture":"#1","tintindex":0},"west":{"uv":[6.251,5.251,6.5615,5.3115],"rotation":0,"texture":"#1","tintindex":0}}},{"name":"body","from":[9.977227,7.6778636,6.20474],"to":[10.577227,8.877864,6.80474],"rotation":{"angle":0.0,"axis":"x","origin":[10.277227,7.977864,6.5047398]},"faces":{"down":{"uv":[8.3115,7.501,8.251,7.5615],"rotation":0,"texture":"#1","tintindex":0},"east":{"uv":[2.126,7.876,2.1865,7.999],"rotation":0,"texture":"#1","tintindex":0},"north":{"uv":[1.376,7.876,1.4365,7.999],"rotation":0,"texture":"#1","tintindex":0},"south":{"uv":[4.1885,7.876,4.249,7.999],"rotation":0,"texture":"#1","tintindex":0},"up":{"uv":[7.499,8.3115,7.4385,8.251],"rotation":0,"texture":"#1","tintindex":0},"west":{"uv":[4.3135,7.876,4.374,7.999],"rotation":0,"texture":"#1","tintindex":0}}},{"name":"body","from":[5.2996397,8.573904,6.20438],"to":[5.90036,9.174624,9.2051],"rotation":{"angle":-45.0,"axis":"z","origin":[5.6,8.874265,6.5047398]},"faces":{"down":{"uv":[3.1865,6.376,3.126,6.6865],"rotation":0,"texture":"#1","tintindex":0},"east":{"uv":[6.3135,1.5635,6.624,1.624],"rotation":0,"texture":"#1","tintindex":0},"north":{"uv":[0.001,8.3135,0.0615,8.374],"rotation":0,"texture":"#1","tintindex":0},"south":{"uv":[8.3135,0.001,8.374,0.0615],"rotation":0,"texture":"#1","tintindex":0},"up":{"uv":[2.124,6.6865,2.0635,6.376],"rotation":0,"texture":"#1","tintindex":0},"west":{"uv":[6.3135,2.376,6.624,2.4365],"rotation":0,"texture":"#1","tintindex":0}}},{"name":"body","from":[5.4227724,7.6778636,6.20474],"to":[6.022773,8.877864,6.80474],"rotation":{"angle":0.0,"axis":"x","origin":[5.7227726,7.977864,6.5047398]},"faces":{"down":{"uv":[8.3115,8.0635,8.251,8.124],"rotation":0,"texture":"#1","tintindex":0},"east":{"uv":[4.5635,7.876,4.624,7.999],"rotation":0,"texture":"#1","tintindex":0},"north":{"uv":[4.4385,7.876,4.499,7.999],"rotation":0,"texture":"#1","tintindex":0},"south":{"uv":[7.876,4.626,7.9365,4.749],"rotation":0,"texture":"#1","tintindex":0},"up":{"uv":[8.3115,7.999,8.251,7.9385],"rotation":0,"texture":"#1","tintindex":0},"west":{"uv":[4.6885,7.876,4.749,7.999],"rotation":0,"texture":"#1","tintindex":0}}},{"name":"body","from":[5.5491457,7.197564,6.2083397],"to":[6.141946,7.790364,9.201139],"rotation":{"angle":-45.0,"axis":"z","origin":[5.845546,7.681464,6.5047398]},"faces":{"down":{"uv":[1.0615,6.376,1.001,6.6865],"rotation":0,"texture":"#1","tintindex":0},"east":{"uv":[6.251,5.751,6.5615,5.8115],"rotation":0,"texture":"#1","tintindex":0},"north":{"uv":[7.8135,8.251,7.874,8.3115],"rotation":0,"texture":"#1","tintindex":0},"south":{"uv":[8.251,7.8135,8.3115,7.874],"rotation":0,"texture":"#1","tintindex":0},"up":{"uv":[0.3115,6.6865,0.251,6.376],"rotation":0,"texture":"#1","tintindex":0},"west":{"uv":[6.251,5.876,6.5615,5.9365],"rotation":0,"texture":"#1","tintindex":0}}},{"name":"body","from":[9.858054,7.197564,6.2083397],"to":[10.450854,7.790364,9.201139],"rotation":{"angle":45.0,"axis":"z","origin":[10.154455,7.681464,6.5047398]},"faces":{"down":{"uv":[4.0615,6.4385,4.001,6.749],"rotation":0,"texture":"#1","tintindex":0},"east":{"uv":[6.376,2.126,6.6865,2.1865],"rotation":0,"texture":"#1","tintindex":0},"north":{"uv":[1.251,8.3135,1.3115,8.374],"rotation":0,"texture":"#1","tintindex":0},"south":{"uv":[1.376,8.3135,1.4365,8.374],"rotation":0,"texture":"#1","tintindex":0},"up":{"uv":[6.499,3.1865,6.4385,2.876],"rotation":0,"texture":"#1","tintindex":0},"west":{"uv":[6.376,4.9385,6.6865,4.999],"rotation":0,"texture":"#1","tintindex":0}}},{"name":"body","from":[5.9035997,9.927865,6.2083397],"to":[7.0964003,10.520664,6.80114],"rotation":{"angle":-45.0,"axis":"z","origin":[6.8,10.224264,6.5047398]},"faces":{"down":{"uv":[2.8115,7.876,2.6885,7.9365],"rotation":0,"texture":"#1","tintindex":0},"east":{"uv":[8.251,4.6885,8.3115,4.749],"rotation":0,"texture":"#1","tintindex":0},"north":{"uv":[1.626,7.876,1.749,7.9365],"rotation":0,"texture":"#1","tintindex":0},"south":{"uv":[1.9385,7.876,2.0615,7.9365],"rotation":0,"texture":"#1","tintindex":0},"up":{"uv":[2.624,7.9365,2.501,7.876],"rotation":0,"texture":"#1","tintindex":0},"west":{"uv":[4.8135,8.251,4.874,8.3115],"rotation":0,"texture":"#1","tintindex":0}}},{"name":"body","from":[7.397,9.1970005,9.20174],"to":[8.603001,12.203,9.80774],"rotation":{"angle":0.0,"axis":"x","origin":[8.0,-2.8000002,8.00474]},"faces":{"down":{"uv":[7.999,6.251,7.876,6.3115],"rotation":0,"texture":"#1","tintindex":0},"east":{"uv":[6.501,0.751,6.5615,1.0615],"rotation":0,"texture":"#1","tintindex":0},"north":{"uv":[1.4385,3.0635,1.5615,3.374],"rotation":0,"texture":"#1","tintindex":0},"south":{"uv":[1.251,3.5635,1.374,3.874],"rotation":0,"texture":"#1","tintindex":0},"up":{"uv":[6.249,7.9365,6.126,7.876],"rotation":0,"texture":"#1","tintindex":0},"west":{"uv":[0.8135,6.501,0.874,6.8115],"rotation":0,"texture":"#1","tintindex":0}}},{"name":"body","from":[8.3018,9.326065,9.206541],"to":[8.8982,9.922464,9.80294],"rotation":{"angle":-45.0,"axis":"z","origin":[8.6,9.624265,9.50474]},"faces":{"down":{"uv":[5.999,8.3135,5.9385,8.374],"rotation":0,"texture":"#1","tintindex":0},"east":{"uv":[5.6885,8.3135,5.749,8.374],"rotation":0,"texture":"#1","tintindex":0},"north":{"uv":[5.5635,8.3135,5.624,8.374],"rotation":0,"texture":"#1","tintindex":0},"south":{"uv":[8.3135,5.6885,8.374,5.749],"rotation":0,"texture":"#1","tintindex":0},"up":{"uv":[8.374,5.874,8.3135,5.8135],"rotation":0,"texture":"#1","tintindex":0},"west":{"uv":[5.8135,8.3135,5.874,8.374],"rotation":0,"texture":"#1","tintindex":0}}},{"name":"body","from":[7.1018,9.326065,9.206541],"to":[7.6981997,9.922464,9.80294],"rotation":{"angle":45.0,"axis":"z","origin":[7.4,9.624265,9.50474]},"faces":{"down":{"uv":[8.374,5.4385,8.3135,5.499],"rotation":0,"texture":"#1","tintindex":0},"east":{"uv":[4.626,8.3135,4.6865,8.374],"rotation":0,"texture":"#1","tintindex":0},"north":{"uv":[4.501,8.3135,4.5615,8.374],"rotation":0,"texture":"#1","tintindex":0},"south":{"uv":[8.3135,4.8135,8.374,4.874],"rotation":0,"texture":"#1","tintindex":0},"up":{"uv":[5.249,8.374,5.1885,8.3135],"rotation":0,"texture":"#1","tintindex":0},"west":{"uv":[5.0635,8.3135,5.124,8.374],"rotation":0,"texture":"#1","tintindex":0}}},{"name":"body","from":[6.8,9.2,8.90474],"to":[9.2,9.8,9.50474],"rotation":{"angle":0.0,"axis":"x","origin":[8.0,-3.4000006,7.70474]},"faces":{"down":{"uv":[0.249,7.0635,0.001,7.124],"rotation":0,"texture":"#1","tintindex":0},"east":{"uv":[4.376,8.3135,4.4365,8.374],"rotation":0,"texture":"#1","tintindex":0},"north":{"uv":[7.001,1.501,7.249,1.5615],"rotation":0,"texture":"#1","tintindex":0},"south":{"uv":[7.001,4.751,7.249,4.8115],"rotation":0,"texture":"#1","tintindex":0},"up":{"uv":[7.249,5.624,7.001,5.5635],"rotation":0,"texture":"#1","tintindex":0},"west":{"uv":[8.3135,4.376,8.374,4.4365],"rotation":0,"texture":"#1","tintindex":0}}},{"name":"body","from":[8.903601,9.327866,8.90834],"to":[10.096399,9.920664,9.501141],"rotation":{"angle":45.0,"axis":"z","origin":[9.2,9.624265,9.204741]},"faces":{"down":{"uv":[7.999,5.9385,7.876,5.999],"rotation":0,"texture":"#1","tintindex":0},"east":{"uv":[4.126,8.3135,4.1865,8.374],"rotation":0,"texture":"#1","tintindex":0},"north":{"uv":[7.876,4.8135,7.999,4.874],"rotation":0,"texture":"#1","tintindex":0},"south":{"uv":[7.876,5.8135,7.999,5.874],"rotation":0,"texture":"#1","tintindex":0},"up":{"uv":[6.0615,7.9365,5.9385,7.876],"rotation":0,"texture":"#1","tintindex":0},"west":{"uv":[4.251,8.3135,4.3115,8.374],"rotation":0,"texture":"#1","tintindex":0}}},{"name":"body","from":[5.9035997,9.327866,8.90834],"to":[7.0964003,9.920664,9.501141],"rotation":{"angle":-45.0,"axis":"z","origin":[6.8,9.624265,9.204741]},"faces":{"down":{"uv":[6.8115,7.876,6.6885,7.9365],"rotation":0,"texture":"#1","tintindex":0},"east":{"uv":[6.0635,8.3135,6.124,8.374],"rotation":0,"texture":"#1","tintindex":0},"north":{"uv":[6.3135,7.876,6.4365,7.9365],"rotation":0,"texture":"#1","tintindex":0},"south":{"uv":[6.501,7.876,6.624,7.9365],"rotation":0,"texture":"#1","tintindex":0},"up":{"uv":[7.999,6.624,7.876,6.5635],"rotation":0,"texture":"#1","tintindex":0},"west":{"uv":[8.3135,6.126,8.374,6.1865],"rotation":0,"texture":"#1","tintindex":0}}},{"name":"body","from":[6.2,9.8,8.90474],"to":[9.8,12.2,9.50474],"rotation":{"angle":0.0,"axis":"x","origin":[8.0,-2.8000002,7.70474]},"faces":{"down":{"uv":[6.499,3.6885,6.126,3.749],"rotation":0,"texture":"#1","tintindex":0},"east":{"uv":[5.3135,7.001,5.374,7.249],"rotation":0,"texture":"#1","tintindex":0},"north":{"uv":[3.3135,2.8135,3.6865,3.0615],"rotation":0,"texture":"#1","tintindex":0},"south":{"uv":[3.376,1.0635,3.749,1.3115],"rotation":0,"texture":"#1","tintindex":0},"up":{"uv":[6.499,3.624,6.126,3.5635],"rotation":0,"texture":"#1","tintindex":0},"west":{"uv":[5.4385,7.001,5.499,7.249],"rotation":0,"texture":"#1","tintindex":0}}},{"name":"body","from":[5.897,10.396999,6.026004],"to":[6.5030003,12.203,6.632004],"rotation":{"angle":45.0,"axis":"y","origin":[6.2,10.700001,6.3290043]},"faces":{"down":{"uv":[2.6865,4.0635,2.626,4.124],"rotation":0,"texture":"#1","tintindex":0},"east":{"uv":[1.376,4.5635,1.4365,4.749],"rotation":0,"texture":"#1","tintindex":0},"north":{"uv":[0.751,4.251,0.8115,4.4365],"rotation":0,"texture":"#1","tintindex":0},"south":{"uv":[7.3135,6.4385,7.374,6.624],"rotation":0,"texture":"#1","tintindex":0},"up":{"uv":[0.749,3.499,0.6885,3.4385],"rotation":0,"texture":"#1","tintindex":0},"west":{"uv":[0.251,7.376,0.3115,7.5615],"rotation":0,"texture":"#1","tintindex":0}}},{"name":"body","from":[9.497,10.396999,6.026004],"to":[10.103001,12.203,6.632004],"rotation":{"angle":-45.0,"axis":"y","origin":[9.8,10.700001,6.3290043]},"faces":{"down":{"uv":[0.9365,8.126,0.876,8.1865],"rotation":0,"texture":"#1","tintindex":0},"east":{"uv":[5.9385,7.376,5.999,7.5615],"rotation":0,"texture":"#1","tintindex":0},"north":{"uv":[4.1885,7.376,4.249,7.5615],"rotation":0,"texture":"#1","tintindex":0},"south":{"uv":[6.376,7.376,6.4365,7.5615],"rotation":0,"texture":"#1","tintindex":0},"up":{"uv":[8.1865,0.8115,8.126,0.751],"rotation":0,"texture":"#1","tintindex":0},"west":{"uv":[7.376,6.6885,7.4365,6.874],"rotation":0,"texture":"#1","tintindex":0}}},{"name":"body","from":[9.497,10.396999,9.0774765],"to":[10.703,12.203,9.683476],"rotation":{"angle":45.0,"axis":"y","origin":[9.8,10.700001,9.380476]},"faces":{"down":{"uv":[7.1865,7.876,7.0635,7.9365],"rotation":0,"texture":"#1","tintindex":0},"east":{"uv":[7.5635,3.376,7.624,3.5615],"rotation":0,"texture":"#1","tintindex":0},"north":{"uv":[6.126,4.1885,6.249,4.374],"rotation":0,"texture":"#1","tintindex":0},"south":{"uv":[6.0635,6.126,6.1865,6.3115],"rotation":0,"texture":"#1","tintindex":0},"up":{"uv":[7.999,6.999,7.876,6.9385],"rotation":0,"texture":"#1","tintindex":0},"west":{"uv":[7.5635,3.9385,7.624,4.124],"rotation":0,"texture":"#1","tintindex":0}}},{"name":"body","from":[5.297,10.396999,9.0774765],"to":[6.5030003,12.203,9.683476],"rotation":{"angle":-45.0,"axis":"y","origin":[6.2,10.700001,9.380476]},"faces":{"down":{"uv":[6.999,7.876,6.876,7.9365],"rotation":0,"texture":"#1","tintindex":0},"east":{"uv":[7.5635,2.876,7.624,3.0615],"rotation":0,"texture":"#1","tintindex":0},"north":{"uv":[3.126,6.126,3.249,6.3115],"rotation":0,"texture":"#1","tintindex":0},"south":{"uv":[3.3135,6.126,3.4365,6.3115],"rotation":0,"texture":"#1","tintindex":0},"up":{"uv":[7.999,6.749,7.876,6.6885],"rotation":0,"texture":"#1","tintindex":0},"west":{"uv":[7.5635,3.126,7.624,3.3115],"rotation":0,"texture":"#1","tintindex":0}}},{"name":"body","from":[7.4,8.6,6.20474],"to":[8.6,10.4,7.4047403],"rotation":{"angle":0.0,"axis":"x","origin":[8.0,-5.8,8.00474]},"faces":{"down":{"uv":[6.874,6.751,6.751,6.874],"rotation":0,"texture":"#1","tintindex":0},"east":{"uv":[1.501,3.9385,1.624,4.124],"rotation":0,"texture":"#1","tintindex":0},"north":{"uv":[3.5635,2.5635,3.6865,2.749],"rotation":0,"texture":"#1","tintindex":0},"south":{"uv":[4.501,6.001,4.624,6.1865],"rotation":0,"texture":"#1","tintindex":0},"up":{"uv":[6.874,6.6865,6.751,6.5635],"rotation":0,"texture":"#1","tintindex":0},"west":{"uv":[4.6885,6.001,4.8115,6.1865],"rotation":0,"texture":"#1","tintindex":0}}}],"display":{"head":{"translation":[0.0,-6.4,0.0],"rotation":[0.0,0.0,0.0],"scale":[3.8095,3.8095,3.8095]}}}