{"textures":{"0":"modelengine:entity/boneshadingravager","1":"modelengine:entity/fallenravager","2":"modelengine:entity/fravager_gosido","3":"modelengine:entity/boneshadingravager_e","4":"modelengine:entity/fravager_chipcitums_axe","5":"modelengine:entity/fravager_chipcitums_axe_e"},"elements":[{"name":"cube","from":[7.8275,8.047224,1.7320065],"to":[7.8275,22.447224,16.132008],"rotation":{"angle":0.0,"axis":"x","origin":[7.8275,12.847225,8.347008]},"faces":{"down":{"uv":[14.016,14.016,14.984,14.984],"rotation":0,"texture":"#4","tintindex":0},"east":{"uv":[0.016,0.016,15.984,15.984],"rotation":0,"texture":"#4","tintindex":0},"north":{"uv":[14.016,14.016,14.984,14.984],"rotation":0,"texture":"#4","tintindex":0},"south":{"uv":[14.016,14.016,14.984,14.984],"rotation":0,"texture":"#4","tintindex":0},"up":{"uv":[14.016,14.016,14.984,14.984],"rotation":0,"texture":"#4","tintindex":0},"west":{"uv":[15.984,0.016,0.016,15.984],"rotation":0,"texture":"#4","tintindex":0}}},{"name":"cube","from":[7.8275,8.047224,2.3320067],"to":[7.8275,21.247223,14.932008],"rotation":{"angle":-22.5,"axis":"z","origin":[7.8275,8.047224,8.347008]},"faces":{"down":{"uv":[14.016,14.016,14.984,14.984],"rotation":0,"texture":"#4","tintindex":0},"east":{"uv":[0.016,0.016,15.984,15.984],"rotation":0,"texture":"#4","tintindex":0},"north":{"uv":[14.016,14.016,14.984,14.984],"rotation":0,"texture":"#4","tintindex":0},"south":{"uv":[14.016,14.016,14.984,14.984],"rotation":0,"texture":"#4","tintindex":0},"up":{"uv":[14.016,14.016,14.984,14.984],"rotation":0,"texture":"#4","tintindex":0},"west":{"uv":[15.984,0.016,0.016,15.984],"rotation":0,"texture":"#4","tintindex":0}}},{"name":"cube","from":[7.8275,8.047224,1.7320065],"to":[7.8275,21.247223,14.932008],"rotation":{"angle":22.5,"axis":"z","origin":[7.8275,8.047224,8.347008]},"faces":{"down":{"uv":[14.016,14.016,14.984,14.984],"rotation":0,"texture":"#4","tintindex":0},"east":{"uv":[0.016,0.016,15.984,15.984],"rotation":0,"texture":"#4","tintindex":0},"north":{"uv":[14.016,14.016,14.984,14.984],"rotation":0,"texture":"#4","tintindex":0},"south":{"uv":[14.016,14.016,14.984,14.984],"rotation":0,"texture":"#4","tintindex":0},"up":{"uv":[14.016,14.016,14.984,14.984],"rotation":0,"texture":"#4","tintindex":0},"west":{"uv":[15.984,0.016,0.016,15.984],"rotation":0,"texture":"#4","tintindex":0}}}],"display":{"head":{"translation":[0.0,-6.4,0.0],"rotation":[0.0,0.0,0.0],"scale":[3.8095,3.8095,3.8095]}}}