{"textures":{"0":"modelengine:entity/boneshadingravager","1":"modelengine:entity/fallenravager","2":"modelengine:entity/fravager_gosido","3":"modelengine:entity/boneshadingravager_e","4":"modelengine:entity/fravager_chipcitums_axe","5":"modelengine:entity/fravager_chipcitums_axe_e"},"elements":[{"name":"mellemfingamusik","from":[6.704157,6.6260786,6.444278],"to":[7.304157,7.8260784,7.044278],"rotation":{"angle":-45.0,"axis":"z","origin":[7.0041566,7.2260785,6.744278]},"faces":{"down":{"uv":[7.624,8.376,7.5635,8.4365],"rotation":0,"texture":"#1","tintindex":0},"east":{"uv":[7.9385,4.4385,7.999,4.5615],"rotation":0,"texture":"#1","tintindex":0},"north":{"uv":[4.0635,7.9385,4.124,8.0615],"rotation":0,"texture":"#1","tintindex":0},"south":{"uv":[4.8135,7.9385,4.874,8.0615],"rotation":0,"texture":"#1","tintindex":0},"up":{"uv":[8.4365,7.499,8.376,7.4385],"rotation":0,"texture":"#1","tintindex":0},"west":{"uv":[4.9385,7.9385,4.999,8.0615],"rotation":0,"texture":"#1","tintindex":0}}},{"name":"mellemfingamusik","from":[6.704157,6.6260786,7.044278],"to":[7.304157,7.2260785,7.644278],"rotation":{"angle":-45.0,"axis":"z","origin":[7.0041566,7.2260785,6.744278]},"faces":{"down":{"uv":[0.0615,8.4385,0.001,8.499],"rotation":0,"texture":"#1","tintindex":0},"east":{"uv":[8.376,7.751,8.4365,7.8115],"rotation":0,"texture":"#1","tintindex":0},"north":{"uv":[7.6885,8.376,7.749,8.4365],"rotation":0,"texture":"#1","tintindex":0},"south":{"uv":[7.8135,8.376,7.874,8.4365],"rotation":0,"texture":"#1","tintindex":0},"up":{"uv":[8.4365,8.0615,8.376,8.001],"rotation":0,"texture":"#1","tintindex":0},"west":{"uv":[8.376,7.876,8.4365,7.9365],"rotation":0,"texture":"#1","tintindex":0}}},{"name":"righthand","from":[7.0041566,5.846078,7.044278],"to":[9.404158,8.2460785,9.444279],"rotation":{"angle":0.0,"axis":"x","origin":[4.6041565,0.44607806,8.244278]},"faces":{"down":{"uv":[4.1865,0.001,3.9385,0.249],"rotation":0,"texture":"#1","tintindex":0},"east":{"uv":[3.8135,3.626,4.0615,3.874],"rotation":0,"texture":"#1","tintindex":0},"north":{"uv":[3.8135,3.3135,4.0615,3.5615],"rotation":0,"texture":"#1","tintindex":0},"south":{"uv":[0.876,3.876,1.124,4.124],"rotation":0,"texture":"#1","tintindex":0},"up":{"uv":[3.6865,4.124,3.4385,3.876],"rotation":0,"texture":"#1","tintindex":0},"west":{"uv":[2.3135,3.876,2.5615,4.124],"rotation":0,"texture":"#1","tintindex":0}}}],"display":{"head":{"translation":[0.0,-6.4,0.0],"rotation":[0.0,0.0,0.0],"scale":[3.8095,3.8095,3.8095]}}}