{"textures":{"0":"modelengine:entity/boneshadingravager","1":"modelengine:entity/fallenravager","2":"modelengine:entity/fravager_gosido","3":"modelengine:entity/boneshadingravager_e","4":"modelengine:entity/fravager_chipcitums_axe","5":"modelengine:entity/fravager_chipcitums_axe_e"},"elements":[{"name":"fravager_gosido_0","from":[7.7,15.05,9.35],"to":[8.3,16.25,12.35],"rotation":{"angle":0.0,"axis":"x","origin":[7.7,16.25,14.150001]},"faces":{"down":{"uv":[3.001,1.001,7.999,1.999],"rotation":90,"texture":"#2","tintindex":0},"east":{"uv":[3.001,0.001,7.999,1.999],"rotation":0,"texture":"#2","tintindex":0},"north":{"uv":[7.001,0.001,7.999,1.999],"rotation":0,"texture":"#2","tintindex":0},"south":{"uv":[3.001,0.001,3.999,1.999],"rotation":0,"texture":"#2","tintindex":0},"up":{"uv":[7.999,0.001,3.001,0.999],"rotation":90,"texture":"#2","tintindex":0},"west":{"uv":[3.001,1.999,7.999,0.001],"rotation":180,"texture":"#2","tintindex":0}}},{"name":"fravager_gosido_1","from":[7.7,13.85,12.35],"to":[8.3,15.650001,12.95],"rotation":{"angle":0.0,"axis":"x","origin":[7.7,16.25,14.150001]},"faces":{"down":{"uv":[2.001,3.001,2.999,3.999],"rotation":90,"texture":"#2","tintindex":0},"east":{"uv":[2.001,1.001,2.999,3.999],"rotation":0,"texture":"#2","tintindex":0},"north":{"uv":[2.001,1.001,2.999,3.999],"rotation":0,"texture":"#2","tintindex":0},"south":{"uv":[2.001,1.001,2.999,3.999],"rotation":0,"texture":"#2","tintindex":0},"up":{"uv":[2.999,1.001,2.001,1.999],"rotation":90,"texture":"#2","tintindex":0},"west":{"uv":[2.001,3.999,2.999,1.001],"rotation":180,"texture":"#2","tintindex":0}}},{"name":"fravager_gosido_2","from":[7.7,14.45,8.15],"to":[8.3,15.650001,9.35],"rotation":{"angle":0.0,"axis":"x","origin":[7.7,16.25,14.150001]},"faces":{"down":{"uv":[8.001,2.001,9.999,2.999],"rotation":90,"texture":"#2","tintindex":0},"east":{"uv":[8.001,1.001,9.999,2.999],"rotation":0,"texture":"#2","tintindex":0},"north":{"uv":[9.001,1.001,9.999,2.999],"rotation":0,"texture":"#2","tintindex":0},"south":{"uv":[8.001,1.001,8.999,2.999],"rotation":0,"texture":"#2","tintindex":0},"up":{"uv":[9.999,1.001,8.001,1.999],"rotation":90,"texture":"#2","tintindex":0},"west":{"uv":[8.001,2.999,9.999,1.001],"rotation":180,"texture":"#2","tintindex":0}}},{"name":"fravager_gosido_3","from":[7.7,8.45,12.95],"to":[8.3,15.05,13.55],"rotation":{"angle":0.0,"axis":"x","origin":[7.7,16.25,14.150001]},"faces":{"down":{"uv":[1.001,12.001,1.999,12.999],"rotation":90,"texture":"#2","tintindex":0},"east":{"uv":[1.001,2.001,1.999,12.999],"rotation":0,"texture":"#2","tintindex":0},"north":{"uv":[1.001,2.001,1.999,12.999],"rotation":0,"texture":"#2","tintindex":0},"south":{"uv":[1.001,2.001,1.999,12.999],"rotation":0,"texture":"#2","tintindex":0},"up":{"uv":[1.999,2.001,1.001,2.999],"rotation":90,"texture":"#2","tintindex":0},"west":{"uv":[1.001,12.999,1.999,2.001],"rotation":180,"texture":"#2","tintindex":0}}},{"name":"fravager_gosido_4","from":[7.7,14.45,11.15],"to":[8.3,15.05,12.35],"rotation":{"angle":0.0,"axis":"x","origin":[7.7,16.25,14.150001]},"faces":{"down":{"uv":[3.001,2.001,4.999,2.999],"rotation":90,"texture":"#2","tintindex":0},"east":{"uv":[3.001,2.001,4.999,2.999],"rotation":0,"texture":"#2","tintindex":0},"north":{"uv":[4.001,2.001,4.999,2.999],"rotation":0,"texture":"#2","tintindex":0},"south":{"uv":[3.001,2.001,3.999,2.999],"rotation":0,"texture":"#2","tintindex":0},"up":{"uv":[4.999,2.001,3.001,2.999],"rotation":90,"texture":"#2","tintindex":0},"west":{"uv":[3.001,2.999,4.999,2.001],"rotation":180,"texture":"#2","tintindex":0}}},{"name":"fravager_gosido_5","from":[7.7,14.45,9.35],"to":[8.3,15.05,10.55],"rotation":{"angle":0.0,"axis":"x","origin":[7.7,16.25,14.150001]},"faces":{"down":{"uv":[6.001,2.001,7.999,2.999],"rotation":90,"texture":"#2","tintindex":0},"east":{"uv":[6.001,2.001,7.999,2.999],"rotation":0,"texture":"#2","tintindex":0},"north":{"uv":[7.001,2.001,7.999,2.999],"rotation":0,"texture":"#2","tintindex":0},"south":{"uv":[6.001,2.001,6.999,2.999],"rotation":0,"texture":"#2","tintindex":0},"up":{"uv":[7.999,2.001,6.001,2.999],"rotation":90,"texture":"#2","tintindex":0},"west":{"uv":[6.001,2.999,7.999,2.001],"rotation":180,"texture":"#2","tintindex":0}}},{"name":"fravager_gosido_6","from":[7.7,14.45,7.55],"to":[8.3,15.05,8.15],"rotation":{"angle":0.0,"axis":"x","origin":[7.7,16.25,14.150001]},"faces":{"down":{"uv":[10.001,2.001,10.999,2.999],"rotation":90,"texture":"#2","tintindex":0},"east":{"uv":[10.001,2.001,10.999,2.999],"rotation":0,"texture":"#2","tintindex":0},"north":{"uv":[10.001,2.001,10.999,2.999],"rotation":0,"texture":"#2","tintindex":0},"south":{"uv":[10.001,2.001,10.999,2.999],"rotation":0,"texture":"#2","tintindex":0},"up":{"uv":[10.999,2.001,10.001,2.999],"rotation":90,"texture":"#2","tintindex":0},"west":{"uv":[10.001,2.999,10.999,2.001],"rotation":180,"texture":"#2","tintindex":0}}},{"name":"fravager_gosido_7","from":[7.7,13.85,11.15],"to":[8.3,14.45,11.75],"rotation":{"angle":0.0,"axis":"x","origin":[7.7,16.25,14.150001]},"faces":{"down":{"uv":[4.001,3.001,4.999,3.999],"rotation":90,"texture":"#2","tintindex":0},"east":{"uv":[4.001,3.001,4.999,3.999],"rotation":0,"texture":"#2","tintindex":0},"north":{"uv":[4.001,3.001,4.999,3.999],"rotation":0,"texture":"#2","tintindex":0},"south":{"uv":[4.001,3.001,4.999,3.999],"rotation":0,"texture":"#2","tintindex":0},"up":{"uv":[4.999,3.001,4.001,3.999],"rotation":90,"texture":"#2","tintindex":0},"west":{"uv":[4.001,3.999,4.999,3.001],"rotation":180,"texture":"#2","tintindex":0}}},{"name":"fravager_gosido_8","from":[7.7,9.65,13.55],"to":[8.3,13.85,14.150001],"rotation":{"angle":0.0,"axis":"x","origin":[7.7,16.25,14.150001]},"faces":{"down":{"uv":[0.001,10.001,0.999,10.999],"rotation":90,"texture":"#2","tintindex":0},"east":{"uv":[0.001,4.001,0.999,10.999],"rotation":0,"texture":"#2","tintindex":0},"north":{"uv":[0.001,4.001,0.999,10.999],"rotation":0,"texture":"#2","tintindex":0},"south":{"uv":[0.001,4.001,0.999,10.999],"rotation":0,"texture":"#2","tintindex":0},"up":{"uv":[0.999,4.001,0.001,4.999],"rotation":90,"texture":"#2","tintindex":0},"west":{"uv":[0.001,10.999,0.999,4.001],"rotation":180,"texture":"#2","tintindex":0}}},{"name":"fravager_gosido_9","from":[7.7,10.85,11.75],"to":[8.3,13.85,12.35],"rotation":{"angle":0.0,"axis":"x","origin":[7.7,16.25,14.150001]},"faces":{"down":{"uv":[3.001,8.001,3.999,8.999],"rotation":90,"texture":"#2","tintindex":0},"east":{"uv":[3.001,4.001,3.999,8.999],"rotation":0,"texture":"#2","tintindex":0},"north":{"uv":[3.001,4.001,3.999,8.999],"rotation":0,"texture":"#2","tintindex":0},"south":{"uv":[3.001,4.001,3.999,8.999],"rotation":0,"texture":"#2","tintindex":0},"up":{"uv":[3.999,4.001,3.001,4.999],"rotation":90,"texture":"#2","tintindex":0},"west":{"uv":[3.001,8.999,3.999,4.001],"rotation":180,"texture":"#2","tintindex":0}}},{"name":"ojum","from":[6.0199995,9.185,5.934374],"to":[9.965,12.920001,6.849374],"rotation":{"angle":0.0,"axis":"x","origin":[-9.010769,11.397151,2.4472995]},"faces":{"down":{"uv":[5.4375,0.3125,5.0,0.4375],"rotation":0,"texture":"#0","tintindex":0},"east":{"uv":[0.25,5.0,0.375,5.375],"rotation":0,"texture":"#0","tintindex":0},"north":{"uv":[8.5625,0.0,15.5,7.875],"rotation":0,"texture":"#0","tintindex":0},"south":{"uv":[2.125,1.5625,2.5625,1.9375],"rotation":0,"texture":"#0","tintindex":0},"up":{"uv":[5.375,4.4375,4.9375,4.3125],"rotation":0,"texture":"#0","tintindex":0},"west":{"uv":[4.4375,5.0625,4.5625,5.4375],"rotation":0,"texture":"#0","tintindex":0}}},{"name":"cube","from":[5.6,8.45,5.75],"to":[10.4,13.25,10.55],"rotation":{"angle":0.0,"axis":"x","origin":[5.6,8.45,5.75]},"faces":{"down":{"uv":[2.499,0.001,2.001,0.499],"rotation":0,"texture":"#1","tintindex":0},"east":{"uv":[1.001,1.4385,1.499,1.9365],"rotation":0,"texture":"#1","tintindex":0},"north":{"uv":[1.001,0.876,1.499,1.374],"rotation":0,"texture":"#1","tintindex":0},"south":{"uv":[1.5635,0.876,2.0615,1.374],"rotation":0,"texture":"#1","tintindex":0},"up":{"uv":[0.499,2.499,0.001,2.001],"rotation":0,"texture":"#1","tintindex":0},"west":{"uv":[1.5635,1.4385,2.0615,1.9365],"rotation":0,"texture":"#1","tintindex":0}}},{"name":"cube","from":[6.23,7.955,6.38],"to":[9.77,8.495,9.92],"rotation":{"angle":0.0,"axis":"x","origin":[5.6,8.525,5.75]},"faces":{"down":{"uv":[2.0615,2.5635,1.6885,2.9365],"rotation":0,"texture":"#1","tintindex":0},"east":{"uv":[6.0635,4.0635,6.4365,4.124],"rotation":0,"texture":"#1","tintindex":0},"north":{"uv":[6.0635,3.4385,6.4365,3.499],"rotation":0,"texture":"#1","tintindex":0},"south":{"uv":[6.0635,6.001,6.4365,6.0615],"rotation":0,"texture":"#1","tintindex":0},"up":{"uv":[2.9365,0.999,2.5635,0.626],"rotation":0,"texture":"#1","tintindex":0},"west":{"uv":[6.126,1.126,6.499,1.1865],"rotation":0,"texture":"#1","tintindex":0}}},{"name":"cube","from":[6.2,13.25,5.75],"to":[9.8,13.85,10.55],"rotation":{"angle":0.0,"axis":"x","origin":[5.6,8.45,5.75]},"faces":{"down":{"uv":[2.499,0.5635,2.126,1.0615],"rotation":0,"texture":"#1","tintindex":0},"east":{"uv":[2.626,5.501,3.124,5.5615],"rotation":0,"texture":"#1","tintindex":0},"north":{"uv":[5.9385,2.126,6.3115,2.1865],"rotation":0,"texture":"#1","tintindex":0},"south":{"uv":[5.9385,5.001,6.3115,5.0615],"rotation":0,"texture":"#1","tintindex":0},"up":{"uv":[2.3115,2.499,1.9385,2.001],"rotation":0,"texture":"#1","tintindex":0},"west":{"uv":[5.501,4.4385,5.999,4.499],"rotation":0,"texture":"#1","tintindex":0}}},{"name":"cube","from":[7.4,13.85,5.75],"to":[8.6,14.45,10.55],"rotation":{"angle":0.0,"axis":"x","origin":[5.6,8.45,5.75]},"faces":{"down":{"uv":[4.5615,0.626,4.4385,1.124],"rotation":0,"texture":"#1","tintindex":0},"east":{"uv":[5.626,2.8135,6.124,2.874],"rotation":0,"texture":"#1","tintindex":0},"north":{"uv":[6.4385,7.751,6.5615,7.8115],"rotation":0,"texture":"#1","tintindex":0},"south":{"uv":[7.751,6.8135,7.874,6.874],"rotation":0,"texture":"#1","tintindex":0},"up":{"uv":[0.124,4.9365,0.001,4.4385],"rotation":0,"texture":"#1","tintindex":0},"west":{"uv":[5.626,2.9385,6.124,2.999],"rotation":0,"texture":"#1","tintindex":0}}},{"name":"cube","from":[8.6036005,13.7336,5.7536],"to":[9.1964,14.3264,10.5464],"rotation":{"angle":-22.5,"axis":"z","origin":[8.9,14.150001,8.15]},"faces":{"down":{"uv":[1.5615,5.626,1.501,6.124],"rotation":0,"texture":"#1","tintindex":0},"east":{"uv":[5.626,5.376,6.124,5.4365],"rotation":0,"texture":"#1","tintindex":0},"north":{"uv":[2.751,8.1885,2.8115,8.249],"rotation":0,"texture":"#1","tintindex":0},"south":{"uv":[2.876,8.1885,2.9365,8.249],"rotation":0,"texture":"#1","tintindex":0},"up":{"uv":[3.4365,5.999,3.376,5.501],"rotation":0,"texture":"#1","tintindex":0},"west":{"uv":[5.626,5.501,6.124,5.5615],"rotation":0,"texture":"#1","tintindex":0}}},{"name":"cube","from":[6.8036003,13.7336,5.7536],"to":[7.3964,14.3264,10.5464],"rotation":{"angle":22.5,"axis":"z","origin":[7.1,14.150001,8.15]},"faces":{"down":{"uv":[4.3115,5.626,4.251,6.124],"rotation":0,"texture":"#1","tintindex":0},"east":{"uv":[5.626,5.626,6.124,5.6865],"rotation":0,"texture":"#1","tintindex":0},"north":{"uv":[3.251,8.1885,3.3115,8.249],"rotation":0,"texture":"#1","tintindex":0},"south":{"uv":[3.376,8.1885,3.4365,8.249],"rotation":0,"texture":"#1","tintindex":0},"up":{"uv":[4.1865,6.124,4.126,5.626],"rotation":0,"texture":"#1","tintindex":0},"west":{"uv":[5.6885,0.626,6.1865,0.6865],"rotation":0,"texture":"#1","tintindex":0}}},{"name":"cube","from":[8.0,8.45,6.95],"to":[8.0,17.45,15.950001],"rotation":{"angle":0.0,"axis":"x","origin":[5.6,5.45,5.75]},"faces":{"down":{"uv":[7.3125,8.5625,7.3125,9.5],"rotation":0,"texture":"#1","tintindex":0},"east":{"uv":[0.0,0.0,0.9375,0.9375],"rotation":0,"texture":"#1","tintindex":0},"north":{"uv":[6.625,8.5625,6.625,9.5],"rotation":0,"texture":"#1","tintindex":0},"south":{"uv":[7.1875,8.5625,7.1875,9.5],"rotation":0,"texture":"#1","tintindex":0},"up":{"uv":[7.25,9.5,7.25,8.5625],"rotation":0,"texture":"#1","tintindex":0},"west":{"uv":[0.0,1.0,0.9375,1.9375],"rotation":0,"texture":"#1","tintindex":0}}},{"name":"cube","from":[7.3988,7.8488,10.5487995],"to":[8.6012,13.851199,11.151199],"rotation":{"angle":0.0,"axis":"x","origin":[5.6,8.45,5.75]},"faces":{"down":{"uv":[0.124,7.751,0.001,7.8115],"rotation":0,"texture":"#1","tintindex":0},"east":{"uv":[2.751,4.0635,2.8115,4.6865],"rotation":0,"texture":"#1","tintindex":0},"north":{"uv":[2.6885,3.001,2.8115,3.624],"rotation":0,"texture":"#1","tintindex":0},"south":{"uv":[0.6885,3.5635,0.8115,4.1865],"rotation":0,"texture":"#1","tintindex":0},"up":{"uv":[7.8115,7.749,7.6885,7.6885],"rotation":0,"texture":"#1","tintindex":0},"west":{"uv":[2.126,5.126,2.1865,5.749],"rotation":0,"texture":"#1","tintindex":0}}},{"name":"cube","from":[6.803,7.853,10.5529995],"to":[7.397,13.846999,11.146999],"rotation":{"angle":-22.5,"axis":"y","origin":[7.1,9.950001,10.85]},"faces":{"down":{"uv":[8.249,2.4385,8.1885,2.499],"rotation":0,"texture":"#1","tintindex":0},"east":{"uv":[2.376,5.3135,2.4365,5.9365],"rotation":0,"texture":"#1","tintindex":0},"north":{"uv":[2.251,5.3135,2.3115,5.9365],"rotation":0,"texture":"#1","tintindex":0},"south":{"uv":[2.501,5.3135,2.5615,5.9365],"rotation":0,"texture":"#1","tintindex":0},"up":{"uv":[2.3115,8.249,2.251,8.1885],"rotation":0,"texture":"#1","tintindex":0},"west":{"uv":[5.3135,5.0635,5.374,5.6865],"rotation":0,"texture":"#1","tintindex":0}}},{"name":"cube","from":[8.603001,7.853,10.5529995],"to":[9.1970005,13.846999,11.146999],"rotation":{"angle":22.5,"axis":"y","origin":[8.9,9.950001,10.85]},"faces":{"down":{"uv":[2.6865,8.1885,2.626,8.249],"rotation":0,"texture":"#1","tintindex":0},"east":{"uv":[0.751,5.376,0.8115,5.999],"rotation":0,"texture":"#1","tintindex":0},"north":{"uv":[0.626,5.376,0.6865,5.999],"rotation":0,"texture":"#1","tintindex":0},"south":{"uv":[0.876,5.376,0.9365,5.999],"rotation":0,"texture":"#1","tintindex":0},"up":{"uv":[2.5615,8.249,2.501,8.1885],"rotation":0,"texture":"#1","tintindex":0},"west":{"uv":[1.8135,5.376,1.874,5.999],"rotation":0,"texture":"#1","tintindex":0}}},{"name":"cube","from":[6.2,7.85,5.75],"to":[9.8,8.45,6.35],"rotation":{"angle":0.0,"axis":"x","origin":[5.6,8.45,5.75]},"faces":{"down":{"uv":[6.4365,1.001,6.0635,1.0615],"rotation":0,"texture":"#1","tintindex":0},"east":{"uv":[8.126,4.9385,8.1865,4.999],"rotation":0,"texture":"#1","tintindex":0},"north":{"uv":[6.001,4.6885,6.374,4.749],"rotation":0,"texture":"#1","tintindex":0},"south":{"uv":[6.0635,0.751,6.4365,0.8115],"rotation":0,"texture":"#1","tintindex":0},"up":{"uv":[6.4365,0.9365,6.0635,0.876],"rotation":0,"texture":"#1","tintindex":0},"west":{"uv":[8.126,5.0635,8.1865,5.124],"rotation":0,"texture":"#1","tintindex":0}}},{"name":"visor","from":[10.4024,12.92378,6.9968596],"to":[10.997601,14.118981,8.1920595],"rotation":{"angle":-22.5,"axis":"x","origin":[8.0,11.773934,12.178995]},"faces":{"down":{"uv":[0.6865,7.751,0.626,7.874],"rotation":0,"texture":"#1","tintindex":0},"east":{"uv":[6.8135,4.126,6.9365,4.249],"rotation":0,"texture":"#1","tintindex":0},"north":{"uv":[0.376,7.751,0.4365,7.874],"rotation":0,"texture":"#1","tintindex":0},"south":{"uv":[7.751,0.376,7.8115,0.499],"rotation":0,"texture":"#1","tintindex":0},"up":{"uv":[0.5615,7.874,0.501,7.751],"rotation":0,"texture":"#1","tintindex":0},"west":{"uv":[0.501,6.876,0.624,6.999],"rotation":0,"texture":"#1","tintindex":0}}},{"name":"visor","from":[10.4,10.85,5.1499996],"to":[11.0,12.05,6.95],"rotation":{"angle":0.0,"axis":"x","origin":[8.0,11.773934,12.178995]},"faces":{"down":{"uv":[7.499,2.876,7.4385,3.0615],"rotation":0,"texture":"#1","tintindex":0},"east":{"uv":[0.626,6.0635,0.8115,6.1865],"rotation":0,"texture":"#1","tintindex":0},"north":{"uv":[0.751,7.751,0.8115,7.874],"rotation":0,"texture":"#1","tintindex":0},"south":{"uv":[0.876,7.751,0.9365,7.874],"rotation":0,"texture":"#1","tintindex":0},"up":{"uv":[2.499,7.624,2.4385,7.4385],"rotation":0,"texture":"#1","tintindex":0},"west":{"uv":[6.0635,1.5635,6.249,1.6865],"rotation":0,"texture":"#1","tintindex":0}}},{"name":"visor","from":[5.6,9.65,5.1499996],"to":[10.4,10.85,5.75],"rotation":{"angle":0.0,"axis":"x","origin":[8.0,11.773934,12.178995]},"faces":{"down":{"uv":[6.0615,4.1885,5.5635,4.249],"rotation":0,"texture":"#1","tintindex":0},"east":{"uv":[1.501,7.751,1.5615,7.874],"rotation":0,"texture":"#1","tintindex":0},"north":{"uv":[4.376,3.8135,4.874,3.9365],"rotation":0,"texture":"#1","tintindex":0},"south":{"uv":[4.376,4.001,4.874,4.124],"rotation":0,"texture":"#1","tintindex":0},"up":{"uv":[5.999,4.624,5.501,4.5635],"rotation":0,"texture":"#1","tintindex":0},"west":{"uv":[7.751,1.5635,7.8115,1.6865],"rotation":0,"texture":"#1","tintindex":0}}},{"name":"visor","from":[7.4,7.25,5.1499996],"to":[8.6,9.65,5.75],"rotation":{"angle":0.0,"axis":"x","origin":[8.0,11.773934,12.178995]},"faces":{"down":{"uv":[7.874,5.5635,7.751,5.624],"rotation":0,"texture":"#1","tintindex":0},"east":{"uv":[5.751,6.8135,5.8115,7.0615],"rotation":0,"texture":"#1","tintindex":0},"north":{"uv":[3.1885,5.501,3.3115,5.749],"rotation":0,"texture":"#1","tintindex":0},"south":{"uv":[1.3135,5.626,1.4365,5.874],"rotation":0,"texture":"#1","tintindex":0},"up":{"uv":[7.874,1.8115,7.751,1.751],"rotation":0,"texture":"#1","tintindex":0},"west":{"uv":[6.876,0.6885,6.9365,0.9365],"rotation":0,"texture":"#1","tintindex":0}}},{"name":"visor","from":[8.603001,7.2530003,5.153],"to":[9.1970005,9.646999,5.7469997],"rotation":{"angle":-22.5,"axis":"y","origin":[8.9,8.45,5.45]},"faces":{"down":{"uv":[8.249,1.376,8.1885,1.4365],"rotation":0,"texture":"#1","tintindex":0},"east":{"uv":[1.376,6.876,1.4365,7.124],"rotation":0,"texture":"#1","tintindex":0},"north":{"uv":[1.251,6.876,1.3115,7.124],"rotation":0,"texture":"#1","tintindex":0},"south":{"uv":[1.626,6.876,1.6865,7.124],"rotation":0,"texture":"#1","tintindex":0},"up":{"uv":[1.4365,8.249,1.376,8.1885],"rotation":0,"texture":"#1","tintindex":0},"west":{"uv":[1.876,6.876,1.9365,7.124],"rotation":0,"texture":"#1","tintindex":0}}},{"name":"visor","from":[6.803,7.2530003,5.153],"to":[7.397,9.646999,5.7469997],"rotation":{"angle":22.5,"axis":"y","origin":[7.1,8.45,5.45]},"faces":{"down":{"uv":[1.6865,8.1885,1.626,8.249],"rotation":0,"texture":"#1","tintindex":0},"east":{"uv":[3.0635,6.876,3.124,7.124],"rotation":0,"texture":"#1","tintindex":0},"north":{"uv":[2.9385,6.876,2.999,7.124],"rotation":0,"texture":"#1","tintindex":0},"south":{"uv":[3.1885,6.876,3.249,7.124],"rotation":0,"texture":"#1","tintindex":0},"up":{"uv":[8.249,1.5615,8.1885,1.501],"rotation":0,"texture":"#1","tintindex":0},"west":{"uv":[3.3135,6.876,3.374,7.124],"rotation":0,"texture":"#1","tintindex":0}}},{"name":"visor","from":[6.803,12.053,5.153],"to":[7.397,13.846999,5.7469997],"rotation":{"angle":22.5,"axis":"y","origin":[7.1,13.25,5.45]},"faces":{"down":{"uv":[2.1865,8.1885,2.126,8.249],"rotation":0,"texture":"#1","tintindex":0},"east":{"uv":[5.6885,7.4385,5.749,7.624],"rotation":0,"texture":"#1","tintindex":0},"north":{"uv":[5.5635,7.4385,5.624,7.624],"rotation":0,"texture":"#1","tintindex":0},"south":{"uv":[7.4385,5.876,7.499,6.0615],"rotation":0,"texture":"#1","tintindex":0},"up":{"uv":[8.249,2.0615,8.1885,2.001],"rotation":0,"texture":"#1","tintindex":0},"west":{"uv":[7.4385,6.4385,7.499,6.624],"rotation":0,"texture":"#1","tintindex":0}}},{"name":"visor","from":[7.4,12.05,5.1499996],"to":[8.6,13.85,5.75],"rotation":{"angle":0.0,"axis":"x","origin":[8.0,16.573935,12.178995]},"faces":{"down":{"uv":[6.1865,7.751,6.0635,7.8115],"rotation":0,"texture":"#1","tintindex":0},"east":{"uv":[7.4385,5.001,7.499,5.1865],"rotation":0,"texture":"#1","tintindex":0},"north":{"uv":[1.126,6.0635,1.249,6.249],"rotation":0,"texture":"#1","tintindex":0},"south":{"uv":[2.8135,6.0635,2.9365,6.249],"rotation":0,"texture":"#1","tintindex":0},"up":{"uv":[7.874,5.749,7.751,5.6885],"rotation":0,"texture":"#1","tintindex":0},"west":{"uv":[7.4385,5.251,7.499,5.4365],"rotation":0,"texture":"#1","tintindex":0}}},{"name":"visor","from":[8.603001,12.053,5.153],"to":[9.1970005,13.846999,5.7469997],"rotation":{"angle":-22.5,"axis":"y","origin":[8.9,13.25,5.45]},"faces":{"down":{"uv":[8.249,1.751,8.1885,1.8115],"rotation":0,"texture":"#1","tintindex":0},"east":{"uv":[7.4385,4.1885,7.499,4.374],"rotation":0,"texture":"#1","tintindex":0},"north":{"uv":[7.4385,3.9385,7.499,4.124],"rotation":0,"texture":"#1","tintindex":0},"south":{"uv":[4.3135,7.4385,4.374,7.624],"rotation":0,"texture":"#1","tintindex":0},"up":{"uv":[8.249,1.6865,8.1885,1.626],"rotation":0,"texture":"#1","tintindex":0},"west":{"uv":[7.4385,4.4385,7.499,4.624],"rotation":0,"texture":"#1","tintindex":0}}},{"name":"visor","from":[9.404516,8.893234,5.75],"to":[10.004517,10.093235,6.35],"rotation":{"angle":22.5,"axis":"z","origin":[8.0,11.773934,12.178995]},"faces":{"down":{"uv":[5.374,8.126,5.3135,8.1865],"rotation":0,"texture":"#1","tintindex":0},"east":{"uv":[2.9385,7.751,2.999,7.874],"rotation":0,"texture":"#1","tintindex":0},"north":{"uv":[1.8135,7.751,1.874,7.874],"rotation":0,"texture":"#1","tintindex":0},"south":{"uv":[3.0635,7.751,3.124,7.874],"rotation":0,"texture":"#1","tintindex":0},"up":{"uv":[8.1865,5.249,8.126,5.1885],"rotation":0,"texture":"#1","tintindex":0},"west":{"uv":[3.1885,7.751,3.249,7.874],"rotation":0,"texture":"#1","tintindex":0}}},{"name":"visor","from":[5.9954834,8.893234,5.75],"to":[6.595484,10.093235,6.35],"rotation":{"angle":-22.5,"axis":"z","origin":[8.0,11.773934,12.178995]},"faces":{"down":{"uv":[5.499,8.126,5.4385,8.1865],"rotation":0,"texture":"#1","tintindex":0},"east":{"uv":[3.4385,7.751,3.499,7.874],"rotation":0,"texture":"#1","tintindex":0},"north":{"uv":[3.3135,7.751,3.374,7.874],"rotation":0,"texture":"#1","tintindex":0},"south":{"uv":[3.5635,7.751,3.624,7.874],"rotation":0,"texture":"#1","tintindex":0},"up":{"uv":[8.1865,5.374,8.126,5.3135],"rotation":0,"texture":"#1","tintindex":0},"west":{"uv":[3.9385,7.751,3.999,7.874],"rotation":0,"texture":"#1","tintindex":0}}},{"name":"visor","from":[5.6,11.45,5.1499996],"to":[10.4,12.05,5.75],"rotation":{"angle":0.0,"axis":"x","origin":[8.0,11.773934,12.178995]},"faces":{"down":{"uv":[3.124,5.626,2.626,5.6865],"rotation":0,"texture":"#1","tintindex":0},"east":{"uv":[8.126,5.626,8.1865,5.6865],"rotation":0,"texture":"#1","tintindex":0},"north":{"uv":[5.5635,4.3135,6.0615,4.374],"rotation":0,"texture":"#1","tintindex":0},"south":{"uv":[5.626,0.001,6.124,0.0615],"rotation":0,"texture":"#1","tintindex":0},"up":{"uv":[6.124,0.1865,5.626,0.126],"rotation":0,"texture":"#1","tintindex":0},"west":{"uv":[8.126,6.0635,8.1865,6.124],"rotation":0,"texture":"#1","tintindex":0}}},{"name":"visor","from":[7.4,10.85,5.1499996],"to":[8.6,11.45,5.75],"rotation":{"angle":0.0,"axis":"x","origin":[8.0,11.173935,12.178995]},"faces":{"down":{"uv":[8.0615,4.0635,7.9385,4.124],"rotation":0,"texture":"#1","tintindex":0},"east":{"uv":[8.376,7.3135,8.4365,7.374],"rotation":0,"texture":"#1","tintindex":0},"north":{"uv":[7.9385,3.8135,8.0615,3.874],"rotation":0,"texture":"#1","tintindex":0},"south":{"uv":[3.876,7.9385,3.999,7.999],"rotation":0,"texture":"#1","tintindex":0},"up":{"uv":[8.0615,3.999,7.9385,3.9385],"rotation":0,"texture":"#1","tintindex":0},"west":{"uv":[7.4385,8.376,7.499,8.4365],"rotation":0,"texture":"#1","tintindex":0}}},{"name":"visor","from":[9.8,10.85,5.1499996],"to":[10.4,11.45,5.75],"rotation":{"angle":0.0,"axis":"x","origin":[8.0,11.773934,12.178995]},"faces":{"down":{"uv":[8.1865,7.3135,8.126,7.374],"rotation":0,"texture":"#1","tintindex":0},"east":{"uv":[8.126,6.751,8.1865,6.8115],"rotation":0,"texture":"#1","tintindex":0},"north":{"uv":[6.6885,8.126,6.749,8.1865],"rotation":0,"texture":"#1","tintindex":0},"south":{"uv":[6.8135,8.126,6.874,8.1865],"rotation":0,"texture":"#1","tintindex":0},"up":{"uv":[7.124,8.1865,7.0635,8.126],"rotation":0,"texture":"#1","tintindex":0},"west":{"uv":[6.9385,8.126,6.999,8.1865],"rotation":0,"texture":"#1","tintindex":0}}},{"name":"visor","from":[5.6,10.85,5.1499996],"to":[6.2,11.45,5.75],"rotation":{"angle":0.0,"axis":"x","origin":[8.0,11.773934,12.178995]},"faces":{"down":{"uv":[7.874,8.126,7.8135,8.1865],"rotation":0,"texture":"#1","tintindex":0},"east":{"uv":[8.126,7.4385,8.1865,7.499],"rotation":0,"texture":"#1","tintindex":0},"north":{"uv":[7.4385,8.126,7.499,8.1865],"rotation":0,"texture":"#1","tintindex":0},"south":{"uv":[7.5635,8.126,7.624,8.1865],"rotation":0,"texture":"#1","tintindex":0},"up":{"uv":[7.749,8.1865,7.6885,8.126],"rotation":0,"texture":"#1","tintindex":0},"west":{"uv":[8.126,7.5635,8.1865,7.624],"rotation":0,"texture":"#1","tintindex":0}}},{"name":"visor","from":[5.0,10.85,5.1499996],"to":[5.6,12.05,6.95],"rotation":{"angle":0.0,"axis":"x","origin":[8.0,11.773934,12.178995]},"faces":{"down":{"uv":[7.499,3.501,7.4385,3.6865],"rotation":0,"texture":"#1","tintindex":0},"east":{"uv":[1.626,6.0635,1.8115,6.1865],"rotation":0,"texture":"#1","tintindex":0},"north":{"uv":[4.0635,7.751,4.124,7.874],"rotation":0,"texture":"#1","tintindex":0},"south":{"uv":[7.751,4.626,7.8115,4.749],"rotation":0,"texture":"#1","tintindex":0},"up":{"uv":[7.499,3.4365,7.4385,3.251],"rotation":0,"texture":"#1","tintindex":0},"west":{"uv":[2.5635,6.0635,2.749,6.1865],"rotation":0,"texture":"#1","tintindex":0}}},{"name":"visor","from":[4.8574996,11.202501,6.7025003],"to":[5.4574995,11.802501,7.3025002],"rotation":{"angle":0.0,"axis":"x","origin":[8.0,11.773934,12.178995]},"faces":{"down":{"uv":[8.249,0.126,8.1885,0.1865],"rotation":0,"texture":"#1","tintindex":0},"east":{"uv":[8.126,7.9385,8.1865,7.999],"rotation":0,"texture":"#1","tintindex":0},"north":{"uv":[8.126,7.8135,8.1865,7.874],"rotation":0,"texture":"#1","tintindex":0},"south":{"uv":[8.126,8.0635,8.1865,8.124],"rotation":0,"texture":"#1","tintindex":0},"up":{"uv":[8.249,0.0615,8.1885,0.001],"rotation":0,"texture":"#1","tintindex":0},"west":{"uv":[0.001,8.1885,0.0615,8.249],"rotation":0,"texture":"#1","tintindex":0}}},{"name":"visor","from":[10.5425,11.202501,6.7025003],"to":[11.1425,11.802501,7.3025002],"rotation":{"angle":0.0,"axis":"x","origin":[8.0,11.773934,12.178995]},"faces":{"down":{"uv":[1.3115,8.1885,1.251,8.249],"rotation":0,"texture":"#1","tintindex":0},"east":{"uv":[8.1885,0.876,8.249,0.9365],"rotation":0,"texture":"#1","tintindex":0},"north":{"uv":[8.1885,0.4385,8.249,0.499],"rotation":0,"texture":"#1","tintindex":0},"south":{"uv":[1.001,8.1885,1.0615,8.249],"rotation":0,"texture":"#1","tintindex":0},"up":{"uv":[1.1865,8.249,1.126,8.1885],"rotation":0,"texture":"#1","tintindex":0},"west":{"uv":[8.1885,1.001,8.249,1.0615],"rotation":0,"texture":"#1","tintindex":0}}},{"name":"visor","from":[5.0024,12.92378,6.9968596],"to":[5.5976,14.118981,8.1920595],"rotation":{"angle":-22.5,"axis":"x","origin":[8.0,11.773934,12.178995]},"faces":{"down":{"uv":[5.499,7.751,5.4385,7.874],"rotation":0,"texture":"#1","tintindex":0},"east":{"uv":[6.876,0.501,6.999,0.624],"rotation":0,"texture":"#1","tintindex":0},"north":{"uv":[4.8135,7.751,4.874,7.874],"rotation":0,"texture":"#1","tintindex":0},"south":{"uv":[4.9385,7.751,4.999,7.874],"rotation":0,"texture":"#1","tintindex":0},"up":{"uv":[5.374,7.874,5.3135,7.751],"rotation":0,"texture":"#1","tintindex":0},"west":{"uv":[0.6885,6.876,0.8115,6.999],"rotation":0,"texture":"#1","tintindex":0}}},{"name":"cube inverted","from":[10.4,13.25,10.55],"to":[5.6,8.45,5.75],"rotation":{"angle":0.0,"axis":"x","origin":[5.6,8.45,5.75]},"faces":{"down":{"uv":[0.001,2.499,0.499,2.001],"rotation":0,"texture":"#1","tintindex":0},"east":{"uv":[1.5635,1.9365,2.0615,1.4385],"rotation":0,"texture":"#1","tintindex":0},"north":{"uv":[1.5635,1.374,2.0615,0.876],"rotation":0,"texture":"#1","tintindex":0},"south":{"uv":[1.001,1.374,1.499,0.876],"rotation":0,"texture":"#1","tintindex":0},"up":{"uv":[2.001,0.001,2.499,0.499],"rotation":0,"texture":"#1","tintindex":0},"west":{"uv":[1.001,1.9365,1.499,1.4385],"rotation":0,"texture":"#1","tintindex":0}}}],"display":{"head":{"translation":[0.0,-6.4,0.0],"rotation":[0.0,0.0,0.0],"scale":[3.8095,3.8095,3.8095]}}}