{"textures":{"0":"modelengine:entity/boneshadingravager","1":"modelengine:entity/fallenravager","2":"modelengine:entity/fravager_gosido","3":"modelengine:entity/boneshadingravager_e","4":"modelengine:entity/fravager_chipcitums_axe","5":"modelengine:entity/fravager_chipcitums_axe_e"},"elements":[{"name":"bot_aurum","from":[6.2192,9.8042,6.8342],"to":[9.7808,10.5158,9.1658],"rotation":{"angle":0.0,"axis":"x","origin":[8.0,0.19999981,8.0]},"faces":{"down":{"uv":[0.999,1.001,4.974,2.951],"rotation":0,"texture":"#0","tintindex":0},"east":{"uv":[0.0075,7.0075,1.9575,7.5075],"rotation":0,"texture":"#0","tintindex":0},"north":{"uv":[0.75,2.5,5.25,5.0],"rotation":0,"texture":"#0","tintindex":0},"south":{"uv":[1.0,3.0,4.975,4.0],"rotation":0,"texture":"#0","tintindex":0},"up":{"uv":[0.71775,1.124,4.69275,3.074],"rotation":0,"texture":"#0","tintindex":0},"west":{"uv":[0.0075,7.0075,1.9575,7.5075],"rotation":0,"texture":"#0","tintindex":0}}},{"name":"body","from":[9.5,9.8,6.8],"to":[10.1,10.4,9.2],"rotation":{"angle":0.0,"axis":"x","origin":[8.0,0.7999997,8.0]},"faces":{"down":{"uv":[6.874,1.126,6.8135,1.374],"rotation":0,"texture":"#1","tintindex":0},"east":{"uv":[6.8135,0.001,7.0615,0.0615],"rotation":0,"texture":"#1","tintindex":0},"north":{"uv":[8.126,1.126,8.1865,1.1865],"rotation":0,"texture":"#1","tintindex":0},"south":{"uv":[8.126,1.251,8.1865,1.3115],"rotation":0,"texture":"#1","tintindex":0},"up":{"uv":[6.5615,6.999,6.501,6.751],"rotation":0,"texture":"#1","tintindex":0},"west":{"uv":[6.8135,0.126,7.0615,0.1865],"rotation":0,"texture":"#1","tintindex":0}}},{"name":"body","from":[8.3,8.0,6.8],"to":[10.1,8.6,9.2],"rotation":{"angle":0.0,"axis":"x","origin":[8.0,-1.0000005,8.0]},"faces":{"down":{"uv":[4.999,5.0635,4.8135,5.3115],"rotation":0,"texture":"#1","tintindex":0},"east":{"uv":[6.751,2.126,6.999,2.1865],"rotation":0,"texture":"#1","tintindex":0},"north":{"uv":[7.376,0.9385,7.5615,0.999],"rotation":0,"texture":"#1","tintindex":0},"south":{"uv":[7.376,3.8135,7.5615,3.874],"rotation":0,"texture":"#1","tintindex":0},"up":{"uv":[4.749,5.3115,4.5635,5.0635],"rotation":0,"texture":"#1","tintindex":0},"west":{"uv":[3.0635,6.751,3.3115,6.8115],"rotation":0,"texture":"#1","tintindex":0}}},{"name":"body","from":[8.3,8.6,6.8900003],"to":[9.5,9.8,9.110001],"rotation":{"angle":0.0,"axis":"x","origin":[7.4,0.19999981,8.0]},"faces":{"down":{"uv":[1.749,5.4385,1.626,5.6865],"rotation":0,"texture":"#1","tintindex":0},"east":{"uv":[5.4385,3.8135,5.6865,3.9365],"rotation":0,"texture":"#1","tintindex":0},"north":{"uv":[6.376,5.376,6.499,5.499],"rotation":0,"texture":"#1","tintindex":0},"south":{"uv":[6.4385,0.376,6.5615,0.499],"rotation":0,"texture":"#1","tintindex":0},"up":{"uv":[5.249,5.624,5.126,5.376],"rotation":0,"texture":"#1","tintindex":0},"west":{"uv":[5.4385,4.001,5.6865,4.124],"rotation":0,"texture":"#1","tintindex":0}}},{"name":"body","from":[9.5,8.6,6.8],"to":[10.1,9.8,9.2],"rotation":{"angle":0.0,"axis":"x","origin":[8.0,0.19999981,8.0]},"faces":{"down":{"uv":[2.124,6.751,2.0635,6.999],"rotation":0,"texture":"#1","tintindex":0},"east":{"uv":[5.4385,3.251,5.6865,3.374],"rotation":0,"texture":"#1","tintindex":0},"north":{"uv":[6.4385,1.376,6.499,1.499],"rotation":0,"texture":"#1","tintindex":0},"south":{"uv":[6.4385,3.251,6.499,3.374],"rotation":0,"texture":"#1","tintindex":0},"up":{"uv":[0.999,6.999,0.9385,6.751],"rotation":0,"texture":"#1","tintindex":0},"west":{"uv":[5.4385,3.4385,5.6865,3.5615],"rotation":0,"texture":"#1","tintindex":0}}},{"name":"body","from":[6.5,8.6,6.8900003],"to":[7.7,9.8,9.110001],"rotation":{"angle":0.0,"axis":"x","origin":[8.6,0.19999981,8.0]},"faces":{"down":{"uv":[5.874,1.126,5.751,1.374],"rotation":0,"texture":"#1","tintindex":0},"east":{"uv":[5.751,0.751,5.999,0.874],"rotation":0,"texture":"#1","tintindex":0},"north":{"uv":[6.9385,4.5635,7.0615,4.6865],"rotation":0,"texture":"#1","tintindex":0},"south":{"uv":[6.9385,5.0635,7.0615,5.1865],"rotation":0,"texture":"#1","tintindex":0},"up":{"uv":[5.5615,5.9365,5.4385,5.6885],"rotation":0,"texture":"#1","tintindex":0},"west":{"uv":[5.751,0.9385,5.999,1.0615],"rotation":0,"texture":"#1","tintindex":0}}},{"name":"body","from":[5.8999996,8.6,6.8],"to":[6.5,9.8,9.2],"rotation":{"angle":0.0,"axis":"x","origin":[8.0,0.19999981,8.0]},"faces":{"down":{"uv":[6.1865,6.751,6.126,6.999],"rotation":0,"texture":"#1","tintindex":0},"east":{"uv":[5.4385,5.001,5.6865,5.124],"rotation":0,"texture":"#1","tintindex":0},"north":{"uv":[7.6885,3.4385,7.749,3.5615],"rotation":0,"texture":"#1","tintindex":0},"south":{"uv":[7.6885,3.876,7.749,3.999],"rotation":0,"texture":"#1","tintindex":0},"up":{"uv":[6.0615,6.999,6.001,6.751],"rotation":0,"texture":"#1","tintindex":0},"west":{"uv":[5.4385,5.1885,5.6865,5.3115],"rotation":0,"texture":"#1","tintindex":0}}},{"name":"body","from":[5.8999996,8.0,6.8],"to":[7.7,8.6,9.2],"rotation":{"angle":0.0,"axis":"x","origin":[8.0,-1.0000005,8.0]},"faces":{"down":{"uv":[5.3115,0.001,5.126,0.249],"rotation":0,"texture":"#1","tintindex":0},"east":{"uv":[6.751,5.9385,6.999,5.999],"rotation":0,"texture":"#1","tintindex":0},"north":{"uv":[3.9385,7.376,4.124,7.4365],"rotation":0,"texture":"#1","tintindex":0},"south":{"uv":[7.376,4.876,7.5615,4.9365],"rotation":0,"texture":"#1","tintindex":0},"up":{"uv":[5.249,5.3115,5.0635,5.0635],"rotation":0,"texture":"#1","tintindex":0},"west":{"uv":[6.751,6.0635,6.999,6.124],"rotation":0,"texture":"#1","tintindex":0}}},{"name":"body","from":[5.54,7.685,6.5600004],"to":[10.460001,8.405001,9.38],"rotation":{"angle":0.0,"axis":"x","origin":[8.0,0.5449996,7.97]},"faces":{"down":{"uv":[1.624,2.376,1.126,2.6865],"rotation":0,"texture":"#1","tintindex":0},"east":{"uv":[6.1885,5.626,6.499,5.6865],"rotation":0,"texture":"#1","tintindex":0},"north":{"uv":[5.376,0.251,5.874,0.3115],"rotation":0,"texture":"#1","tintindex":0},"south":{"uv":[5.4385,4.6885,5.9365,4.749],"rotation":0,"texture":"#1","tintindex":0},"up":{"uv":[1.0615,2.6865,0.5635,2.376],"rotation":0,"texture":"#1","tintindex":0},"west":{"uv":[6.251,0.626,6.5615,0.6865],"rotation":0,"texture":"#1","tintindex":0}}},{"name":"body","from":[6.803,7.7,9.038237],"to":[9.1970005,8.9,9.638236],"rotation":{"angle":45.0,"axis":"x","origin":[8.3,8.6,9.338236]},"faces":{"down":{"uv":[6.9365,4.3135,6.6885,4.374],"rotation":0,"texture":"#1","tintindex":0},"east":{"uv":[4.001,0.626,4.0615,0.749],"rotation":0,"texture":"#1","tintindex":0},"north":{"uv":[5.4385,1.251,5.6865,1.374],"rotation":0,"texture":"#1","tintindex":0},"south":{"uv":[1.3135,5.4385,1.5615,5.5615],"rotation":0,"texture":"#1","tintindex":0},"up":{"uv":[6.9365,3.5615,6.6885,3.501],"rotation":0,"texture":"#1","tintindex":0},"west":{"uv":[0.3135,5.0635,0.374,5.1865],"rotation":0,"texture":"#1","tintindex":0}}},{"name":"body","from":[6.8,8.6,9.1625],"to":[9.2,11.6,9.762501],"rotation":{"angle":0.0,"axis":"x","origin":[8.0,-4.0000005,7.9625]},"faces":{"down":{"uv":[0.6865,7.0635,0.4385,7.124],"rotation":0,"texture":"#1","tintindex":0},"east":{"uv":[1.251,6.501,1.3115,6.8115],"rotation":0,"texture":"#1","tintindex":0},"north":{"uv":[3.626,0.001,3.874,0.3115],"rotation":0,"texture":"#1","tintindex":0},"south":{"uv":[3.6885,1.626,3.9365,1.9365],"rotation":0,"texture":"#1","tintindex":0},"up":{"uv":[7.3115,0.4365,7.0635,0.376],"rotation":0,"texture":"#1","tintindex":0},"west":{"uv":[1.376,6.501,1.4365,6.8115],"rotation":0,"texture":"#1","tintindex":0}}},{"name":"body","from":[8.094112,13.918376,6.8059998],"to":[8.694113,14.518376,9.194],"rotation":{"angle":45.0,"axis":"z","origin":[13.794113,14.218376,8.9]},"faces":{"down":{"uv":[5.3115,6.6885,5.251,6.9365],"rotation":0,"texture":"#1","tintindex":0},"east":{"uv":[6.6885,3.251,6.9365,3.3115],"rotation":0,"texture":"#1","tintindex":0},"north":{"uv":[6.9385,8.001,6.999,8.0615],"rotation":0,"texture":"#1","tintindex":0},"south":{"uv":[7.0635,8.001,7.124,8.0615],"rotation":0,"texture":"#1","tintindex":0},"up":{"uv":[6.749,4.249,6.6885,4.001],"rotation":0,"texture":"#1","tintindex":0},"west":{"uv":[6.6885,3.376,6.9365,3.4365],"rotation":0,"texture":"#1","tintindex":0}}},{"name":"body","from":[7.7816234,13.494113,6.8059998],"to":[8.681623,14.094113,9.194],"rotation":{"angle":-45.0,"axis":"z","origin":[2.681623,13.794113,8.894]},"faces":{"down":{"uv":[0.124,5.501,0.001,5.749],"rotation":0,"texture":"#1","tintindex":0},"east":{"uv":[6.8135,0.251,7.0615,0.3115],"rotation":0,"texture":"#1","tintindex":0},"north":{"uv":[7.6885,0.626,7.8115,0.6865],"rotation":0,"texture":"#1","tintindex":0},"south":{"uv":[7.6885,5.3135,7.8115,5.374],"rotation":0,"texture":"#1","tintindex":0},"up":{"uv":[5.5615,5.624,5.4385,5.376],"rotation":0,"texture":"#1","tintindex":0},"west":{"uv":[6.8135,2.251,7.0615,2.3115],"rotation":0,"texture":"#1","tintindex":0}}},{"name":"body","from":[7.3183765,13.494113,6.8059998],"to":[8.218376,14.094113,9.194],"rotation":{"angle":45.0,"axis":"z","origin":[13.318377,13.794113,8.894]},"faces":{"down":{"uv":[5.874,4.8135,5.751,5.0615],"rotation":0,"texture":"#1","tintindex":0},"east":{"uv":[7.251,0.8135,7.499,0.874],"rotation":0,"texture":"#1","tintindex":0},"north":{"uv":[7.9385,4.1885,8.0615,4.249],"rotation":0,"texture":"#1","tintindex":0},"south":{"uv":[7.9385,4.3135,8.0615,4.374],"rotation":0,"texture":"#1","tintindex":0},"up":{"uv":[3.124,5.999,3.001,5.751],"rotation":0,"texture":"#1","tintindex":0},"west":{"uv":[7.251,2.376,7.499,2.4365],"rotation":0,"texture":"#1","tintindex":0}}},{"name":"body","from":[5.8999996,9.8,6.8],"to":[6.5,10.4,9.2],"rotation":{"angle":0.0,"axis":"x","origin":[8.0,0.7999997,8.0]},"faces":{"down":{"uv":[6.874,2.9385,6.8135,3.1865],"rotation":0,"texture":"#1","tintindex":0},"east":{"uv":[6.8135,2.376,7.0615,2.4365],"rotation":0,"texture":"#1","tintindex":0},"north":{"uv":[1.501,8.126,1.5615,8.1865],"rotation":0,"texture":"#1","tintindex":0},"south":{"uv":[1.751,8.126,1.8115,8.1865],"rotation":0,"texture":"#1","tintindex":0},"up":{"uv":[2.499,7.0615,2.4385,6.8135],"rotation":0,"texture":"#1","tintindex":0},"west":{"uv":[6.8135,2.501,7.0615,2.5615],"rotation":0,"texture":"#1","tintindex":0}}},{"name":"body","from":[7.3058877,13.918376,6.8059998],"to":[7.9058876,14.518376,9.194],"rotation":{"angle":-45.0,"axis":"z","origin":[2.205887,14.218376,8.9]},"faces":{"down":{"uv":[6.749,2.9385,6.6885,3.1865],"rotation":0,"texture":"#1","tintindex":0},"east":{"uv":[6.6885,2.6885,6.9365,2.749],"rotation":0,"texture":"#1","tintindex":0},"north":{"uv":[6.6885,8.001,6.749,8.0615],"rotation":0,"texture":"#1","tintindex":0},"south":{"uv":[6.8135,8.001,6.874,8.0615],"rotation":0,"texture":"#1","tintindex":0},"up":{"uv":[2.874,6.9365,2.8135,6.6885],"rotation":0,"texture":"#1","tintindex":0},"west":{"uv":[6.6885,2.8135,6.9365,2.874],"rotation":0,"texture":"#1","tintindex":0}}},{"name":"beltum","from":[7.3964,7.5464,6.5414],"to":[8.6036005,8.7536,6.6986],"rotation":{"angle":0.0,"axis":"x","origin":[8.0,0.34999967,8.014999]},"faces":{"down":{"uv":[7.8115,0.251,7.6885,0.3115],"rotation":0,"texture":"#1","tintindex":0},"east":{"uv":[7.6885,4.0635,7.749,4.1865],"rotation":0,"texture":"#1","tintindex":0},"north":{"uv":[6.751,6.1885,6.874,6.3115],"rotation":0,"texture":"#1","tintindex":0},"south":{"uv":[6.751,6.376,6.874,6.499],"rotation":0,"texture":"#1","tintindex":0},"up":{"uv":[6.5615,4.749,6.4385,4.6885],"rotation":0,"texture":"#1","tintindex":0},"west":{"uv":[7.6885,4.251,7.749,4.374],"rotation":0,"texture":"#1","tintindex":0}}},{"name":"trinitaria","from":[7.2312307,8.4227,6.5320997],"to":[7.527331,8.7188,6.6119003],"rotation":{"angle":-45.0,"axis":"z","origin":[7.3635306,8.555,6.4145]},"faces":{"down":{"uv":[7.249,8.0635,7.1885,8.124],"rotation":0,"texture":"#1","tintindex":0},"east":{"uv":[8.0635,6.501,8.124,6.5615],"rotation":0,"texture":"#1","tintindex":0},"north":{"uv":[8.0635,6.376,8.124,6.4365],"rotation":0,"texture":"#1","tintindex":0},"south":{"uv":[8.0635,6.626,8.124,6.6865],"rotation":0,"texture":"#1","tintindex":0},"up":{"uv":[8.124,7.124,8.0635,7.0635],"rotation":0,"texture":"#1","tintindex":0},"west":{"uv":[8.0635,6.9385,8.124,6.999],"rotation":0,"texture":"#1","tintindex":0}}},{"name":"trinitaria","from":[7.2312307,7.5827,6.5320997],"to":[7.527331,7.8788004,6.6119003],"rotation":{"angle":-45.0,"axis":"z","origin":[7.3635306,7.7149997,6.4145]},"faces":{"down":{"uv":[0.3115,8.126,0.251,8.1865],"rotation":0,"texture":"#1","tintindex":0},"east":{"uv":[7.3135,8.0635,7.374,8.124],"rotation":0,"texture":"#1","tintindex":0},"north":{"uv":[8.0635,7.1885,8.124,7.249],"rotation":0,"texture":"#1","tintindex":0},"south":{"uv":[8.0635,7.6885,8.124,7.749],"rotation":0,"texture":"#1","tintindex":0},"up":{"uv":[0.1865,8.1865,0.126,8.126],"rotation":0,"texture":"#1","tintindex":0},"west":{"uv":[8.001,8.0635,8.0615,8.124],"rotation":0,"texture":"#1","tintindex":0}}},{"name":"trinitaria","from":[7.1751785,7.7149997,6.529832],"to":[7.5951786,8.555,6.614168],"rotation":{"angle":0.0,"axis":"x","origin":[4.390646,7.280775,3.841353]},"faces":{"down":{"uv":[0.8115,8.126,0.751,8.1865],"rotation":0,"texture":"#1","tintindex":0},"east":{"uv":[0.376,8.126,0.4365,8.1865],"rotation":0,"texture":"#1","tintindex":0},"north":{"uv":[8.126,0.3135,8.1865,0.374],"rotation":0,"texture":"#1","tintindex":0},"south":{"uv":[0.501,8.126,0.5615,8.1865],"rotation":0,"texture":"#1","tintindex":0},"up":{"uv":[8.1865,0.6865,8.126,0.626],"rotation":0,"texture":"#1","tintindex":0},"west":{"uv":[0.626,8.126,0.6865,8.1865],"rotation":0,"texture":"#1","tintindex":0}}},{"name":"trinitaria","from":[7.861231,8.5727005,6.5320997],"to":[8.1573305,8.8688,6.6119003],"rotation":{"angle":-45.0,"axis":"z","origin":[7.9935308,8.705,6.4145]},"faces":{"down":{"uv":[4.749,8.0635,4.6885,8.124],"rotation":0,"texture":"#1","tintindex":0},"east":{"uv":[4.3135,8.0635,4.374,8.124],"rotation":0,"texture":"#1","tintindex":0},"north":{"uv":[4.1885,8.0635,4.249,8.124],"rotation":0,"texture":"#1","tintindex":0},"south":{"uv":[4.4385,8.0635,4.499,8.124],"rotation":0,"texture":"#1","tintindex":0},"up":{"uv":[4.624,8.124,4.5635,8.0635],"rotation":0,"texture":"#1","tintindex":0},"west":{"uv":[8.0635,4.4385,8.124,4.499],"rotation":0,"texture":"#1","tintindex":0}}},{"name":"trinitaria","from":[7.861231,7.4326997,6.5320997],"to":[8.1573305,7.7288003,6.6119003],"rotation":{"angle":-45.0,"axis":"z","origin":[7.9935308,7.5649996,6.4145]},"faces":{"down":{"uv":[8.124,5.8135,8.0635,5.874],"rotation":0,"texture":"#1","tintindex":0},"east":{"uv":[5.0635,8.0635,5.124,8.124],"rotation":0,"texture":"#1","tintindex":0},"north":{"uv":[8.0635,4.8135,8.124,4.874],"rotation":0,"texture":"#1","tintindex":0},"south":{"uv":[5.1885,8.0635,5.249,8.124],"rotation":0,"texture":"#1","tintindex":0},"up":{"uv":[5.874,8.124,5.8135,8.0635],"rotation":0,"texture":"#1","tintindex":0},"west":{"uv":[8.0635,5.501,8.124,5.5615],"rotation":0,"texture":"#1","tintindex":0}}},{"name":"trinitaria","from":[7.8051786,7.5649996,6.529832],"to":[8.225179,8.705,6.614168],"rotation":{"angle":0.0,"axis":"x","origin":[5.020646,7.1307745,3.841353]},"faces":{"down":{"uv":[8.124,6.251,8.0635,6.3115],"rotation":0,"texture":"#1","tintindex":0},"east":{"uv":[7.6885,4.4385,7.749,4.5615],"rotation":0,"texture":"#1","tintindex":0},"north":{"uv":[4.3135,7.6885,4.374,7.8115],"rotation":0,"texture":"#1","tintindex":0},"south":{"uv":[7.6885,4.9385,7.749,5.0615],"rotation":0,"texture":"#1","tintindex":0},"up":{"uv":[8.124,5.999,8.0635,5.9385],"rotation":0,"texture":"#1","tintindex":0},"west":{"uv":[7.6885,5.126,7.749,5.249],"rotation":0,"texture":"#1","tintindex":0}}},{"name":"trinitaria","from":[8.435179,7.7149997,6.529832],"to":[8.855179,8.555,6.614168],"rotation":{"angle":0.0,"axis":"x","origin":[5.6506457,7.280775,3.841353]},"faces":{"down":{"uv":[8.124,1.376,8.0635,1.4365],"rotation":0,"texture":"#1","tintindex":0},"east":{"uv":[8.0635,0.501,8.124,0.5615],"rotation":0,"texture":"#1","tintindex":0},"north":{"uv":[8.0635,0.001,8.124,0.0615],"rotation":0,"texture":"#1","tintindex":0},"south":{"uv":[8.0635,0.876,8.124,0.9365],"rotation":0,"texture":"#1","tintindex":0},"up":{"uv":[1.4365,8.124,1.376,8.0635],"rotation":0,"texture":"#1","tintindex":0},"west":{"uv":[8.0635,1.001,8.124,1.0615],"rotation":0,"texture":"#1","tintindex":0}}},{"name":"trinitaria","from":[8.491231,7.5827,6.5320997],"to":[8.787331,7.8788004,6.6119003],"rotation":{"angle":-45.0,"axis":"z","origin":[8.623531,7.7149997,6.4145]},"faces":{"down":{"uv":[3.999,8.0635,3.9385,8.124],"rotation":0,"texture":"#1","tintindex":0},"east":{"uv":[3.4385,8.0635,3.499,8.124],"rotation":0,"texture":"#1","tintindex":0},"north":{"uv":[3.3135,8.0635,3.374,8.124],"rotation":0,"texture":"#1","tintindex":0},"south":{"uv":[3.5635,8.0635,3.624,8.124],"rotation":0,"texture":"#1","tintindex":0},"up":{"uv":[3.874,8.124,3.8135,8.0635],"rotation":0,"texture":"#1","tintindex":0},"west":{"uv":[8.0635,3.6885,8.124,3.749],"rotation":0,"texture":"#1","tintindex":0}}},{"name":"trinitaria","from":[8.491231,8.4227,6.5320997],"to":[8.787331,8.7188,6.6119003],"rotation":{"angle":-45.0,"axis":"z","origin":[8.623531,8.555,6.4145]},"faces":{"down":{"uv":[2.9365,8.0635,2.876,8.124],"rotation":0,"texture":"#1","tintindex":0},"east":{"uv":[8.0635,1.626,8.124,1.6865],"rotation":0,"texture":"#1","tintindex":0},"north":{"uv":[8.0635,1.501,8.124,1.5615],"rotation":0,"texture":"#1","tintindex":0},"south":{"uv":[8.0635,1.751,8.124,1.8115],"rotation":0,"texture":"#1","tintindex":0},"up":{"uv":[8.124,2.5615,8.0635,2.501],"rotation":0,"texture":"#1","tintindex":0},"west":{"uv":[2.126,8.0635,2.1865,8.124],"rotation":0,"texture":"#1","tintindex":0}}},{"name":"body","from":[7.4,8.6,6.62],"to":[8.6,11.0,7.22],"rotation":{"angle":0.0,"axis":"x","origin":[8.0,23.0,8.42]},"faces":{"down":{"uv":[7.999,3.6885,7.876,3.749],"rotation":0,"texture":"#1","tintindex":0},"east":{"uv":[6.626,6.876,6.6865,7.124],"rotation":0,"texture":"#1","tintindex":0},"north":{"uv":[1.626,5.751,1.749,5.999],"rotation":0,"texture":"#1","tintindex":0},"south":{"uv":[5.751,1.9385,5.874,2.1865],"rotation":0,"texture":"#1","tintindex":0},"up":{"uv":[3.8115,7.9365,3.6885,7.876],"rotation":0,"texture":"#1","tintindex":0},"west":{"uv":[2.3135,6.9385,2.374,7.1865],"rotation":0,"texture":"#1","tintindex":0}}},{"name":"body","from":[8.3018,10.277536,6.6218],"to":[8.8982,10.873936,7.2182],"rotation":{"angle":45.0,"axis":"z","origin":[8.6,10.575735,6.92]},"faces":{"down":{"uv":[6.874,8.251,6.8135,8.3115],"rotation":0,"texture":"#1","tintindex":0},"east":{"uv":[8.251,5.5635,8.3115,5.624],"rotation":0,"texture":"#1","tintindex":0},"north":{"uv":[5.4385,8.251,5.499,8.3115],"rotation":0,"texture":"#1","tintindex":0},"south":{"uv":[8.251,6.001,8.3115,6.0615],"rotation":0,"texture":"#1","tintindex":0},"up":{"uv":[8.3115,6.749,8.251,6.6885],"rotation":0,"texture":"#1","tintindex":0},"west":{"uv":[6.6885,8.251,6.749,8.3115],"rotation":0,"texture":"#1","tintindex":0}}},{"name":"body","from":[7.1018,10.277536,6.6218],"to":[7.6981997,10.873936,7.2182],"rotation":{"angle":-45.0,"axis":"z","origin":[7.4,10.575735,6.92]},"faces":{"down":{"uv":[8.3115,5.3135,8.251,5.374],"rotation":0,"texture":"#1","tintindex":0},"east":{"uv":[8.251,4.9385,8.3115,4.999],"rotation":0,"texture":"#1","tintindex":0},"north":{"uv":[4.9385,8.251,4.999,8.3115],"rotation":0,"texture":"#1","tintindex":0},"south":{"uv":[8.251,5.0635,8.3115,5.124],"rotation":0,"texture":"#1","tintindex":0},"up":{"uv":[5.374,8.3115,5.3135,8.251],"rotation":0,"texture":"#1","tintindex":0},"west":{"uv":[8.251,5.1885,8.3115,5.249],"rotation":0,"texture":"#1","tintindex":0}}},{"name":"body","from":[7.397,9.1970005,9.316999],"to":[8.603001,11.603001,9.923],"rotation":{"angle":0.0,"axis":"x","origin":[8.0,23.600002,11.12]},"faces":{"down":{"uv":[7.999,7.1885,7.876,7.249],"rotation":0,"texture":"#1","tintindex":0},"east":{"uv":[5.876,7.001,5.9365,7.249],"rotation":0,"texture":"#1","tintindex":0},"north":{"uv":[2.626,5.751,2.749,5.999],"rotation":0,"texture":"#1","tintindex":0},"south":{"uv":[2.8135,5.751,2.9365,5.999],"rotation":0,"texture":"#1","tintindex":0},"up":{"uv":[7.999,7.124,7.876,7.0635],"rotation":0,"texture":"#1","tintindex":0},"west":{"uv":[0.3135,7.0635,0.374,7.3115],"rotation":0,"texture":"#1","tintindex":0}}},{"name":"body","from":[7.1018,10.877536,9.3218],"to":[7.6981997,11.473935,9.9182005],"rotation":{"angle":-45.0,"axis":"z","origin":[7.4,11.175735,9.62]},"faces":{"down":{"uv":[7.374,8.3135,7.3135,8.374],"rotation":0,"texture":"#1","tintindex":0},"east":{"uv":[8.3135,6.8135,8.374,6.874],"rotation":0,"texture":"#1","tintindex":0},"north":{"uv":[6.5635,8.3135,6.624,8.374],"rotation":0,"texture":"#1","tintindex":0},"south":{"uv":[8.3135,6.9385,8.374,6.999],"rotation":0,"texture":"#1","tintindex":0},"up":{"uv":[7.249,8.374,7.1885,8.3135],"rotation":0,"texture":"#1","tintindex":0},"west":{"uv":[8.3135,7.0635,8.374,7.124],"rotation":0,"texture":"#1","tintindex":0}}},{"name":"body","from":[8.3018,10.877536,9.3218],"to":[8.8982,11.473935,9.9182005],"rotation":{"angle":45.0,"axis":"z","origin":[8.6,11.175735,9.62]},"faces":{"down":{"uv":[8.374,6.501,8.3135,6.5615],"rotation":0,"texture":"#1","tintindex":0},"east":{"uv":[8.3135,6.251,8.374,6.3115],"rotation":0,"texture":"#1","tintindex":0},"north":{"uv":[6.1885,8.3135,6.249,8.374],"rotation":0,"texture":"#1","tintindex":0},"south":{"uv":[6.3135,8.3135,6.374,8.374],"rotation":0,"texture":"#1","tintindex":0},"up":{"uv":[6.499,8.374,6.4385,8.3135],"rotation":0,"texture":"#1","tintindex":0},"west":{"uv":[8.3135,6.376,8.374,6.4365],"rotation":0,"texture":"#1","tintindex":0}}},{"name":"body","from":[5.839173,8.281464,6.507864],"to":[6.4391727,10.681464,7.1078644],"rotation":{"angle":45.0,"axis":"y","origin":[6.1391726,8.581464,6.807864]},"faces":{"down":{"uv":[7.124,8.251,7.0635,8.3115],"rotation":0,"texture":"#1","tintindex":0},"east":{"uv":[6.9385,6.501,6.999,6.749],"rotation":0,"texture":"#1","tintindex":0},"north":{"uv":[6.9385,6.1885,6.999,6.4365],"rotation":0,"texture":"#1","tintindex":0},"south":{"uv":[6.751,6.9385,6.8115,7.1865],"rotation":0,"texture":"#1","tintindex":0},"up":{"uv":[6.999,8.3115,6.9385,8.251],"rotation":0,"texture":"#1","tintindex":0},"west":{"uv":[6.9385,6.8135,6.999,7.0615],"rotation":0,"texture":"#1","tintindex":0}}},{"name":"body","from":[9.560827,8.281464,6.507864],"to":[10.160828,10.681464,7.1078644],"rotation":{"angle":-45.0,"axis":"y","origin":[9.8608265,8.581464,6.807864]},"faces":{"down":{"uv":[8.3115,7.376,8.251,7.4365],"rotation":0,"texture":"#1","tintindex":0},"east":{"uv":[1.501,7.001,1.5615,7.249],"rotation":0,"texture":"#1","tintindex":0},"north":{"uv":[7.001,0.6885,7.0615,0.9365],"rotation":0,"texture":"#1","tintindex":0},"south":{"uv":[1.751,7.001,1.8115,7.249],"rotation":0,"texture":"#1","tintindex":0},"up":{"uv":[8.3115,7.3115,8.251,7.251],"rotation":0,"texture":"#1","tintindex":0},"west":{"uv":[2.1885,7.001,2.249,7.249],"rotation":0,"texture":"#1","tintindex":0}}},{"name":"body","from":[9.560827,8.281464,9.027864],"to":[10.160828,10.681464,9.627865],"rotation":{"angle":-45.0,"axis":"y","origin":[9.8608265,8.581464,9.327864]},"faces":{"down":{"uv":[3.9365,8.3135,3.876,8.374],"rotation":0,"texture":"#1","tintindex":0},"east":{"uv":[5.0635,7.001,5.124,7.249],"rotation":0,"texture":"#1","tintindex":0},"north":{"uv":[4.9385,7.001,4.999,7.249],"rotation":0,"texture":"#1","tintindex":0},"south":{"uv":[5.1885,7.001,5.249,7.249],"rotation":0,"texture":"#1","tintindex":0},"up":{"uv":[3.8115,8.374,3.751,8.3135],"rotation":0,"texture":"#1","tintindex":0},"west":{"uv":[7.001,5.251,7.0615,5.499],"rotation":0,"texture":"#1","tintindex":0}}},{"name":"body","from":[5.839173,8.281464,9.027864],"to":[6.4391727,10.681464,9.627865],"rotation":{"angle":45.0,"axis":"y","origin":[6.1391726,8.581464,9.327864]},"faces":{"down":{"uv":[3.6865,8.3135,3.626,8.374],"rotation":0,"texture":"#1","tintindex":0},"east":{"uv":[4.5635,7.001,4.624,7.249],"rotation":0,"texture":"#1","tintindex":0},"north":{"uv":[4.4385,7.001,4.499,7.249],"rotation":0,"texture":"#1","tintindex":0},"south":{"uv":[4.6885,7.001,4.749,7.249],"rotation":0,"texture":"#1","tintindex":0},"up":{"uv":[8.374,3.624,8.3135,3.5635],"rotation":0,"texture":"#1","tintindex":0},"west":{"uv":[4.8135,7.001,4.874,7.249],"rotation":0,"texture":"#1","tintindex":0}}},{"name":"krystel","from":[7.8254642,10.2512,6.4412003],"to":[8.247328,10.673065,7.0388],"rotation":{"angle":-45.0,"axis":"z","origin":[8.124264,10.55,6.74]},"faces":{"down":{"uv":[8.4365,3.126,8.376,3.1865],"rotation":0,"texture":"#1","tintindex":0},"east":{"uv":[8.376,2.876,8.4365,2.9365],"rotation":0,"texture":"#1","tintindex":0},"north":{"uv":[8.376,2.751,8.4365,2.8115],"rotation":0,"texture":"#1","tintindex":0},"south":{"uv":[3.001,8.376,3.0615,8.4365],"rotation":0,"texture":"#1","tintindex":0},"up":{"uv":[3.1865,8.4365,3.126,8.376],"rotation":0,"texture":"#1","tintindex":0},"west":{"uv":[8.376,3.001,8.4365,3.0615],"rotation":0,"texture":"#1","tintindex":0}}},{"name":"body","from":[7.1,6.8,6.845],"to":[8.9,8.0,9.155001],"rotation":{"angle":0.0,"axis":"x","origin":[8.0,0.19999981,8.0]},"faces":{"down":{"uv":[5.249,3.376,5.0635,3.624],"rotation":0,"texture":"#1","tintindex":0},"east":{"uv":[5.4385,2.126,5.6865,2.249],"rotation":0,"texture":"#1","tintindex":0},"north":{"uv":[3.501,6.001,3.6865,6.124],"rotation":0,"texture":"#1","tintindex":0},"south":{"uv":[3.751,6.001,3.9365,6.124],"rotation":0,"texture":"#1","tintindex":0},"up":{"uv":[5.249,3.3115,5.0635,3.0635],"rotation":0,"texture":"#1","tintindex":0},"west":{"uv":[5.4385,3.0635,5.6865,3.1865],"rotation":0,"texture":"#1","tintindex":0}}}],"display":{"head":{"translation":[0.0,-6.4,0.0],"rotation":[0.0,0.0,0.0],"scale":[3.8095,3.8095,3.8095]}}}