{"textures":{"0":"modelengine:entity/boneshadingravager","1":"modelengine:entity/fallenravager","2":"modelengine:entity/fravager_gosido","3":"modelengine:entity/boneshadingravager_e","4":"modelengine:entity/fravager_chipcitums_axe","5":"modelengine:entity/fravager_chipcitums_axe_e"},"elements":[{"name":"left arm","from":[5.8999996,5.6,6.8],"to":[8.3,8.0,9.2],"rotation":{"angle":0.0,"axis":"x","origin":[10.700001,-5.8,8.0]},"faces":{"down":{"uv":[4.3115,2.5635,4.0635,2.8115],"rotation":0,"texture":"#1","tintindex":0},"east":{"uv":[1.1885,3.9385,1.4365,4.1865],"rotation":0,"texture":"#1","tintindex":0},"north":{"uv":[3.9385,0.3135,4.1865,0.5615],"rotation":0,"texture":"#1","tintindex":0},"south":{"uv":[3.9385,2.251,4.1865,2.499],"rotation":0,"texture":"#1","tintindex":0},"up":{"uv":[4.249,1.874,4.001,1.626],"rotation":0,"texture":"#1","tintindex":0},"west":{"uv":[3.751,3.9385,3.999,4.1865],"rotation":0,"texture":"#1","tintindex":0}}},{"name":"left arm","from":[5.8964,4.9964,6.6914],"to":[6.5036,8.003599,7.2986],"rotation":{"angle":45.0,"axis":"y","origin":[6.2,6.8,7.235]},"faces":{"down":{"uv":[8.374,1.501,8.3135,1.5615],"rotation":0,"texture":"#1","tintindex":0},"east":{"uv":[6.4385,4.1885,6.499,4.499],"rotation":0,"texture":"#1","tintindex":0},"north":{"uv":[4.126,6.4385,4.1865,6.749],"rotation":0,"texture":"#1","tintindex":0},"south":{"uv":[4.251,6.4385,4.3115,6.749],"rotation":0,"texture":"#1","tintindex":0},"up":{"uv":[8.374,1.4365,8.3135,1.376],"rotation":0,"texture":"#1","tintindex":0},"west":{"uv":[4.376,6.4385,4.4365,6.749],"rotation":0,"texture":"#1","tintindex":0}}},{"name":"left arm","from":[5.8964,4.9964,8.8364],"to":[6.5036,8.003599,9.4436],"rotation":{"angle":-45.0,"axis":"y","origin":[6.2,6.8,8.9]},"faces":{"down":{"uv":[8.374,1.626,8.3135,1.6865],"rotation":0,"texture":"#1","tintindex":0},"east":{"uv":[5.751,6.4385,5.8115,6.749],"rotation":0,"texture":"#1","tintindex":0},"north":{"uv":[5.626,6.4385,5.6865,6.749],"rotation":0,"texture":"#1","tintindex":0},"south":{"uv":[0.5635,6.501,0.624,6.8115],"rotation":0,"texture":"#1","tintindex":0},"up":{"uv":[1.6865,8.374,1.626,8.3135],"rotation":0,"texture":"#1","tintindex":0},"west":{"uv":[0.6885,6.501,0.749,6.8115],"rotation":0,"texture":"#1","tintindex":0}}},{"name":"left arm","from":[7.7,5.0,6.8],"to":[8.3,5.6,9.2],"rotation":{"angle":0.0,"axis":"x","origin":[10.55,-6.4000006,8.0]},"faces":{"down":{"uv":[0.3115,6.751,0.251,6.999],"rotation":0,"texture":"#1","tintindex":0},"east":{"uv":[6.6885,5.3135,6.9365,5.374],"rotation":0,"texture":"#1","tintindex":0},"north":{"uv":[7.501,8.001,7.5615,8.0615],"rotation":0,"texture":"#1","tintindex":0},"south":{"uv":[8.001,7.5635,8.0615,7.624],"rotation":0,"texture":"#1","tintindex":0},"up":{"uv":[0.0615,6.999,0.001,6.751],"rotation":0,"texture":"#1","tintindex":0},"west":{"uv":[6.6885,5.4385,6.9365,5.499],"rotation":0,"texture":"#1","tintindex":0}}},{"name":"left arm","from":[5.8999996,5.0,6.8],"to":[6.5,5.6,9.2],"rotation":{"angle":0.0,"axis":"x","origin":[9.08,-6.4000006,8.0]},"faces":{"down":{"uv":[6.8115,0.8135,6.751,1.0615],"rotation":0,"texture":"#1","tintindex":0},"east":{"uv":[6.6885,5.5635,6.9365,5.624],"rotation":0,"texture":"#1","tintindex":0},"north":{"uv":[8.001,7.8135,8.0615,7.874],"rotation":0,"texture":"#1","tintindex":0},"south":{"uv":[8.001,7.9385,8.0615,7.999],"rotation":0,"texture":"#1","tintindex":0},"up":{"uv":[6.8115,0.749,6.751,0.501],"rotation":0,"texture":"#1","tintindex":0},"west":{"uv":[6.751,0.376,6.999,0.4365],"rotation":0,"texture":"#1","tintindex":0}}},{"name":"left arm","from":[6.5,8.0,6.8],"to":[8.3,8.6,9.2],"rotation":{"angle":0.0,"axis":"x","origin":[10.700001,-5.8,8.0]},"faces":{"down":{"uv":[4.499,4.876,4.3135,5.124],"rotation":0,"texture":"#1","tintindex":0},"east":{"uv":[5.126,2.1885,5.374,2.249],"rotation":0,"texture":"#1","tintindex":0},"north":{"uv":[4.126,3.8135,4.3115,3.874],"rotation":0,"texture":"#1","tintindex":0},"south":{"uv":[7.3135,6.1885,7.499,6.249],"rotation":0,"texture":"#1","tintindex":0},"up":{"uv":[0.624,4.1865,0.4385,3.9385],"rotation":0,"texture":"#1","tintindex":0},"west":{"uv":[6.626,5.0635,6.874,5.124],"rotation":0,"texture":"#1","tintindex":0}}},{"name":"left arm","from":[6.2018814,7.5512576,6.803],"to":[6.8018813,8.301258,9.1970005],"rotation":{"angle":-22.5,"axis":"z","origin":[7.101881,8.301258,8.0]},"faces":{"down":{"uv":[6.749,2.376,6.6885,2.624],"rotation":0,"texture":"#1","tintindex":0},"east":{"uv":[6.626,5.1885,6.874,5.249],"rotation":0,"texture":"#1","tintindex":0},"north":{"uv":[3.3135,4.0635,3.374,4.124],"rotation":0,"texture":"#1","tintindex":0},"south":{"uv":[8.001,2.376,8.0615,2.4365],"rotation":0,"texture":"#1","tintindex":0},"up":{"uv":[2.0615,0.8115,2.001,0.5635],"rotation":0,"texture":"#1","tintindex":0},"west":{"uv":[6.6885,1.501,6.9365,1.5615],"rotation":0,"texture":"#1","tintindex":0}}},{"name":"aura","from":[6.2,4.3999996,7.1],"to":[8.0,5.6,8.9],"rotation":{"angle":0.0,"axis":"x","origin":[10.700001,-5.8,8.0]},"faces":{"down":{"uv":[0.004,0.004,5.996,3.996],"rotation":0,"texture":"#0","tintindex":0},"east":{"uv":[0.004,0.004,5.996,3.996],"rotation":0,"texture":"#0","tintindex":0},"north":{"uv":[0.004,0.004,5.996,3.996],"rotation":0,"texture":"#0","tintindex":0},"south":{"uv":[0.004,0.004,5.996,3.996],"rotation":0,"texture":"#0","tintindex":0},"up":{"uv":[0.004,0.004,5.996,3.996],"rotation":0,"texture":"#0","tintindex":0},"west":{"uv":[0.004,0.004,5.996,3.996],"rotation":0,"texture":"#0","tintindex":0}}}],"display":{"head":{"translation":[0.0,-6.4,0.0],"rotation":[0.0,0.0,0.0],"scale":[3.8095,3.8095,3.8095]}}}