{"textures":{"0":"modelengine:entity/boneshadingravager","1":"modelengine:entity/fallenravager","2":"modelengine:entity/fravager_gosido","3":"modelengine:entity/boneshadingravager_e","4":"modelengine:entity/fravager_chipcitums_axe","5":"modelengine:entity/fravager_chipcitums_axe_e"},"elements":[{"name":"left leg","from":[6.8,5.6,6.8],"to":[9.2,8.6,9.2],"rotation":{"angle":0.0,"axis":"x","origin":[6.8599997,0.19999981,8.0]},"faces":{"down":{"uv":[4.8115,4.501,4.5635,4.749],"rotation":0,"texture":"#1","tintindex":0},"east":{"uv":[3.751,2.5635,3.999,2.874],"rotation":0,"texture":"#1","tintindex":0},"north":{"uv":[0.001,3.751,0.249,4.0615],"rotation":0,"texture":"#1","tintindex":0},"south":{"uv":[3.8135,0.8135,4.0615,1.124],"rotation":0,"texture":"#1","tintindex":0},"up":{"uv":[4.499,4.8115,4.251,4.5635],"rotation":0,"texture":"#1","tintindex":0},"west":{"uv":[1.6885,3.8135,1.9365,4.124],"rotation":0,"texture":"#1","tintindex":0}}},{"name":"left leg","from":[6.8900003,8.5625,6.8900003],"to":[9.110001,8.9825,9.110001],"rotation":{"angle":0.0,"axis":"x","origin":[6.8599997,3.0725,8.0]},"faces":{"down":{"uv":[4.8115,4.1885,4.5635,4.4365],"rotation":0,"texture":"#1","tintindex":0},"east":{"uv":[7.126,2.876,7.374,2.9365],"rotation":0,"texture":"#1","tintindex":0},"north":{"uv":[7.126,2.751,7.374,2.8115],"rotation":0,"texture":"#1","tintindex":0},"south":{"uv":[7.126,3.001,7.374,3.0615],"rotation":0,"texture":"#1","tintindex":0},"up":{"uv":[4.1865,4.8115,3.9385,4.5635],"rotation":0,"texture":"#1","tintindex":0},"west":{"uv":[7.126,3.251,7.374,3.3115],"rotation":0,"texture":"#1","tintindex":0}}},{"name":"left leg","from":[8.686182,4.9969997,6.488682],"to":[9.292181,8.003,7.0946817],"rotation":{"angle":22.5,"axis":"y","origin":[9.191681,6.5,6.7916813]},"faces":{"down":{"uv":[8.4365,3.8135,8.376,3.874],"rotation":0,"texture":"#1","tintindex":0},"east":{"uv":[6.626,6.126,6.6865,6.4365],"rotation":0,"texture":"#1","tintindex":0},"north":{"uv":[5.876,6.626,5.9365,6.9365],"rotation":0,"texture":"#1","tintindex":0},"south":{"uv":[6.626,6.501,6.6865,6.8115],"rotation":0,"texture":"#1","tintindex":0},"up":{"uv":[8.4365,3.749,8.376,3.6885],"rotation":0,"texture":"#1","tintindex":0},"west":{"uv":[6.6885,0.001,6.749,0.3115],"rotation":0,"texture":"#1","tintindex":0}}},{"name":"left leg","from":[8.686182,5.597,8.905319],"to":[9.292181,8.603001,9.511318],"rotation":{"angle":-22.5,"axis":"y","origin":[9.191681,7.1,9.208319]},"faces":{"down":{"uv":[8.4365,3.376,8.376,3.4365],"rotation":0,"texture":"#1","tintindex":0},"east":{"uv":[5.376,6.626,5.4365,6.9365],"rotation":0,"texture":"#1","tintindex":0},"north":{"uv":[5.126,6.626,5.1865,6.9365],"rotation":0,"texture":"#1","tintindex":0},"south":{"uv":[5.501,6.626,5.5615,6.9365],"rotation":0,"texture":"#1","tintindex":0},"up":{"uv":[8.4365,3.3115,8.376,3.251],"rotation":0,"texture":"#1","tintindex":0},"west":{"uv":[6.626,5.751,6.6865,6.0615],"rotation":0,"texture":"#1","tintindex":0}}},{"name":"aura","from":[6.95,4.3999996,7.1],"to":[8.75,5.6,8.9],"rotation":{"angle":0.0,"axis":"x","origin":[6.8599997,0.19999981,8.0]},"faces":{"down":{"uv":[5.496,7.0,0.504,11.996],"rotation":0,"texture":"#0","tintindex":0},"east":{"uv":[5.496,6.5,0.504,11.996],"rotation":0,"texture":"#0","tintindex":0},"north":{"uv":[5.496,6.5,0.504,11.996],"rotation":0,"texture":"#0","tintindex":0},"south":{"uv":[5.496,6.5,0.504,11.996],"rotation":0,"texture":"#0","tintindex":0},"up":{"uv":[5.496,7.0,0.504,11.996],"rotation":0,"texture":"#0","tintindex":0},"west":{"uv":[5.496,6.5,0.504,11.996],"rotation":0,"texture":"#0","tintindex":0}}}],"display":{"head":{"translation":[0.0,-6.4,0.0],"rotation":[0.0,0.0,0.0],"scale":[3.8095,3.8095,3.8095]}}}