{"textures":{"0":"modelengine:entity/scarecrow_scythe","1":"modelengine:entity/scarycrow","2":"modelengine:entity/crow"},"elements":[{"name":"cube","from":[7.1,7.4,6.5],"to":[8.9,9.2,8.3],"rotation":{"angle":0.0,"axis":"x","origin":[8.0,6.8,9.8]},"faces":{"down":{"uv":[9.5,5.5,8.0,7.0],"rotation":0,"texture":"#2","tintindex":0},"east":{"uv":[7.5,2.0,9.0,3.5],"rotation":0,"texture":"#2","tintindex":0},"north":{"uv":[6.0,2.0,7.5,3.5],"rotation":0,"texture":"#2","tintindex":0},"south":{"uv":[6.0,7.5,7.5,9.0],"rotation":0,"texture":"#2","tintindex":0},"up":{"uv":[9.5,1.5,8.0,0.0],"rotation":0,"texture":"#2","tintindex":0},"west":{"uv":[7.5,7.5,9.0,9.0],"rotation":0,"texture":"#2","tintindex":0}}},{"name":"cube","from":[7.4,7.4,5.3],"to":[8.6,8.6,6.5],"rotation":{"angle":0.0,"axis":"x","origin":[8.0,6.8,9.8]},"faces":{"down":{"uv":[10.0,7.0,9.0,8.0],"rotation":0,"texture":"#2","tintindex":0},"east":{"uv":[9.0,2.5,10.0,3.5],"rotation":0,"texture":"#2","tintindex":0},"north":{"uv":[9.0,1.5,10.0,2.5],"rotation":0,"texture":"#2","tintindex":0},"south":{"uv":[9.0,3.5,10.0,4.5],"rotation":0,"texture":"#2","tintindex":0},"up":{"uv":[8.0,10.0,7.0,9.0],"rotation":0,"texture":"#2","tintindex":0},"west":{"uv":[9.0,4.5,10.0,5.5],"rotation":0,"texture":"#2","tintindex":0}}}],"display":{"head":{"translation":[0.0,-6.4,0.0],"rotation":[0.0,0.0,0.0],"scale":[3.8095,3.8095,3.8095]}}}