{"textures":{"0":"modelengine:entity/scarecrow_scythe","1":"modelengine:entity/scarycrow","2":"modelengine:entity/crow"},"elements":[{"name":"cube","from":[6.8,5.5999994,8.0],"to":[9.2,8.0,10.4],"rotation":{"angle":0.0,"axis":"x","origin":[11.0,10.4,9.8]},"faces":{"down":{"uv":[0.0,9.75,0.5,10.25],"rotation":0,"texture":"#1","tintindex":0},"east":{"uv":[10.0,7.875,9.5,8.375],"rotation":0,"texture":"#1","tintindex":0},"north":{"uv":[10.0,0.0,9.5,0.5],"rotation":0,"texture":"#1","tintindex":0},"south":{"uv":[6.75,9.5,6.25,10.0],"rotation":0,"texture":"#1","tintindex":0},"up":{"uv":[9.375,10.0,9.875,9.5],"rotation":0,"texture":"#1","tintindex":0},"west":{"uv":[5.375,9.5,4.875,10.0],"rotation":0,"texture":"#1","tintindex":0}}},{"name":"cube","from":[7.4,2.5999992,8.6],"to":[8.6,5.5999994,9.8],"rotation":{"angle":0.0,"axis":"x","origin":[11.0,10.4,9.8]},"faces":{"down":{"uv":[6.75,9.5,7.0,9.75],"rotation":0,"texture":"#1","tintindex":0},"east":{"uv":[10.125,9.625,9.875,10.25],"rotation":0,"texture":"#1","tintindex":0},"north":{"uv":[9.0,9.875,8.75,10.5],"rotation":0,"texture":"#1","tintindex":0},"south":{"uv":[10.125,9.0,9.875,9.625],"rotation":0,"texture":"#1","tintindex":0},"up":{"uv":[2.0,9.125,2.25,8.875],"rotation":0,"texture":"#1","tintindex":0},"west":{"uv":[9.25,9.875,9.0,10.5],"rotation":0,"texture":"#1","tintindex":0}}}],"display":{"head":{"translation":[0.0,-6.4,0.0],"rotation":[0.0,0.0,0.0],"scale":[3.8095,3.8095,3.8095]}}}