{"textures":{"0":"modelengine:entity/scarecrow_scythe","1":"modelengine:entity/scarycrow","2":"modelengine:entity/crow"},"elements":[{"name":"cube","from":[5.6,2.7001185,6.929474],"to":[8.0,9.300119,9.3294735],"rotation":{"angle":22.5,"axis":"x","origin":[9.8,8.100119,8.729474]},"faces":{"down":{"uv":[9.375,9.0,9.875,9.5],"rotation":0,"texture":"#1","tintindex":0},"east":{"uv":[1.0,8.375,0.5,9.75],"rotation":0,"texture":"#1","tintindex":0},"north":{"uv":[8.625,7.0,8.125,8.375],"rotation":0,"texture":"#1","tintindex":0},"south":{"uv":[8.875,0.0,8.375,1.375],"rotation":0,"texture":"#1","tintindex":0},"up":{"uv":[9.375,4.5,9.875,4.0],"rotation":0,"texture":"#1","tintindex":0},"west":{"uv":[0.5,8.375,0.0,9.75],"rotation":0,"texture":"#1","tintindex":0}}}],"display":{"head":{"translation":[0.0,-6.4,0.0],"rotation":[0.0,0.0,0.0],"scale":[3.8095,3.8095,3.8095]}}}