{"textures":{"0":"modelengine:entity/scarecrow_scythe","1":"modelengine:entity/scarycrow","2":"modelengine:entity/crow"},"elements":[{"name":"cube","from":[6.8,5.5999994,8.0],"to":[9.2,8.0,10.4],"rotation":{"angle":0.0,"axis":"x","origin":[5.0,10.4,9.8]},"faces":{"down":{"uv":[0.5,9.75,0.0,10.25],"rotation":0,"texture":"#1","tintindex":0},"east":{"uv":[4.875,9.5,5.375,10.0],"rotation":0,"texture":"#1","tintindex":0},"north":{"uv":[9.5,0.0,10.0,0.5],"rotation":0,"texture":"#1","tintindex":0},"south":{"uv":[6.25,9.5,6.75,10.0],"rotation":0,"texture":"#1","tintindex":0},"up":{"uv":[9.875,10.0,9.375,9.5],"rotation":0,"texture":"#1","tintindex":0},"west":{"uv":[9.5,7.875,10.0,8.375],"rotation":0,"texture":"#1","tintindex":0}}},{"name":"cube","from":[7.4,2.5999992,8.6],"to":[8.6,5.5999994,9.8],"rotation":{"angle":0.0,"axis":"x","origin":[5.0,10.4,9.8]},"faces":{"down":{"uv":[7.0,9.5,6.75,9.75],"rotation":0,"texture":"#1","tintindex":0},"east":{"uv":[9.0,9.875,9.25,10.5],"rotation":0,"texture":"#1","tintindex":0},"north":{"uv":[8.75,9.875,9.0,10.5],"rotation":0,"texture":"#1","tintindex":0},"south":{"uv":[9.875,9.0,10.125,9.625],"rotation":0,"texture":"#1","tintindex":0},"up":{"uv":[2.25,9.125,2.0,8.875],"rotation":0,"texture":"#1","tintindex":0},"west":{"uv":[9.875,9.625,10.125,10.25],"rotation":0,"texture":"#1","tintindex":0}}}],"display":{"head":{"translation":[0.0,-6.4,0.0],"rotation":[0.0,0.0,0.0],"scale":[3.8095,3.8095,3.8095]}}}