{"textures":{"0":"modelengine:entity/scarecrow_scythe","1":"modelengine:entity/scarycrow","2":"modelengine:entity/crow"},"elements":[{"name":"cube","from":[6.2,6.3,6.1],"to":[9.8,8.099999,9.700001],"rotation":{"angle":0.0,"axis":"x","origin":[5.0,15.900002,8.5]},"faces":{"down":{"uv":[3.75,8.5,3.0,9.25],"rotation":0,"texture":"#1","tintindex":0},"east":{"uv":[9.375,1.375,10.125,1.75],"rotation":0,"texture":"#1","tintindex":0},"north":{"uv":[9.25,5.5,10.0,5.875],"rotation":0,"texture":"#1","tintindex":0},"south":{"uv":[9.375,1.75,10.125,2.125],"rotation":0,"texture":"#1","tintindex":0},"up":{"uv":[9.25,3.375,8.5,2.625],"rotation":0,"texture":"#1","tintindex":0},"west":{"uv":[9.375,2.125,10.125,2.5],"rotation":0,"texture":"#1","tintindex":0}}},{"name":"cube","from":[6.8,7.5,6.7],"to":[9.2,9.9,6.7],"rotation":{"angle":-22.5,"axis":"x","origin":[8.0,9.299999,6.1]},"faces":{"down":{"uv":[0.5,0.0,0.0,0.0],"rotation":0,"texture":"#1","tintindex":0},"east":{"uv":[0.0,0.0,0.0,0.5],"rotation":0,"texture":"#1","tintindex":0},"north":{"uv":[0.5,9.75,1.0,10.25],"rotation":0,"texture":"#1","tintindex":0},"south":{"uv":[1.0,9.75,1.5,10.25],"rotation":0,"texture":"#1","tintindex":0},"up":{"uv":[0.5,0.0,0.0,0.0],"rotation":0,"texture":"#1","tintindex":0},"west":{"uv":[0.0,0.0,0.0,0.5],"rotation":0,"texture":"#1","tintindex":0}}},{"name":"cube","from":[6.8,3.8999996,6.7],"to":[9.2,6.3,9.1],"rotation":{"angle":0.0,"axis":"x","origin":[5.0,15.900002,8.5]},"faces":{"down":{"uv":[10.25,6.375,9.75,6.875],"rotation":0,"texture":"#1","tintindex":0},"east":{"uv":[2.75,9.75,3.25,10.25],"rotation":0,"texture":"#1","tintindex":0},"north":{"uv":[1.5,9.75,2.0,10.25],"rotation":0,"texture":"#1","tintindex":0},"south":{"uv":[3.625,9.75,4.125,10.25],"rotation":0,"texture":"#1","tintindex":0},"up":{"uv":[10.25,6.375,9.75,5.875],"rotation":0,"texture":"#1","tintindex":0},"west":{"uv":[9.75,5.0,10.25,5.5],"rotation":0,"texture":"#1","tintindex":0}}},{"name":"cube","from":[6.8,3.8999996,6.1],"to":[9.2,5.1,6.7],"rotation":{"angle":0.0,"axis":"x","origin":[5.0,15.900002,8.5]},"faces":{"down":{"uv":[9.125,8.25,8.625,8.375],"rotation":0,"texture":"#1","tintindex":0},"east":{"uv":[2.375,5.0,2.5,5.25],"rotation":0,"texture":"#1","tintindex":0},"north":{"uv":[7.625,5.75,8.125,6.0],"rotation":0,"texture":"#1","tintindex":0},"south":{"uv":[4.375,7.875,4.875,8.125],"rotation":0,"texture":"#1","tintindex":0},"up":{"uv":[8.625,6.0,8.125,5.875],"rotation":0,"texture":"#1","tintindex":0},"west":{"uv":[3.125,7.375,3.25,7.625],"rotation":0,"texture":"#1","tintindex":0}}}],"display":{"head":{"translation":[0.0,-6.4,0.0],"rotation":[0.0,0.0,0.0],"scale":[3.8095,3.8095,3.8095]}}}