{"textures":{"0":"modelengine:entity/npcpackvol4_empty","1":"modelengine:entity/lr_assassin","2":"modelengine:entity/lr_assassin_parts"},"elements":[{"name":"cube","from":[7.1,4.3999996,6.2],"to":[8.9,8.0,8.0],"rotation":{"angle":0.0,"axis":"x","origin":[3.7999997,5.8999996,6.8]},"faces":{"down":{"uv":[13.0,10.5,13.75,11.25],"rotation":0,"texture":"#1","tintindex":0},"east":{"uv":[13.25,2.5,12.5,4.0],"rotation":0,"texture":"#1","tintindex":0},"north":{"uv":[13.0,6.75,12.25,8.25],"rotation":0,"texture":"#1","tintindex":0},"south":{"uv":[13.25,1.0,12.5,2.5],"rotation":0,"texture":"#1","tintindex":0},"up":{"uv":[13.0,9.75,13.75,9.0],"rotation":0,"texture":"#1","tintindex":0},"west":{"uv":[13.0,12.0,12.25,13.5],"rotation":0,"texture":"#1","tintindex":0}}},{"name":"cube","from":[6.824093,3.0129232,6.05],"to":[8.624093,4.8129234,8.45],"rotation":{"angle":-22.5,"axis":"z","origin":[7.7240934,3.9129233,6.95]},"faces":{"down":{"uv":[6.0,13.0,6.75,14.0],"rotation":0,"texture":"#1","tintindex":0},"east":{"uv":[14.0,4.75,13.0,5.5],"rotation":0,"texture":"#1","tintindex":0},"north":{"uv":[13.75,11.25,13.0,12.0],"rotation":0,"texture":"#1","tintindex":0},"south":{"uv":[13.75,12.0,13.0,12.75],"rotation":0,"texture":"#1","tintindex":0},"up":{"uv":[13.0,6.5,13.75,5.5],"rotation":0,"texture":"#1","tintindex":0},"west":{"uv":[14.0,4.0,13.0,4.75],"rotation":0,"texture":"#1","tintindex":0}}},{"name":"cube","from":[7.4,2.6,5.6],"to":[8.0,8.0,6.2],"rotation":{"angle":0.0,"axis":"x","origin":[8.0,8.0,8.0]},"faces":{"down":{"uv":[12.5,3.0,12.0,3.5],"rotation":0,"texture":"#2","tintindex":0},"east":{"uv":[9.0,7.5,9.5,12.0],"rotation":0,"texture":"#2","tintindex":0},"north":{"uv":[9.0,3.0,9.5,7.5],"rotation":0,"texture":"#2","tintindex":0},"south":{"uv":[9.5,3.0,10.0,7.5],"rotation":0,"texture":"#2","tintindex":0},"up":{"uv":[11.5,9.0,11.0,8.5],"rotation":0,"texture":"#2","tintindex":0},"west":{"uv":[9.5,7.5,10.0,12.0],"rotation":0,"texture":"#2","tintindex":0}}},{"name":"cube","from":[7.4,2.6,8.0],"to":[8.0,8.0,8.6],"rotation":{"angle":0.0,"axis":"x","origin":[8.0,8.0,8.0]},"faces":{"down":{"uv":[12.5,4.0,12.0,4.5],"rotation":0,"texture":"#2","tintindex":0},"east":{"uv":[10.0,7.5,10.5,12.0],"rotation":0,"texture":"#2","tintindex":0},"north":{"uv":[10.0,3.0,10.5,7.5],"rotation":0,"texture":"#2","tintindex":0},"south":{"uv":[0.0,10.5,0.5,15.0],"rotation":0,"texture":"#2","tintindex":0},"up":{"uv":[12.5,4.0,12.0,3.5],"rotation":0,"texture":"#2","tintindex":0},"west":{"uv":[0.5,10.5,1.0,15.0],"rotation":0,"texture":"#2","tintindex":0}}},{"name":"cube","from":[7.4,1.3999997,4.3999996],"to":[8.0,2.6,9.8],"rotation":{"angle":0.0,"axis":"x","origin":[8.0,8.0,8.0]},"faces":{"down":{"uv":[9.0,6.0,8.5,10.5],"rotation":0,"texture":"#2","tintindex":0},"east":{"uv":[4.0,7.0,8.5,8.0],"rotation":0,"texture":"#2","tintindex":0},"north":{"uv":[8.0,6.0,8.5,7.0],"rotation":0,"texture":"#2","tintindex":0},"south":{"uv":[6.5,11.0,7.0,12.0],"rotation":0,"texture":"#2","tintindex":0},"up":{"uv":[8.5,12.5,8.0,8.0],"rotation":0,"texture":"#2","tintindex":0},"west":{"uv":[8.0,0.0,12.5,1.0],"rotation":0,"texture":"#2","tintindex":0}}},{"name":"cube","from":[7.4493356,-2.2838159,5.8835316],"to":[7.9293356,1.9161844,8.283532],"rotation":{"angle":0.0,"axis":"x","origin":[6.1399994,5.96,7.52]},"faces":{"down":{"uv":[11.5,3.0,11.0,5.0],"rotation":0,"texture":"#2","tintindex":0},"east":{"uv":[0.0,7.0,2.0,10.5],"rotation":0,"texture":"#2","tintindex":0},"north":{"uv":[2.0,10.5,2.5,14.0],"rotation":0,"texture":"#2","tintindex":0},"south":{"uv":[2.5,10.5,3.0,14.0],"rotation":0,"texture":"#2","tintindex":0},"up":{"uv":[9.0,12.5,8.5,10.5],"rotation":0,"texture":"#2","tintindex":0},"west":{"uv":[2.0,7.0,4.0,10.5],"rotation":0,"texture":"#2","tintindex":0}}},{"name":"cube","from":[7.9293356,-4.083816,4.6835318],"to":[7.9293356,1.9161844,9.483532],"rotation":{"angle":0.0,"axis":"x","origin":[6.1399994,5.96,7.52]},"faces":{"down":{"uv":[0.0,0.0,0.0,4.0],"rotation":0,"texture":"#2","tintindex":0},"east":{"uv":[0.0,0.0,4.0,5.0],"rotation":0,"texture":"#2","tintindex":0},"north":{"uv":[0.0,0.0,0.0,5.0],"rotation":0,"texture":"#2","tintindex":0},"south":{"uv":[0.0,0.0,0.0,5.0],"rotation":0,"texture":"#2","tintindex":0},"up":{"uv":[0.0,4.0,0.0,0.0],"rotation":0,"texture":"#2","tintindex":0},"west":{"uv":[0.0,0.0,4.0,5.0],"rotation":0,"texture":"#2","tintindex":0}}},{"name":"cube","from":[7.410664,-4.083816,4.6835318],"to":[7.410664,1.9161844,9.483532],"rotation":{"angle":0.0,"axis":"x","origin":[-8.740001,5.96,7.52]},"faces":{"down":{"uv":[0.0,0.0,0.0,4.0],"rotation":0,"texture":"#2","tintindex":0},"east":{"uv":[4.0,0.0,0.0,5.0],"rotation":0,"texture":"#2","tintindex":0},"north":{"uv":[0.0,0.0,0.0,5.0],"rotation":0,"texture":"#2","tintindex":0},"south":{"uv":[0.0,0.0,0.0,5.0],"rotation":0,"texture":"#2","tintindex":0},"up":{"uv":[0.0,4.0,0.0,0.0],"rotation":0,"texture":"#2","tintindex":0},"west":{"uv":[4.0,0.0,0.0,5.0],"rotation":0,"texture":"#2","tintindex":0}}},{"name":"cube","from":[7.442627,-3.04882,5.5899277],"to":[7.9226265,0.79117966,7.0299277],"rotation":{"angle":-22.5,"axis":"x","origin":[5.8999996,-2.0543547,6.6292253]},"faces":{"down":{"uv":[8.0,11.0,7.5,12.0],"rotation":0,"texture":"#2","tintindex":0},"east":{"uv":[8.0,3.0,9.0,6.0],"rotation":0,"texture":"#2","tintindex":0},"north":{"uv":[3.0,10.5,3.5,13.5],"rotation":0,"texture":"#2","tintindex":0},"south":{"uv":[10.5,3.0,11.0,6.0],"rotation":0,"texture":"#2","tintindex":0},"up":{"uv":[7.5,12.0,7.0,11.0],"rotation":0,"texture":"#2","tintindex":0},"west":{"uv":[5.0,8.0,6.0,11.0],"rotation":0,"texture":"#2","tintindex":0}}},{"name":"cube","from":[7.442627,-4.565311,4.921868],"to":[7.9226265,-3.1253114,6.361868],"rotation":{"angle":-45.0,"axis":"x","origin":[5.8999996,-1.8867779,5.7821198]},"faces":{"down":{"uv":[12.0,8.0,11.5,9.0],"rotation":0,"texture":"#2","tintindex":0},"east":{"uv":[5.0,11.0,6.0,12.0],"rotation":0,"texture":"#2","tintindex":0},"north":{"uv":[11.5,4.0,12.0,5.0],"rotation":0,"texture":"#2","tintindex":0},"south":{"uv":[11.5,6.0,12.0,7.0],"rotation":0,"texture":"#2","tintindex":0},"up":{"uv":[12.0,8.0,11.5,7.0],"rotation":0,"texture":"#2","tintindex":0},"west":{"uv":[11.0,5.0,12.0,6.0],"rotation":0,"texture":"#2","tintindex":0}}},{"name":"cube","from":[7.442627,-3.4672298,6.9848833],"to":[7.9226265,0.37277007,8.424884],"rotation":{"angle":22.5,"axis":"x","origin":[5.8999996,-2.5673761,8.497763]},"faces":{"down":{"uv":[12.0,3.0,11.5,4.0],"rotation":0,"texture":"#2","tintindex":0},"east":{"uv":[6.0,8.0,7.0,11.0],"rotation":0,"texture":"#2","tintindex":0},"north":{"uv":[3.5,10.5,4.0,13.5],"rotation":0,"texture":"#2","tintindex":0},"south":{"uv":[10.5,6.0,11.0,9.0],"rotation":0,"texture":"#2","tintindex":0},"up":{"uv":[11.5,8.5,11.0,7.5],"rotation":0,"texture":"#2","tintindex":0},"west":{"uv":[7.0,8.0,8.0,11.0],"rotation":0,"texture":"#2","tintindex":0}}}],"display":{"head":{"translation":[0.0,-6.4,0.0],"rotation":[0.0,0.0,0.0],"scale":[3.8095,3.8095,3.8095]}}}