{"textures":{"0":"modelengine:entity/npcpackvol4_empty","1":"modelengine:entity/lr_assassin","2":"modelengine:entity/lr_assassin_parts"},"elements":[{"name":"cube","from":[7.8212924,2.2365744,9.5070305],"to":[8.121292,3.4365745,19.10703],"rotation":{"angle":-22.5,"axis":"z","origin":[11.324094,3.9129233,4.25]},"faces":{"down":{"uv":[5.0,16.0,4.5,8.0],"rotation":0,"texture":"#2","tintindex":0},"east":{"uv":[8.0,5.0,0.0,6.0],"rotation":0,"texture":"#2","tintindex":0},"north":{"uv":[12.0,11.0,11.5,12.0],"rotation":0,"texture":"#2","tintindex":0},"south":{"uv":[12.0,10.0,11.5,11.0],"rotation":0,"texture":"#2","tintindex":0},"up":{"uv":[4.5,8.0,4.0,16.0],"rotation":0,"texture":"#2","tintindex":0},"west":{"uv":[8.0,6.0,0.0,7.0],"rotation":0,"texture":"#2","tintindex":0}}},{"name":"cube","from":[7.8212924,2.8365743,19.10703],"to":[8.121292,3.4365745,19.707031],"rotation":{"angle":-22.5,"axis":"z","origin":[11.324094,3.9129233,4.25]},"faces":{"down":{"uv":[4.0,6.0,3.5,5.5],"rotation":0,"texture":"#2","tintindex":0},"east":{"uv":[3.0,5.5,2.5,6.0],"rotation":0,"texture":"#2","tintindex":0},"north":{"uv":[4.5,5.5,4.0,6.0],"rotation":0,"texture":"#2","tintindex":0},"south":{"uv":[5.0,5.5,4.5,6.0],"rotation":0,"texture":"#2","tintindex":0},"up":{"uv":[3.5,5.5,3.0,6.0],"rotation":0,"texture":"#2","tintindex":0},"west":{"uv":[3.0,5.5,2.5,6.0],"rotation":0,"texture":"#2","tintindex":0}}},{"name":"cube","from":[7.401293,1.9365743,8.90703],"to":[8.601293,3.7365744,9.5070305],"rotation":{"angle":-22.5,"axis":"z","origin":[11.324094,3.9129233,4.25]},"faces":{"down":{"uv":[12.5,10.0,11.5,9.5],"rotation":0,"texture":"#2","tintindex":0},"east":{"uv":[6.5,11.0,6.0,12.5],"rotation":0,"texture":"#2","tintindex":0},"north":{"uv":[11.5,10.5,10.5,12.0],"rotation":0,"texture":"#2","tintindex":0},"south":{"uv":[11.5,9.0,10.5,10.5],"rotation":0,"texture":"#2","tintindex":0},"up":{"uv":[12.5,9.0,11.5,9.5],"rotation":0,"texture":"#2","tintindex":0},"west":{"uv":[11.5,6.0,11.0,7.5],"rotation":0,"texture":"#2","tintindex":0}}},{"name":"cube","from":[7.7012925,2.2365744,4.10703],"to":[8.301292,3.4365745,8.90703],"rotation":{"angle":-22.5,"axis":"z","origin":[11.324094,3.9129233,4.25]},"faces":{"down":{"uv":[2.0,14.5,1.5,10.5],"rotation":0,"texture":"#2","tintindex":0},"east":{"uv":[12.0,1.0,8.0,2.0],"rotation":0,"texture":"#2","tintindex":0},"north":{"uv":[12.5,2.0,12.0,3.0],"rotation":0,"texture":"#2","tintindex":0},"south":{"uv":[12.5,1.0,12.0,2.0],"rotation":0,"texture":"#2","tintindex":0},"up":{"uv":[1.5,10.5,1.0,14.5],"rotation":0,"texture":"#2","tintindex":0},"west":{"uv":[12.0,2.0,8.0,3.0],"rotation":0,"texture":"#2","tintindex":0}}},{"name":"cube","from":[7.1,4.3999996,6.2],"to":[8.9,8.0,8.0],"rotation":{"angle":0.0,"axis":"x","origin":[3.7999997,5.8999996,6.8]},"faces":{"down":{"uv":[13.0,10.5,13.75,11.25],"rotation":0,"texture":"#1","tintindex":0},"east":{"uv":[13.25,2.5,12.5,4.0],"rotation":0,"texture":"#1","tintindex":0},"north":{"uv":[13.0,6.75,12.25,8.25],"rotation":0,"texture":"#1","tintindex":0},"south":{"uv":[13.25,1.0,12.5,2.5],"rotation":0,"texture":"#1","tintindex":0},"up":{"uv":[13.0,9.75,13.75,9.0],"rotation":0,"texture":"#1","tintindex":0},"west":{"uv":[13.0,12.0,12.25,13.5],"rotation":0,"texture":"#1","tintindex":0}}},{"name":"cube","from":[6.824093,3.0129232,6.05],"to":[8.624093,4.8129234,8.45],"rotation":{"angle":-22.5,"axis":"z","origin":[7.7240934,3.9129233,6.95]},"faces":{"down":{"uv":[6.0,13.0,6.75,14.0],"rotation":0,"texture":"#1","tintindex":0},"east":{"uv":[14.0,4.75,13.0,5.5],"rotation":0,"texture":"#1","tintindex":0},"north":{"uv":[13.75,11.25,13.0,12.0],"rotation":0,"texture":"#1","tintindex":0},"south":{"uv":[13.75,12.0,13.0,12.75],"rotation":0,"texture":"#1","tintindex":0},"up":{"uv":[13.0,6.5,13.75,5.5],"rotation":0,"texture":"#1","tintindex":0},"west":{"uv":[14.0,4.0,13.0,4.75],"rotation":0,"texture":"#1","tintindex":0}}}],"display":{"head":{"translation":[0.0,-6.4,0.0],"rotation":[0.0,0.0,0.0],"scale":[3.8095,3.8095,3.8095]}}}