{"textures":{"0":"modelengine:entity/scarecrow_scythe","1":"modelengine:entity/scarycrow","2":"modelengine:entity/crow","3":"modelengine:entity/scarycrowglow"},"elements":[{"name":"cube","from":[8.9,5.6,6.8],"to":[10.1,6.8,8.6],"rotation":{"angle":0.0,"axis":"x","origin":[16.400002,17.6,6.8]},"faces":{"down":{"uv":[11.75,1.25,11.25,2.0],"rotation":0,"texture":"#3","tintindex":0},"east":{"uv":[10.75,10.75,11.5,11.25],"rotation":0,"texture":"#3","tintindex":0},"north":{"uv":[6.0,8.0,6.5,8.5],"rotation":0,"texture":"#3","tintindex":0},"south":{"uv":[9.5,11.25,10.0,11.75],"rotation":0,"texture":"#3","tintindex":0},"up":{"uv":[11.75,1.25,11.25,0.5],"rotation":0,"texture":"#3","tintindex":0},"west":{"uv":[11.25,0.0,12.0,0.5],"rotation":0,"texture":"#3","tintindex":0}}},{"name":"cube","from":[8.9,3.7999997,6.8],"to":[10.1,5.6,9.2],"rotation":{"angle":0.0,"axis":"x","origin":[16.400002,15.8,6.8]},"faces":{"down":{"uv":[11.25,9.75,10.75,10.75],"rotation":0,"texture":"#3","tintindex":0},"east":{"uv":[10.5,8.25,11.5,9.0],"rotation":0,"texture":"#3","tintindex":0},"north":{"uv":[11.25,2.0,11.75,2.75],"rotation":0,"texture":"#3","tintindex":0},"south":{"uv":[11.25,3.5,11.75,4.25],"rotation":0,"texture":"#3","tintindex":0},"up":{"uv":[6.5,8.0,6.0,7.0],"rotation":0,"texture":"#3","tintindex":0},"west":{"uv":[10.5,9.0,11.5,9.75],"rotation":0,"texture":"#3","tintindex":0}}},{"name":"cube","from":[7.1,3.7999997,6.8],"to":[8.9,8.0,9.2],"rotation":{"angle":0.0,"axis":"x","origin":[16.400002,15.8,6.8]},"faces":{"down":{"uv":[3.0,10.75,2.25,11.75],"rotation":0,"texture":"#3","tintindex":0},"east":{"uv":[9.5,8.5,10.5,10.25],"rotation":0,"texture":"#3","tintindex":0},"north":{"uv":[8.0,10.25,8.75,12.0],"rotation":0,"texture":"#3","tintindex":0},"south":{"uv":[8.75,10.25,9.5,12.0],"rotation":0,"texture":"#3","tintindex":0},"up":{"uv":[2.25,11.75,1.5,10.75],"rotation":0,"texture":"#3","tintindex":0},"west":{"uv":[0.0,10.0,1.0,11.75],"rotation":0,"texture":"#3","tintindex":0}}},{"name":"cube","from":[6.5,6.8,6.2],"to":[9.5,9.2,9.8],"rotation":{"angle":0.0,"axis":"x","origin":[16.400002,15.8,6.8]},"faces":{"down":{"uv":[10.75,1.5,9.5,3.0],"rotation":0,"texture":"#3","tintindex":0},"east":{"uv":[10.0,5.75,11.5,6.75],"rotation":0,"texture":"#3","tintindex":0},"north":{"uv":[9.5,10.25,10.75,11.25],"rotation":0,"texture":"#3","tintindex":0},"south":{"uv":[4.75,10.5,6.0,11.5],"rotation":0,"texture":"#3","tintindex":0},"up":{"uv":[10.75,1.5,9.5,0.0],"rotation":0,"texture":"#3","tintindex":0},"west":{"uv":[10.0,6.75,11.5,7.75],"rotation":0,"texture":"#3","tintindex":0}}}],"display":{"head":{"translation":[0.0,-6.4,0.0],"rotation":[0.0,0.0,0.0],"scale":[3.8095,3.8095,3.8095]}}}