{"textures":{"0":"modelengine:entity/scarecrow_scythe","1":"modelengine:entity/scarycrow","2":"modelengine:entity/crow","3":"modelengine:entity/scarycrowglow"},"elements":[{"name":"cube","from":[5.72,1.2799993,6.0199995],"to":[8.12,9.68,9.62],"rotation":{"angle":0.0,"axis":"x","origin":[15.02,6.0799994,6.62]},"faces":{"down":{"uv":[8.0,10.25,7.0,11.75],"rotation":0,"texture":"#3","tintindex":0},"east":{"uv":[5.0,0.0,6.5,3.5],"rotation":0,"texture":"#3","tintindex":0},"north":{"uv":[5.0,7.0,6.0,10.5],"rotation":0,"texture":"#3","tintindex":0},"south":{"uv":[8.5,0.0,9.5,3.5],"rotation":0,"texture":"#3","tintindex":0},"up":{"uv":[7.0,11.75,6.0,10.25],"rotation":0,"texture":"#3","tintindex":0},"west":{"uv":[5.0,3.5,6.5,7.0],"rotation":0,"texture":"#3","tintindex":0}}}],"display":{"head":{"translation":[0.0,-6.4,0.0],"rotation":[0.0,0.0,0.0],"scale":[3.8095,3.8095,3.8095]}}}