{"textures":{"0":"modelengine:entity/tap"},"elements":[{"name":"cube","from":[3.1999998,9.8,3.1999998],"to":[12.8,22.400002,12.8],"rotation":{"angle":0.0,"axis":"x","origin":[8.0,6.8,8.0]},"faces":{"down":{"uv":[12.0,4.0,8.0,8.0],"rotation":0,"texture":"#0","tintindex":0},"east":{"uv":[4.0,0.0,8.0,5.25],"rotation":0,"texture":"#0","tintindex":0},"north":{"uv":[0.0,0.0,4.0,5.25],"rotation":0,"texture":"#0","tintindex":0},"south":{"uv":[0.0,5.25,4.0,10.5],"rotation":0,"texture":"#0","tintindex":0},"up":{"uv":[12.0,4.0,8.0,0.0],"rotation":0,"texture":"#0","tintindex":0},"west":{"uv":[4.0,5.25,8.0,10.5],"rotation":0,"texture":"#0","tintindex":0}}},{"name":"cube","from":[3.7999997,8.0,3.7999997],"to":[12.2,9.8,12.2],"rotation":{"angle":0.0,"axis":"x","origin":[8.0,3.7999997,8.0]},"faces":{"down":{"uv":[3.5,10.5,0.0,14.0],"rotation":0,"texture":"#0","tintindex":0},"east":{"uv":[11.5,8.75,15.0,9.5],"rotation":0,"texture":"#0","tintindex":0},"north":{"uv":[11.5,8.0,15.0,8.75],"rotation":0,"texture":"#0","tintindex":0},"south":{"uv":[11.5,9.5,15.0,10.25],"rotation":0,"texture":"#0","tintindex":0},"up":{"uv":[11.5,11.5,8.0,8.0],"rotation":0,"texture":"#0","tintindex":0},"west":{"uv":[11.5,10.25,15.0,11.0],"rotation":0,"texture":"#0","tintindex":0}}},{"name":"cube","from":[3.7999997,22.400002,3.7999997],"to":[12.2,24.2,12.2],"rotation":{"angle":0.0,"axis":"x","origin":[8.0,18.2,8.0]},"faces":{"down":{"uv":[10.5,11.5,7.0,15.0],"rotation":0,"texture":"#0","tintindex":0},"east":{"uv":[12.0,0.0,15.5,0.75],"rotation":0,"texture":"#0","tintindex":0},"north":{"uv":[10.5,11.5,14.0,12.25],"rotation":0,"texture":"#0","tintindex":0},"south":{"uv":[12.0,0.75,15.5,1.5],"rotation":0,"texture":"#0","tintindex":0},"up":{"uv":[7.0,14.0,3.5,10.5],"rotation":0,"texture":"#0","tintindex":0},"west":{"uv":[12.0,1.5,15.5,2.25],"rotation":0,"texture":"#0","tintindex":0}}},{"name":"cube","from":[6.5,9.8,2.6],"to":[9.5,12.8,3.1999998],"rotation":{"angle":0.0,"axis":"x","origin":[8.3,6.8,-1.6000004]},"faces":{"down":{"uv":[12.75,11.25,11.5,11.5],"rotation":0,"texture":"#0","tintindex":0},"east":{"uv":[10.5,12.25,10.75,13.5],"rotation":0,"texture":"#0","tintindex":0},"north":{"uv":[12.0,2.25,13.25,3.5],"rotation":0,"texture":"#0","tintindex":0},"south":{"uv":[12.0,3.5,13.25,4.75],"rotation":0,"texture":"#0","tintindex":0},"up":{"uv":[12.75,11.25,11.5,11.0],"rotation":0,"texture":"#0","tintindex":0},"west":{"uv":[10.75,12.25,11.0,13.5],"rotation":0,"texture":"#0","tintindex":0}}},{"name":"cube","from":[7.4,10.700001,0.7999997],"to":[8.6,11.900001,2.6],"rotation":{"angle":0.0,"axis":"x","origin":[8.0,11.3,1.6999998]},"faces":{"down":{"uv":[12.5,5.5,12.0,6.25],"rotation":0,"texture":"#0","tintindex":0},"east":{"uv":[7.0,10.5,7.75,11.0],"rotation":0,"texture":"#0","tintindex":0},"north":{"uv":[11.0,12.25,11.5,12.75],"rotation":0,"texture":"#0","tintindex":0},"south":{"uv":[11.5,12.25,12.0,12.75],"rotation":0,"texture":"#0","tintindex":0},"up":{"uv":[12.5,5.5,12.0,4.75],"rotation":0,"texture":"#0","tintindex":0},"west":{"uv":[7.0,11.0,7.75,11.5],"rotation":0,"texture":"#0","tintindex":0}}},{"name":"cube","from":[7.4,11.900001,0.19999981],"to":[8.6,13.7,0.7999997],"rotation":{"angle":-22.5,"axis":"x","origin":[8.0,13.1,0.49999976]},"faces":{"down":{"uv":[13.0,12.25,12.5,12.5],"rotation":0,"texture":"#0","tintindex":0},"east":{"uv":[7.75,10.5,8.0,11.25],"rotation":0,"texture":"#0","tintindex":0},"north":{"uv":[12.0,6.25,12.5,7.0],"rotation":0,"texture":"#0","tintindex":0},"south":{"uv":[12.0,7.0,12.5,7.75],"rotation":0,"texture":"#0","tintindex":0},"up":{"uv":[12.5,8.0,12.0,7.75],"rotation":0,"texture":"#0","tintindex":0},"west":{"uv":[12.5,7.25,12.75,8.0],"rotation":0,"texture":"#0","tintindex":0}}},{"name":"cube","from":[7.4,9.5,0.7999997],"to":[8.6,10.700001,1.9999998],"rotation":{"angle":0.0,"axis":"x","origin":[8.0,11.3,1.6999998]},"faces":{"down":{"uv":[13.0,6.75,12.5,7.25],"rotation":0,"texture":"#0","tintindex":0},"east":{"uv":[12.5,4.75,13.0,5.25],"rotation":0,"texture":"#0","tintindex":0},"north":{"uv":[12.0,12.25,12.5,12.75],"rotation":0,"texture":"#0","tintindex":0},"south":{"uv":[12.5,5.25,13.0,5.75],"rotation":0,"texture":"#0","tintindex":0},"up":{"uv":[13.0,6.75,12.5,6.25],"rotation":0,"texture":"#0","tintindex":0},"west":{"uv":[12.5,5.75,13.0,6.25],"rotation":0,"texture":"#0","tintindex":0}}}],"display":{"head":{"translation":[0.0,-6.4,0.0],"rotation":[0.0,0.0,0.0],"scale":[3.8095,3.8095,3.8095]}}}