{"textures":{"0":"modelengine:entity/fan"},"elements":[{"name":"cube","from":[-1.0000005,-10.300001,6.8],"to":[17.0,-9.700001,7.4],"rotation":{"angle":0.0,"axis":"x","origin":[8.0,-0.7000003,7.1]},"faces":{"down":{"uv":[8.25,4.75,12.0,4.625],"rotation":0,"texture":"#0","tintindex":0},"east":{"uv":[2.625,8.75,2.5,8.875],"rotation":90,"texture":"#0","tintindex":0},"north":{"uv":[12.0,4.75,8.25,4.875],"rotation":180,"texture":"#0","tintindex":0},"south":{"uv":[12.0,5.0,8.25,4.875],"rotation":0,"texture":"#0","tintindex":0},"up":{"uv":[8.25,4.625,12.0,4.5],"rotation":180,"texture":"#0","tintindex":0},"west":{"uv":[2.75,8.75,2.625,8.875],"rotation":270,"texture":"#0","tintindex":0}}},{"name":"cube","from":[-1.6000004,-10.300001,8.6],"to":[17.6,8.9,9.2],"rotation":{"angle":0.0,"axis":"x","origin":[-1.6000004,8.9,9.2]},"faces":{"down":{"uv":[7.75,6.875,11.75,6.75],"rotation":0,"texture":"#0","tintindex":0},"east":{"uv":[11.75,6.625,7.75,6.75],"rotation":90,"texture":"#0","tintindex":0},"north":{"uv":[4.0,0.0,0.0,4.0],"rotation":180,"texture":"#0","tintindex":0},"south":{"uv":[4.0,8.0,0.0,4.0],"rotation":0,"texture":"#0","tintindex":0},"up":{"uv":[7.75,6.625,11.75,6.5],"rotation":180,"texture":"#0","tintindex":0},"west":{"uv":[11.75,6.875,7.75,7.0],"rotation":270,"texture":"#0","tintindex":0}}},{"name":"cube","from":[6.5,-2.2000003,7.1],"to":[9.5,0.7999997,8.9],"rotation":{"angle":0.0,"axis":"x","origin":[6.5,0.7999997,9.2]},"faces":{"down":{"uv":[8.375,3.0,9.0,2.625],"rotation":0,"texture":"#0","tintindex":0},"east":{"uv":[2.875,8.375,2.25,8.75],"rotation":90,"texture":"#0","tintindex":0},"north":{"uv":[8.875,5.5,8.25,6.125],"rotation":180,"texture":"#0","tintindex":0},"south":{"uv":[8.75,8.875,8.125,8.25],"rotation":0,"texture":"#0","tintindex":0},"up":{"uv":[8.25,6.5,8.875,6.125],"rotation":180,"texture":"#0","tintindex":0},"west":{"uv":[3.5,8.375,2.875,8.75],"rotation":270,"texture":"#0","tintindex":0}}},{"name":"cube","from":[-1.6000004,8.3,8.0],"to":[17.6,8.9,8.6],"rotation":{"angle":0.0,"axis":"x","origin":[-1.6000004,8.9,9.2]},"faces":{"down":{"uv":[7.75,7.25,11.75,7.125],"rotation":0,"texture":"#0","tintindex":0},"east":{"uv":[6.0,8.625,5.875,8.75],"rotation":90,"texture":"#0","tintindex":0},"north":{"uv":[11.75,7.25,7.75,7.375],"rotation":180,"texture":"#0","tintindex":0},"south":{"uv":[11.75,7.5,7.75,7.375],"rotation":0,"texture":"#0","tintindex":0},"up":{"uv":[7.75,7.125,11.75,7.0],"rotation":180,"texture":"#0","tintindex":0},"west":{"uv":[6.125,8.625,6.0,8.75],"rotation":270,"texture":"#0","tintindex":0}}},{"name":"cube","from":[-1.6000004,-10.300001,8.0],"to":[17.6,-9.700001,8.6],"rotation":{"angle":0.0,"axis":"x","origin":[-1.6000004,8.9,9.2]},"faces":{"down":{"uv":[4.0,8.125,8.0,8.0],"rotation":0,"texture":"#0","tintindex":0},"east":{"uv":[6.25,8.625,6.125,8.75],"rotation":90,"texture":"#0","tintindex":0},"north":{"uv":[12.0,8.0,8.0,8.125],"rotation":180,"texture":"#0","tintindex":0},"south":{"uv":[4.0,8.25,0.0,8.125],"rotation":0,"texture":"#0","tintindex":0},"up":{"uv":[0.0,8.125,4.0,8.0],"rotation":180,"texture":"#0","tintindex":0},"west":{"uv":[6.375,8.625,6.25,8.75],"rotation":270,"texture":"#0","tintindex":0}}},{"name":"cube","from":[-1.6000004,-10.300001,6.8],"to":[-1.0000005,-9.700001,8.0],"rotation":{"angle":0.0,"axis":"x","origin":[-1.6000004,8.9,9.2]},"faces":{"down":{"uv":[4.125,8.875,4.25,8.625],"rotation":0,"texture":"#0","tintindex":0},"east":{"uv":[7.875,8.375,7.75,8.625],"rotation":90,"texture":"#0","tintindex":0},"north":{"uv":[6.75,8.625,6.625,8.75],"rotation":180,"texture":"#0","tintindex":0},"south":{"uv":[6.875,8.75,6.75,8.625],"rotation":0,"texture":"#0","tintindex":0},"up":{"uv":[7.625,8.625,7.75,8.375],"rotation":180,"texture":"#0","tintindex":0},"west":{"uv":[4.375,8.625,4.25,8.875],"rotation":270,"texture":"#0","tintindex":0}}},{"name":"cube","from":[17.0,-10.300001,6.8],"to":[17.6,-9.700001,8.0],"rotation":{"angle":0.0,"axis":"x","origin":[17.6,8.9,9.2]},"faces":{"down":{"uv":[4.625,8.875,4.75,8.625],"rotation":0,"texture":"#0","tintindex":0},"east":{"uv":[4.625,8.625,4.5,8.875],"rotation":90,"texture":"#0","tintindex":0},"north":{"uv":[7.0,8.625,6.875,8.75],"rotation":180,"texture":"#0","tintindex":0},"south":{"uv":[7.125,8.75,7.0,8.625],"rotation":0,"texture":"#0","tintindex":0},"up":{"uv":[4.375,8.875,4.5,8.625],"rotation":180,"texture":"#0","tintindex":0},"west":{"uv":[4.875,8.625,4.75,8.875],"rotation":270,"texture":"#0","tintindex":0}}},{"name":"cube","from":[17.0,8.3,6.8],"to":[17.6,8.9,8.0],"rotation":{"angle":0.0,"axis":"x","origin":[17.6,-10.300001,9.2]},"faces":{"down":{"uv":[5.625,8.875,5.75,8.625],"rotation":0,"texture":"#0","tintindex":0},"east":{"uv":[5.625,8.625,5.5,8.875],"rotation":90,"texture":"#0","tintindex":0},"north":{"uv":[7.5,8.625,7.375,8.75],"rotation":180,"texture":"#0","tintindex":0},"south":{"uv":[7.625,8.75,7.5,8.625],"rotation":0,"texture":"#0","tintindex":0},"up":{"uv":[5.375,8.875,5.5,8.625],"rotation":180,"texture":"#0","tintindex":0},"west":{"uv":[5.875,8.625,5.75,8.875],"rotation":270,"texture":"#0","tintindex":0}}},{"name":"cube","from":[-1.6000004,8.3,6.8],"to":[-1.0000005,8.9,8.0],"rotation":{"angle":0.0,"axis":"x","origin":[-1.6000004,-10.300001,9.2]},"faces":{"down":{"uv":[5.125,8.875,5.25,8.625],"rotation":0,"texture":"#0","tintindex":0},"east":{"uv":[5.125,8.625,5.0,8.875],"rotation":90,"texture":"#0","tintindex":0},"north":{"uv":[7.25,8.625,7.125,8.75],"rotation":180,"texture":"#0","tintindex":0},"south":{"uv":[7.375,8.75,7.25,8.625],"rotation":0,"texture":"#0","tintindex":0},"up":{"uv":[4.875,8.875,5.0,8.625],"rotation":180,"texture":"#0","tintindex":0},"west":{"uv":[5.375,8.625,5.25,8.875],"rotation":270,"texture":"#0","tintindex":0}}},{"name":"cube","from":[-2.8000002,7.7,8.9],"to":[-0.40000033,10.1,9.5],"rotation":{"angle":0.0,"axis":"x","origin":[-1.6000004,-10.300001,9.2]},"faces":{"down":{"uv":[7.125,8.5,7.625,8.375],"rotation":0,"texture":"#0","tintindex":0},"east":{"uv":[7.125,8.375,6.625,8.5],"rotation":90,"texture":"#0","tintindex":0},"north":{"uv":[0.75,8.375,0.25,8.875],"rotation":180,"texture":"#0","tintindex":0},"south":{"uv":[8.875,1.125,8.375,0.625],"rotation":0,"texture":"#0","tintindex":0},"up":{"uv":[6.125,8.5,6.625,8.375],"rotation":180,"texture":"#0","tintindex":0},"west":{"uv":[4.0,8.5,3.5,8.625],"rotation":270,"texture":"#0","tintindex":0}}},{"name":"cube","from":[16.400002,7.7,8.9],"to":[18.8,10.1,9.5],"rotation":{"angle":0.0,"axis":"x","origin":[17.6,-10.300001,9.2]},"faces":{"down":{"uv":[5.125,8.625,5.625,8.5],"rotation":0,"texture":"#0","tintindex":0},"east":{"uv":[5.125,8.5,4.625,8.625],"rotation":90,"texture":"#0","tintindex":0},"north":{"uv":[1.25,8.375,0.75,8.875],"rotation":180,"texture":"#0","tintindex":0},"south":{"uv":[8.875,1.625,8.375,1.125],"rotation":0,"texture":"#0","tintindex":0},"up":{"uv":[4.125,8.625,4.625,8.5],"rotation":180,"texture":"#0","tintindex":0},"west":{"uv":[6.125,8.5,5.625,8.625],"rotation":270,"texture":"#0","tintindex":0}}},{"name":"cube","from":[16.400002,-11.500001,8.9],"to":[18.8,-9.1,9.5],"rotation":{"angle":0.0,"axis":"x","origin":[17.6,8.9,9.2]},"faces":{"down":{"uv":[8.5,8.0,9.0,7.875],"rotation":0,"texture":"#0","tintindex":0},"east":{"uv":[9.0,7.75,8.5,7.875],"rotation":90,"texture":"#0","tintindex":0},"north":{"uv":[2.25,8.375,1.75,8.875],"rotation":180,"texture":"#0","tintindex":0},"south":{"uv":[8.875,2.625,8.375,2.125],"rotation":0,"texture":"#0","tintindex":0},"up":{"uv":[8.5,7.75,9.0,7.625],"rotation":180,"texture":"#0","tintindex":0},"west":{"uv":[4.0,8.625,3.5,8.75],"rotation":270,"texture":"#0","tintindex":0}}},{"name":"cube","from":[-2.8000002,-11.500001,8.9],"to":[-0.40000033,-9.1,9.5],"rotation":{"angle":0.0,"axis":"x","origin":[-1.6000004,8.9,9.2]},"faces":{"down":{"uv":[7.125,8.625,7.625,8.5],"rotation":0,"texture":"#0","tintindex":0},"east":{"uv":[7.125,8.5,6.625,8.625],"rotation":90,"texture":"#0","tintindex":0},"north":{"uv":[1.75,8.375,1.25,8.875],"rotation":180,"texture":"#0","tintindex":0},"south":{"uv":[8.875,2.125,8.375,1.625],"rotation":0,"texture":"#0","tintindex":0},"up":{"uv":[6.125,8.625,6.625,8.5],"rotation":180,"texture":"#0","tintindex":0},"west":{"uv":[9.0,7.5,8.5,7.625],"rotation":270,"texture":"#0","tintindex":0}}},{"name":"cube","from":[-1.6000004,-9.700001,8.0],"to":[-1.0000005,8.3,8.6],"rotation":{"angle":0.0,"axis":"x","origin":[-1.6000004,8.9,9.2]},"faces":{"down":{"uv":[6.5,8.75,6.625,8.625],"rotation":0,"texture":"#0","tintindex":0},"east":{"uv":[7.75,8.125,4.0,8.25],"rotation":90,"texture":"#0","tintindex":0},"north":{"uv":[0.125,8.25,0.0,12.0],"rotation":180,"texture":"#0","tintindex":0},"south":{"uv":[0.25,12.0,0.125,8.25],"rotation":0,"texture":"#0","tintindex":0},"up":{"uv":[6.375,8.75,6.5,8.625],"rotation":180,"texture":"#0","tintindex":0},"west":{"uv":[11.5,8.125,7.75,8.25],"rotation":270,"texture":"#0","tintindex":0}}},{"name":"cube","from":[17.0,-9.700001,6.8],"to":[17.6,8.3,7.4],"rotation":{"angle":0.0,"axis":"x","origin":[17.6,8.9,9.2]},"faces":{"down":{"uv":[7.75,8.75,7.875,8.625],"rotation":0,"texture":"#0","tintindex":0},"east":{"uv":[4.0,8.25,0.25,8.375],"rotation":90,"texture":"#0","tintindex":0},"north":{"uv":[8.375,0.625,8.25,4.375],"rotation":180,"texture":"#0","tintindex":0},"south":{"uv":[4.125,12.0,4.0,8.25],"rotation":0,"texture":"#0","tintindex":0},"up":{"uv":[7.625,8.75,7.75,8.625],"rotation":180,"texture":"#0","tintindex":0},"west":{"uv":[12.0,0.5,8.25,0.625],"rotation":270,"texture":"#0","tintindex":0}}},{"name":"cube","from":[-1.6000004,-9.700001,6.8],"to":[-1.0000005,8.3,7.4],"rotation":{"angle":0.0,"axis":"x","origin":[-1.6000004,8.9,9.2]},"faces":{"down":{"uv":[2.375,8.875,2.5,8.75],"rotation":0,"texture":"#0","tintindex":0},"east":{"uv":[7.875,8.25,4.125,8.375],"rotation":90,"texture":"#0","tintindex":0},"north":{"uv":[8.0,8.25,7.875,12.0],"rotation":180,"texture":"#0","tintindex":0},"south":{"uv":[8.125,12.0,8.0,8.25],"rotation":0,"texture":"#0","tintindex":0},"up":{"uv":[2.25,8.875,2.375,8.75],"rotation":180,"texture":"#0","tintindex":0},"west":{"uv":[12.0,4.375,8.25,4.5],"rotation":270,"texture":"#0","tintindex":0}}},{"name":"cube","from":[-1.0000005,8.3,6.8],"to":[17.0,8.9,7.4],"rotation":{"angle":0.0,"axis":"x","origin":[8.0,-0.7000003,7.1]},"faces":{"down":{"uv":[8.25,5.25,12.0,5.125],"rotation":0,"texture":"#0","tintindex":0},"east":{"uv":[2.875,8.75,2.75,8.875],"rotation":90,"texture":"#0","tintindex":0},"north":{"uv":[12.0,5.25,8.25,5.375],"rotation":180,"texture":"#0","tintindex":0},"south":{"uv":[12.0,5.5,8.25,5.375],"rotation":0,"texture":"#0","tintindex":0},"up":{"uv":[8.25,5.125,12.0,5.0],"rotation":180,"texture":"#0","tintindex":0},"west":{"uv":[3.0,8.75,2.875,8.875],"rotation":270,"texture":"#0","tintindex":0}}},{"name":"cube","from":[-1.0000005,-9.700001,6.8],"to":[17.0,8.3,6.8],"rotation":{"angle":0.0,"axis":"x","origin":[8.0,-0.7000003,7.1]},"faces":{"down":{"uv":[0.0,0.0,3.75,0.0],"rotation":0,"texture":"#0","tintindex":0},"east":{"uv":[3.75,0.0,0.0,0.0],"rotation":90,"texture":"#0","tintindex":0},"north":{"uv":[7.75,0.0,4.0,3.75],"rotation":180,"texture":"#0","tintindex":0},"south":{"uv":[7.75,7.5,4.0,3.75],"rotation":0,"texture":"#0","tintindex":0},"up":{"uv":[0.0,0.0,3.75,0.0],"rotation":180,"texture":"#0","tintindex":0},"west":{"uv":[3.75,0.0,0.0,0.0],"rotation":270,"texture":"#0","tintindex":0}}}],"display":{"head":{"translation":[0.0,-6.4,0.0],"rotation":[0.0,0.0,0.0],"scale":[3.8095,3.8095,3.8095]}}}