{"textures":{"0":"modelengine:entity/rpg3_button"},"elements":[{"name":"cube","from":[5.6,9.051685,11.211785],"to":[6.2,10.8516865,14.211785],"rotation":{"angle":22.5,"axis":"x","origin":[8.0,8.0,8.0]},"faces":{"down":{"uv":[3.5,9.75,3.25,11.0],"rotation":0,"texture":"#0","tintindex":0},"east":{"uv":[1.25,8.75,2.5,9.5],"rotation":0,"texture":"#0","tintindex":0},"north":{"uv":[6.5,10.25,6.75,11.0],"rotation":0,"texture":"#0","tintindex":0},"south":{"uv":[10.25,6.5,10.5,7.25],"rotation":0,"texture":"#0","tintindex":0},"up":{"uv":[3.25,11.0,3.0,9.75],"rotation":0,"texture":"#0","tintindex":0},"west":{"uv":[2.5,8.75,3.75,9.5],"rotation":0,"texture":"#0","tintindex":0}}},{"name":"cube","from":[3.1999998,7.1,3.1999998],"to":[12.8,7.7,12.8],"rotation":{"angle":0.0,"axis":"x","origin":[3.1999998,7.1,3.1999998]},"faces":{"down":{"uv":[4.0,4.0,0.0,8.0],"rotation":0,"texture":"#0","tintindex":0},"east":{"uv":[5.5,7.5,9.5,7.75],"rotation":0,"texture":"#0","tintindex":0},"north":{"uv":[5.5,7.25,9.5,7.5],"rotation":0,"texture":"#0","tintindex":0},"south":{"uv":[7.75,4.25,11.75,4.5],"rotation":0,"texture":"#0","tintindex":0},"up":{"uv":[4.0,4.0,0.0,0.0],"rotation":0,"texture":"#0","tintindex":0},"west":{"uv":[7.75,4.5,11.75,4.75],"rotation":0,"texture":"#0","tintindex":0}}},{"name":"cube","from":[3.1999998,7.7,3.1999998],"to":[12.8,8.3,3.7999997],"rotation":{"angle":0.0,"axis":"x","origin":[3.1999998,7.1,3.1999998]},"faces":{"down":{"uv":[9.5,7.75,5.5,8.0],"rotation":0,"texture":"#0","tintindex":0},"east":{"uv":[8.25,10.25,8.5,10.5],"rotation":0,"texture":"#0","tintindex":0},"north":{"uv":[7.75,4.75,11.75,5.0],"rotation":0,"texture":"#0","tintindex":0},"south":{"uv":[7.75,5.0,11.75,5.25],"rotation":0,"texture":"#0","tintindex":0},"up":{"uv":[11.75,5.5,7.75,5.25],"rotation":0,"texture":"#0","tintindex":0},"west":{"uv":[10.5,0.5,10.75,0.75],"rotation":0,"texture":"#0","tintindex":0}}},{"name":"cube","from":[4.3999996,7.1,1.9999998],"to":[11.6,7.7,3.1999998],"rotation":{"angle":0.0,"axis":"x","origin":[4.3999996,7.1,3.1999998]},"faces":{"down":{"uv":[10.25,2.75,7.25,3.25],"rotation":0,"texture":"#0","tintindex":0},"east":{"uv":[10.25,3.75,10.75,4.0],"rotation":0,"texture":"#0","tintindex":0},"north":{"uv":[9.5,7.75,12.5,8.0],"rotation":0,"texture":"#0","tintindex":0},"south":{"uv":[9.5,9.5,12.5,9.75],"rotation":0,"texture":"#0","tintindex":0},"up":{"uv":[10.25,2.75,7.25,2.25],"rotation":0,"texture":"#0","tintindex":0},"west":{"uv":[10.25,4.0,10.75,4.25],"rotation":0,"texture":"#0","tintindex":0}}},{"name":"cube","from":[4.3999996,7.1,12.8],"to":[11.6,7.7,14.0],"rotation":{"angle":0.0,"axis":"x","origin":[4.3999996,7.1,12.8]},"faces":{"down":{"uv":[10.25,3.75,7.25,4.25],"rotation":0,"texture":"#0","tintindex":0},"east":{"uv":[9.5,10.25,10.0,10.5],"rotation":0,"texture":"#0","tintindex":0},"north":{"uv":[0.0,9.75,3.0,10.0],"rotation":0,"texture":"#0","tintindex":0},"south":{"uv":[5.5,9.75,8.5,10.0],"rotation":0,"texture":"#0","tintindex":0},"up":{"uv":[10.25,3.75,7.25,3.25],"rotation":0,"texture":"#0","tintindex":0},"west":{"uv":[10.0,10.25,10.5,10.5],"rotation":0,"texture":"#0","tintindex":0}}},{"name":"cube","from":[1.9999998,7.1,4.3999996],"to":[3.1999998,7.7,11.6],"rotation":{"angle":0.0,"axis":"x","origin":[8.0,7.4,8.0]},"faces":{"down":{"uv":[5.5,7.25,5.0,10.25],"rotation":0,"texture":"#0","tintindex":0},"east":{"uv":[5.5,10.0,8.5,10.25],"rotation":0,"texture":"#0","tintindex":0},"north":{"uv":[10.5,0.25,11.0,0.5],"rotation":0,"texture":"#0","tintindex":0},"south":{"uv":[0.5,10.5,1.0,10.75],"rotation":0,"texture":"#0","tintindex":0},"up":{"uv":[5.0,10.25,4.5,7.25],"rotation":0,"texture":"#0","tintindex":0},"west":{"uv":[9.5,10.0,12.5,10.25],"rotation":0,"texture":"#0","tintindex":0}}},{"name":"cube","from":[12.8,7.1,4.3999996],"to":[14.0,7.7,11.6],"rotation":{"angle":0.0,"axis":"x","origin":[8.0,7.4,8.0]},"faces":{"down":{"uv":[7.75,4.25,7.25,7.25],"rotation":0,"texture":"#0","tintindex":0},"east":{"uv":[9.5,9.75,12.5,10.0],"rotation":0,"texture":"#0","tintindex":0},"north":{"uv":[0.0,10.5,0.5,10.75],"rotation":0,"texture":"#0","tintindex":0},"south":{"uv":[10.5,0.0,11.0,0.25],"rotation":0,"texture":"#0","tintindex":0},"up":{"uv":[4.5,10.25,4.0,7.25],"rotation":0,"texture":"#0","tintindex":0},"west":{"uv":[0.0,10.0,3.0,10.25],"rotation":0,"texture":"#0","tintindex":0}}},{"name":"cube","from":[3.1999998,7.7,12.2],"to":[12.8,8.3,12.8],"rotation":{"angle":0.0,"axis":"x","origin":[3.1999998,7.1,3.1999998]},"faces":{"down":{"uv":[11.75,6.25,7.75,6.5],"rotation":0,"texture":"#0","tintindex":0},"east":{"uv":[10.5,0.75,10.75,1.0],"rotation":0,"texture":"#0","tintindex":0},"north":{"uv":[7.75,5.5,11.75,5.75],"rotation":0,"texture":"#0","tintindex":0},"south":{"uv":[7.75,5.75,11.75,6.0],"rotation":0,"texture":"#0","tintindex":0},"up":{"uv":[11.75,6.25,7.75,6.0],"rotation":0,"texture":"#0","tintindex":0},"west":{"uv":[1.0,10.5,1.25,10.75],"rotation":0,"texture":"#0","tintindex":0}}},{"name":"cube","from":[3.1999998,7.7,3.7999997],"to":[3.7999997,8.3,12.2],"rotation":{"angle":0.0,"axis":"x","origin":[3.1999998,7.1,3.1999998]},"faces":{"down":{"uv":[3.75,9.5,3.5,13.0],"rotation":0,"texture":"#0","tintindex":0},"east":{"uv":[0.0,9.5,3.5,9.75],"rotation":0,"texture":"#0","tintindex":0},"north":{"uv":[10.5,1.0,10.75,1.25],"rotation":0,"texture":"#0","tintindex":0},"south":{"uv":[1.25,10.5,1.5,10.75],"rotation":0,"texture":"#0","tintindex":0},"up":{"uv":[4.0,11.5,3.75,8.0],"rotation":0,"texture":"#0","tintindex":0},"west":{"uv":[5.5,9.5,9.0,9.75],"rotation":0,"texture":"#0","tintindex":0}}},{"name":"cube","from":[12.2,7.7,3.7999997],"to":[12.8,8.3,12.2],"rotation":{"angle":0.0,"axis":"x","origin":[3.1999998,7.1,3.1999998]},"faces":{"down":{"uv":[9.5,9.5,9.25,13.0],"rotation":0,"texture":"#0","tintindex":0},"east":{"uv":[9.5,7.25,13.0,7.5],"rotation":0,"texture":"#0","tintindex":0},"north":{"uv":[10.5,1.25,10.75,1.5],"rotation":0,"texture":"#0","tintindex":0},"south":{"uv":[1.5,10.5,1.75,10.75],"rotation":0,"texture":"#0","tintindex":0},"up":{"uv":[9.25,13.0,9.0,9.5],"rotation":0,"texture":"#0","tintindex":0},"west":{"uv":[9.5,7.5,13.0,7.75],"rotation":0,"texture":"#0","tintindex":0}}},{"name":"cube","from":[11.6,7.1,9.8],"to":[14.6,8.9,10.4],"rotation":{"angle":-22.5,"axis":"z","origin":[13.1,8.0,10.1]},"faces":{"down":{"uv":[2.5,10.25,1.25,10.5],"rotation":0,"texture":"#0","tintindex":0},"east":{"uv":[4.5,10.25,4.75,11.0],"rotation":0,"texture":"#0","tintindex":0},"north":{"uv":[7.75,6.5,9.0,7.25],"rotation":0,"texture":"#0","tintindex":0},"south":{"uv":[0.0,8.0,1.25,8.75],"rotation":0,"texture":"#0","tintindex":0},"up":{"uv":[1.25,10.5,0.0,10.25],"rotation":0,"texture":"#0","tintindex":0},"west":{"uv":[4.75,10.25,5.0,11.0],"rotation":0,"texture":"#0","tintindex":0}}},{"name":"cube","from":[11.6,7.1,5.6],"to":[14.6,8.9,6.2],"rotation":{"angle":-22.5,"axis":"z","origin":[13.1,8.0,5.8999996]},"faces":{"down":{"uv":[11.5,2.5,10.25,2.75],"rotation":0,"texture":"#0","tintindex":0},"east":{"uv":[5.0,10.25,5.25,11.0],"rotation":0,"texture":"#0","tintindex":0},"north":{"uv":[1.25,8.0,2.5,8.75],"rotation":0,"texture":"#0","tintindex":0},"south":{"uv":[2.5,8.0,3.75,8.75],"rotation":0,"texture":"#0","tintindex":0},"up":{"uv":[11.5,2.5,10.25,2.25],"rotation":0,"texture":"#0","tintindex":0},"west":{"uv":[5.25,10.25,5.5,11.0],"rotation":0,"texture":"#0","tintindex":0}}},{"name":"cube","from":[1.3999997,7.1,5.6],"to":[4.3999996,8.9,6.2],"rotation":{"angle":22.5,"axis":"z","origin":[2.8999999,8.0,5.8999996]},"faces":{"down":{"uv":[11.5,3.5,10.25,3.75],"rotation":0,"texture":"#0","tintindex":0},"east":{"uv":[6.0,10.25,6.25,11.0],"rotation":0,"texture":"#0","tintindex":0},"north":{"uv":[8.0,8.0,9.25,8.75],"rotation":0,"texture":"#0","tintindex":0},"south":{"uv":[0.0,8.75,1.25,9.5],"rotation":0,"texture":"#0","tintindex":0},"up":{"uv":[11.5,3.5,10.25,3.25],"rotation":0,"texture":"#0","tintindex":0},"west":{"uv":[6.25,10.25,6.5,11.0],"rotation":0,"texture":"#0","tintindex":0}}},{"name":"cube","from":[1.3999997,7.1,9.8],"to":[4.3999996,8.9,10.4],"rotation":{"angle":22.5,"axis":"z","origin":[2.8999999,8.0,10.1]},"faces":{"down":{"uv":[11.5,3.0,10.25,3.25],"rotation":0,"texture":"#0","tintindex":0},"east":{"uv":[5.5,10.25,5.75,11.0],"rotation":0,"texture":"#0","tintindex":0},"north":{"uv":[5.5,8.0,6.75,8.75],"rotation":0,"texture":"#0","tintindex":0},"south":{"uv":[6.75,8.0,8.0,8.75],"rotation":0,"texture":"#0","tintindex":0},"up":{"uv":[11.5,3.0,10.25,2.75],"rotation":0,"texture":"#0","tintindex":0},"west":{"uv":[5.75,10.25,6.0,11.0],"rotation":0,"texture":"#0","tintindex":0}}},{"name":"cube","from":[9.8,9.051685,1.7882142],"to":[10.4,10.8516865,4.788214],"rotation":{"angle":-22.5,"axis":"x","origin":[8.0,8.0,8.0]},"faces":{"down":{"uv":[4.5,10.25,4.25,11.5],"rotation":0,"texture":"#0","tintindex":0},"east":{"uv":[9.25,8.0,10.5,8.75],"rotation":0,"texture":"#0","tintindex":0},"north":{"uv":[7.75,10.25,8.0,11.0],"rotation":0,"texture":"#0","tintindex":0},"south":{"uv":[8.0,10.25,8.25,11.0],"rotation":0,"texture":"#0","tintindex":0},"up":{"uv":[4.25,11.5,4.0,10.25],"rotation":0,"texture":"#0","tintindex":0},"west":{"uv":[9.25,8.75,10.5,9.5],"rotation":0,"texture":"#0","tintindex":0}}},{"name":"cube","from":[5.6,9.051685,1.7882142],"to":[6.2,10.8516865,4.788214],"rotation":{"angle":-22.5,"axis":"x","origin":[8.0,8.0,8.0]},"faces":{"down":{"uv":[3.0,10.25,2.75,11.5],"rotation":0,"texture":"#0","tintindex":0},"east":{"uv":[8.0,8.75,9.25,9.5],"rotation":0,"texture":"#0","tintindex":0},"north":{"uv":[7.25,10.25,7.5,11.0],"rotation":0,"texture":"#0","tintindex":0},"south":{"uv":[7.5,10.25,7.75,11.0],"rotation":0,"texture":"#0","tintindex":0},"up":{"uv":[2.75,11.5,2.5,10.25],"rotation":0,"texture":"#0","tintindex":0},"west":{"uv":[9.0,6.5,10.25,7.25],"rotation":0,"texture":"#0","tintindex":0}}},{"name":"cube","from":[9.8,9.051685,11.211785],"to":[10.4,10.8516865,14.211785],"rotation":{"angle":22.5,"axis":"x","origin":[8.0,8.0,8.0]},"faces":{"down":{"uv":[9.0,9.75,8.75,11.0],"rotation":0,"texture":"#0","tintindex":0},"east":{"uv":[5.5,8.75,6.75,9.5],"rotation":0,"texture":"#0","tintindex":0},"north":{"uv":[6.75,10.25,7.0,11.0],"rotation":0,"texture":"#0","tintindex":0},"south":{"uv":[7.0,10.25,7.25,11.0],"rotation":0,"texture":"#0","tintindex":0},"up":{"uv":[8.75,11.0,8.5,9.75],"rotation":0,"texture":"#0","tintindex":0},"west":{"uv":[6.75,8.75,8.0,9.5],"rotation":0,"texture":"#0","tintindex":0}}}],"display":{"head":{"translation":[0.0,-6.4,0.0],"rotation":[0.0,0.0,0.0],"scale":[3.8095,3.8095,3.8095]}}}