{"textures":{"0":"modelengine:entity/rpg3_button"},"elements":[{"name":"cube","from":[4.1,7.1,4.1],"to":[11.900001,8.9,11.900001],"rotation":{"angle":0.0,"axis":"x","origin":[3.4999998,6.5,3.4999998]},"faces":{"down":{"uv":[7.25,3.25,4.0,6.5],"rotation":0,"texture":"#0","tintindex":0},"east":{"uv":[7.25,0.0,10.5,0.75],"rotation":0,"texture":"#0","tintindex":0},"north":{"uv":[4.0,6.5,7.25,7.25],"rotation":0,"texture":"#0","tintindex":0},"south":{"uv":[7.25,0.75,10.5,1.5],"rotation":0,"texture":"#0","tintindex":0},"up":{"uv":[7.25,3.25,4.0,0.0],"rotation":0,"texture":"#0","tintindex":0},"west":{"uv":[7.25,1.5,10.5,2.25],"rotation":0,"texture":"#0","tintindex":0}}}],"display":{"head":{"translation":[0.0,-6.4,0.0],"rotation":[0.0,0.0,0.0],"scale":[3.8095,3.8095,3.8095]}}}