{"textures":{"0":"modelengine:entity/guardpurple"},"elements":[{"name":"cube","from":[6.8,5.6,6.8],"to":[8.6,9.2,9.2],"rotation":{"angle":0.0,"axis":"x","origin":[7.7,7.4,8.0]},"faces":{"down":{"uv":[10.5,9.0,11.25,10.0],"rotation":0,"texture":"#0","tintindex":0},"east":{"uv":[1.0,8.5,0.0,10.0],"rotation":0,"texture":"#0","tintindex":0},"north":{"uv":[7.5,9.5,6.75,11.0],"rotation":0,"texture":"#0","tintindex":0},"south":{"uv":[10.5,5.0,9.75,6.5],"rotation":0,"texture":"#0","tintindex":0},"up":{"uv":[10.5,9.0,11.25,8.0],"rotation":0,"texture":"#0","tintindex":0},"west":{"uv":[7.5,8.0,6.5,9.5],"rotation":0,"texture":"#0","tintindex":0}}}],"display":{"head":{"translation":[0.0,-6.4,0.0],"rotation":[0.0,0.0,0.0],"scale":[3.8095,3.8095,3.8095]}}}