{"textures":{"0":"modelengine:entity/guardpurple"},"elements":[{"name":"cube","from":[7.4,5.6,6.8],"to":[9.2,9.2,9.2],"rotation":{"angle":0.0,"axis":"x","origin":[8.3,7.4,8.0]},"faces":{"down":{"uv":[11.25,9.0,10.5,10.0],"rotation":0,"texture":"#0","tintindex":0},"east":{"uv":[6.5,8.0,7.5,9.5],"rotation":0,"texture":"#0","tintindex":0},"north":{"uv":[6.75,9.5,7.5,11.0],"rotation":0,"texture":"#0","tintindex":0},"south":{"uv":[9.75,5.0,10.5,6.5],"rotation":0,"texture":"#0","tintindex":0},"up":{"uv":[11.25,9.0,10.5,8.0],"rotation":0,"texture":"#0","tintindex":0},"west":{"uv":[0.0,8.5,1.0,10.0],"rotation":0,"texture":"#0","tintindex":0}}}],"display":{"head":{"translation":[0.0,-6.4,0.0],"rotation":[0.0,0.0,0.0],"scale":[3.8095,3.8095,3.8095]}}}