{"textures":{"0":"modelengine:entity/guardpurple"},"elements":[{"name":"cube","from":[7.1,7.4,6.5],"to":[10.1,9.2,9.5],"rotation":{"angle":0.0,"axis":"x","origin":[8.75,7.4,8.0]},"faces":{"down":{"uv":[7.75,6.0,9.0,7.25],"rotation":0,"texture":"#0","tintindex":0},"east":{"uv":[11.75,0.0,10.5,0.75],"rotation":0,"texture":"#0","tintindex":0},"north":{"uv":[11.25,6.5,10.0,7.25],"rotation":0,"texture":"#0","tintindex":0},"south":{"uv":[8.75,10.0,7.5,10.75],"rotation":0,"texture":"#0","tintindex":0},"up":{"uv":[4.0,9.0,5.25,7.75],"rotation":0,"texture":"#0","tintindex":0},"west":{"uv":[11.25,7.25,10.0,8.0],"rotation":0,"texture":"#0","tintindex":0}}},{"name":"cube","from":[8.0,5.6,6.8],"to":[9.8,7.4,9.2],"rotation":{"angle":0.0,"axis":"x","origin":[8.75,7.4,8.0]},"faces":{"down":{"uv":[10.5,2.5,11.25,3.5],"rotation":0,"texture":"#0","tintindex":0},"east":{"uv":[11.5,1.75,10.5,2.5],"rotation":0,"texture":"#0","tintindex":0},"north":{"uv":[2.75,10.75,2.0,11.5],"rotation":0,"texture":"#0","tintindex":0},"south":{"uv":[11.5,3.5,10.75,4.25],"rotation":0,"texture":"#0","tintindex":0},"up":{"uv":[8.75,11.0,9.5,10.0],"rotation":0,"texture":"#0","tintindex":0},"west":{"uv":[3.0,10.0,2.0,10.75],"rotation":0,"texture":"#0","tintindex":0}}}],"display":{"head":{"translation":[0.0,-6.4,0.0],"rotation":[0.0,0.0,0.0],"scale":[3.8095,3.8095,3.8095]}}}