{"textures":{"0":"modelengine:entity/boneshadingravager","1":"modelengine:entity/fallenravager","2":"modelengine:entity/fravager_gosido","3":"modelengine:entity/boneshadingravager_e"},"elements":[{"name":"axe","from":[7.720609,7.603653,-5.1697426],"to":[8.260609,8.143652,13.970258],"rotation":{"angle":0.0,"axis":"x","origin":[8.000486,7.397583,-6.288272]},"faces":{"down":{"uv":[0.374,3.001,0.3135,4.999],"rotation":0,"texture":"#1","tintindex":0},"east":{"uv":[2.8135,1.376,4.8115,1.4365],"rotation":0,"texture":"#1","tintindex":0},"north":{"uv":[8.4385,0.001,8.499,0.0615],"rotation":0,"texture":"#1","tintindex":0},"south":{"uv":[8.4385,0.126,8.499,0.1865],"rotation":0,"texture":"#1","tintindex":0},"up":{"uv":[2.9365,4.749,2.876,2.751],"rotation":0,"texture":"#1","tintindex":0},"west":{"uv":[2.8135,1.501,4.8115,1.5615],"rotation":0,"texture":"#1","tintindex":0}}},{"name":"axe","from":[7.720609,7.603653,-6.3697424],"to":[8.260609,8.143652,-4.629741],"rotation":{"angle":0.0,"axis":"x","origin":[8.000486,7.397583,-6.288272]},"faces":{"down":{"uv":[7.624,6.4385,7.5635,6.624],"rotation":0,"texture":"#1","tintindex":0},"east":{"uv":[7.5635,2.376,7.749,2.4365],"rotation":0,"texture":"#1","tintindex":0},"north":{"uv":[8.4385,0.376,8.499,0.4365],"rotation":0,"texture":"#1","tintindex":0},"south":{"uv":[8.4385,0.751,8.499,0.8115],"rotation":0,"texture":"#1","tintindex":0},"up":{"uv":[7.624,6.0615,7.5635,5.876],"rotation":0,"texture":"#1","tintindex":0},"west":{"uv":[7.5635,3.626,7.749,3.6865],"rotation":0,"texture":"#1","tintindex":0}}},{"name":"axe","from":[7.580486,4.301986,-4.026079],"to":[8.4204855,5.7419863,-2.5860782],"rotation":{"angle":-45.0,"axis":"x","origin":[8.010363,7.397583,-6.288272]},"faces":{"down":{"uv":[7.999,6.376,7.9385,6.499],"rotation":0,"texture":"#1","tintindex":0},"east":{"uv":[7.251,4.376,7.374,4.499],"rotation":0,"texture":"#1","tintindex":0},"north":{"uv":[5.3135,7.9385,5.374,8.0615],"rotation":0,"texture":"#1","tintindex":0},"south":{"uv":[5.4385,7.9385,5.499,8.0615],"rotation":0,"texture":"#1","tintindex":0},"up":{"uv":[7.999,5.624,7.9385,5.501],"rotation":0,"texture":"#1","tintindex":0},"west":{"uv":[6.6885,7.251,6.8115,7.374],"rotation":0,"texture":"#1","tintindex":0}}},{"name":"axe","from":[7.570609,-2.5771704,3.5197444],"to":[8.410608,-1.7371693,4.359744],"rotation":{"angle":-45.0,"axis":"x","origin":[8.000486,7.397583,-6.288272]},"faces":{"down":{"uv":[1.4365,8.4385,1.376,8.499],"rotation":0,"texture":"#1","tintindex":0},"east":{"uv":[1.001,8.4385,1.0615,8.499],"rotation":0,"texture":"#1","tintindex":0},"north":{"uv":[8.4385,0.876,8.499,0.9365],"rotation":0,"texture":"#1","tintindex":0},"south":{"uv":[1.126,8.4385,1.1865,8.499],"rotation":0,"texture":"#1","tintindex":0},"up":{"uv":[8.499,1.374,8.4385,1.3135],"rotation":0,"texture":"#1","tintindex":0},"west":{"uv":[1.251,8.4385,1.3115,8.499],"rotation":0,"texture":"#1","tintindex":0}}},{"name":"axe","from":[7.580486,-5.971283,6.9138565],"to":[8.4204855,-5.131282,7.7538567],"rotation":{"angle":-45.0,"axis":"x","origin":[8.010363,7.397583,-6.288272]},"faces":{"down":{"uv":[2.1865,8.4385,2.126,8.499],"rotation":0,"texture":"#1","tintindex":0},"east":{"uv":[8.4385,1.5635,8.499,1.624],"rotation":0,"texture":"#1","tintindex":0},"north":{"uv":[8.4385,1.4385,8.499,1.499],"rotation":0,"texture":"#1","tintindex":0},"south":{"uv":[1.626,8.4385,1.6865,8.499],"rotation":0,"texture":"#1","tintindex":0},"up":{"uv":[8.499,2.0615,8.4385,2.001],"rotation":0,"texture":"#1","tintindex":0},"west":{"uv":[8.4385,1.6885,8.499,1.749],"rotation":0,"texture":"#1","tintindex":0}}},{"name":"axe","from":[7.7004857,-6.9119425,8.094517],"to":[8.300486,-6.311943,9.894517],"rotation":{"angle":-45.0,"axis":"x","origin":[8.010363,7.397583,-6.288272]},"faces":{"down":{"uv":[0.3115,7.626,0.251,7.8115],"rotation":0,"texture":"#1","tintindex":0},"east":{"uv":[7.5635,6.126,7.749,6.1865],"rotation":0,"texture":"#1","tintindex":0},"north":{"uv":[2.251,8.4385,2.3115,8.499],"rotation":0,"texture":"#1","tintindex":0},"south":{"uv":[8.4385,2.376,8.499,2.4365],"rotation":0,"texture":"#1","tintindex":0},"up":{"uv":[7.624,7.749,7.5635,7.5635],"rotation":0,"texture":"#1","tintindex":0},"west":{"uv":[7.3135,7.5635,7.499,7.624],"rotation":0,"texture":"#1","tintindex":0}}},{"name":"axe","from":[7.7004857,-8.111943,8.094517],"to":[8.300486,-7.511943,9.894517],"rotation":{"angle":-45.0,"axis":"x","origin":[8.010363,7.397583,-6.288272]},"faces":{"down":{"uv":[1.1865,7.626,1.126,7.8115],"rotation":0,"texture":"#1","tintindex":0},"east":{"uv":[0.501,7.626,0.6865,7.6865],"rotation":0,"texture":"#1","tintindex":0},"north":{"uv":[2.501,8.4385,2.5615,8.499],"rotation":0,"texture":"#1","tintindex":0},"south":{"uv":[2.626,8.4385,2.6865,8.499],"rotation":0,"texture":"#1","tintindex":0},"up":{"uv":[1.0615,7.8115,1.001,7.626],"rotation":0,"texture":"#1","tintindex":0},"west":{"uv":[0.751,7.626,0.9365,7.6865],"rotation":0,"texture":"#1","tintindex":0}}},{"name":"axe","from":[7.7004857,-7.511943,8.094517],"to":[8.300486,-6.9119425,8.694517],"rotation":{"angle":-45.0,"axis":"x","origin":[8.010363,7.397583,-6.288272]},"faces":{"down":{"uv":[8.499,3.501,8.4385,3.5615],"rotation":0,"texture":"#1","tintindex":0},"east":{"uv":[2.876,8.4385,2.9365,8.499],"rotation":0,"texture":"#1","tintindex":0},"north":{"uv":[2.751,8.4385,2.8115,8.499],"rotation":0,"texture":"#1","tintindex":0},"south":{"uv":[3.251,8.4385,3.3115,8.499],"rotation":0,"texture":"#1","tintindex":0},"up":{"uv":[3.5615,8.499,3.501,8.4385],"rotation":0,"texture":"#1","tintindex":0},"west":{"uv":[3.376,8.4385,3.4365,8.499],"rotation":0,"texture":"#1","tintindex":0}}},{"name":"axe","from":[7.7004857,-7.511943,9.2945175],"to":[8.300486,-6.9119425,9.894517],"rotation":{"angle":-45.0,"axis":"x","origin":[8.010363,7.397583,-6.288272]},"faces":{"down":{"uv":[8.499,4.3135,8.4385,4.374],"rotation":0,"texture":"#1","tintindex":0},"east":{"uv":[3.751,8.4385,3.8115,8.499],"rotation":0,"texture":"#1","tintindex":0},"north":{"uv":[3.626,8.4385,3.6865,8.499],"rotation":0,"texture":"#1","tintindex":0},"south":{"uv":[3.876,8.4385,3.9365,8.499],"rotation":0,"texture":"#1","tintindex":0},"up":{"uv":[4.3115,8.499,4.251,8.4385],"rotation":0,"texture":"#1","tintindex":0},"west":{"uv":[4.126,8.4385,4.1865,8.499],"rotation":0,"texture":"#1","tintindex":0}}},{"name":"krystel","from":[6.921685,10.114355,-8.820312],"to":[7.5192857,10.536219,-8.398448],"rotation":{"angle":-45.0,"axis":"x","origin":[8.010363,7.397583,-6.288272]},"faces":{"down":{"uv":[5.1865,8.4385,5.126,8.499],"rotation":0,"texture":"#1","tintindex":0},"east":{"uv":[4.501,8.4385,4.5615,8.499],"rotation":0,"texture":"#1","tintindex":0},"north":{"uv":[4.376,8.4385,4.4365,8.499],"rotation":0,"texture":"#1","tintindex":0},"south":{"uv":[4.626,8.4385,4.6865,8.499],"rotation":0,"texture":"#1","tintindex":0},"up":{"uv":[5.0615,8.499,5.001,8.4385],"rotation":0,"texture":"#1","tintindex":0},"west":{"uv":[8.4385,4.751,8.499,4.8115],"rotation":0,"texture":"#1","tintindex":0}}},{"name":"krystel","from":[6.9204855,7.526512,-9.9997425],"to":[7.520486,8.126513,-8.799742],"rotation":{"angle":0.0,"axis":"x","origin":[8.010363,7.397583,-6.288272]},"faces":{"down":{"uv":[7.8115,7.9385,7.751,8.0615],"rotation":0,"texture":"#1","tintindex":0},"east":{"uv":[7.9385,5.6885,8.0615,5.749],"rotation":0,"texture":"#1","tintindex":0},"north":{"uv":[8.4385,5.4385,8.499,5.499],"rotation":0,"texture":"#1","tintindex":0},"south":{"uv":[5.5635,8.4385,5.624,8.499],"rotation":0,"texture":"#1","tintindex":0},"up":{"uv":[7.6865,8.0615,7.626,7.9385],"rotation":0,"texture":"#1","tintindex":0},"west":{"uv":[7.9385,6.8135,8.0615,6.874],"rotation":0,"texture":"#1","tintindex":0}}},{"name":"krystel","from":[6.921685,9.265827,-7.9717827],"to":[7.5192857,9.687691,-7.54992],"rotation":{"angle":-45.0,"axis":"x","origin":[8.010363,7.397583,-6.288272]},"faces":{"down":{"uv":[6.124,8.4385,6.0635,8.499],"rotation":0,"texture":"#1","tintindex":0},"east":{"uv":[8.4385,5.6885,8.499,5.749],"rotation":0,"texture":"#1","tintindex":0},"north":{"uv":[5.6885,8.4385,5.749,8.499],"rotation":0,"texture":"#1","tintindex":0},"south":{"uv":[5.8135,8.4385,5.874,8.499],"rotation":0,"texture":"#1","tintindex":0},"up":{"uv":[5.999,8.499,5.9385,8.4385],"rotation":0,"texture":"#1","tintindex":0},"west":{"uv":[8.4385,5.8135,8.499,5.874],"rotation":0,"texture":"#1","tintindex":0}}},{"name":"body","from":[7.100486,7.226512,-10.599742],"to":[7.7004857,8.426512,-8.199742],"rotation":{"angle":0.0,"axis":"x","origin":[8.010363,7.397583,-6.288272]},"faces":{"down":{"uv":[7.3115,7.126,7.251,7.374],"rotation":0,"texture":"#1","tintindex":0},"east":{"uv":[5.751,5.126,5.999,5.249],"rotation":0,"texture":"#1","tintindex":0},"north":{"uv":[7.876,7.9385,7.9365,8.0615],"rotation":0,"texture":"#1","tintindex":0},"south":{"uv":[0.001,8.001,0.0615,8.124],"rotation":0,"texture":"#1","tintindex":0},"up":{"uv":[2.374,7.499,2.3135,7.251],"rotation":0,"texture":"#1","tintindex":0},"west":{"uv":[5.626,5.751,5.874,5.874],"rotation":0,"texture":"#1","tintindex":0}}},{"name":"body","from":[7.102286,9.4785595,-7.510523],"to":[7.6986856,10.074959,-6.9141226],"rotation":{"angle":-45.0,"axis":"x","origin":[8.010363,7.397583,-6.288272]},"faces":{"down":{"uv":[6.499,8.4385,6.4385,8.499],"rotation":0,"texture":"#1","tintindex":0},"east":{"uv":[6.1885,8.4385,6.249,8.499],"rotation":0,"texture":"#1","tintindex":0},"north":{"uv":[8.4385,6.0635,8.499,6.124],"rotation":0,"texture":"#1","tintindex":0},"south":{"uv":[8.4385,6.1885,8.499,6.249],"rotation":0,"texture":"#1","tintindex":0},"up":{"uv":[8.499,6.374,8.4385,6.3135],"rotation":0,"texture":"#1","tintindex":0},"west":{"uv":[6.3135,8.4385,6.374,8.499],"rotation":0,"texture":"#1","tintindex":0}}},{"name":"body","from":[7.102286,5.326804,-8.11712],"to":[7.6986856,5.923204,-7.5207205],"rotation":{"angle":45.0,"axis":"x","origin":[8.010363,7.397583,-6.288272]},"faces":{"down":{"uv":[7.249,8.4385,7.1885,8.499],"rotation":0,"texture":"#1","tintindex":0},"east":{"uv":[6.5635,8.4385,6.624,8.499],"rotation":0,"texture":"#1","tintindex":0},"north":{"uv":[8.4385,6.4385,8.499,6.499],"rotation":0,"texture":"#1","tintindex":0},"south":{"uv":[8.4385,6.751,8.499,6.8115],"rotation":0,"texture":"#1","tintindex":0},"up":{"uv":[8.499,7.0615,8.4385,7.001],"rotation":0,"texture":"#1","tintindex":0},"west":{"uv":[8.4385,6.876,8.499,6.9365],"rotation":0,"texture":"#1","tintindex":0}}},{"name":"body","from":[7.102286,4.229021,-9.214904],"to":[7.6986856,4.8254213,-8.618505],"rotation":{"angle":45.0,"axis":"x","origin":[8.010363,7.397583,-6.288272]},"faces":{"down":{"uv":[8.249,8.4385,8.1885,8.499],"rotation":0,"texture":"#1","tintindex":0},"east":{"uv":[8.4385,7.5635,8.499,7.624],"rotation":0,"texture":"#1","tintindex":0},"north":{"uv":[7.3135,8.4385,7.374,8.499],"rotation":0,"texture":"#1","tintindex":0},"south":{"uv":[7.9385,8.4385,7.999,8.499],"rotation":0,"texture":"#1","tintindex":0},"up":{"uv":[8.499,8.1865,8.4385,8.126],"rotation":0,"texture":"#1","tintindex":0},"west":{"uv":[8.0635,8.4385,8.124,8.499],"rotation":0,"texture":"#1","tintindex":0}}},{"name":"body","from":[7.102286,10.576342,-8.608306],"to":[7.6986856,11.172743,-8.011907],"rotation":{"angle":-45.0,"axis":"x","origin":[8.010363,7.397583,-6.288272]},"faces":{"down":{"uv":[8.5615,0.251,8.501,0.3115],"rotation":0,"texture":"#1","tintindex":0},"east":{"uv":[8.3135,8.4385,8.374,8.499],"rotation":0,"texture":"#1","tintindex":0},"north":{"uv":[8.4385,8.251,8.499,8.3115],"rotation":0,"texture":"#1","tintindex":0},"south":{"uv":[8.4385,8.376,8.499,8.4365],"rotation":0,"texture":"#1","tintindex":0},"up":{"uv":[0.3115,8.5615,0.251,8.501],"rotation":0,"texture":"#1","tintindex":0},"west":{"uv":[0.126,8.501,0.1865,8.5615],"rotation":0,"texture":"#1","tintindex":0}}},{"name":"body","from":[8.302286,4.229021,-9.214904],"to":[8.898685,4.8254213,-8.618505],"rotation":{"angle":45.0,"axis":"x","origin":[8.010363,7.397583,-6.288272]},"faces":{"down":{"uv":[0.8115,8.501,0.751,8.5615],"rotation":0,"texture":"#1","tintindex":0},"east":{"uv":[0.501,8.501,0.5615,8.5615],"rotation":0,"texture":"#1","tintindex":0},"north":{"uv":[0.376,8.501,0.4365,8.5615],"rotation":0,"texture":"#1","tintindex":0},"south":{"uv":[8.501,0.501,8.5615,0.5615],"rotation":0,"texture":"#1","tintindex":0},"up":{"uv":[8.5615,0.6865,8.501,0.626],"rotation":0,"texture":"#1","tintindex":0},"west":{"uv":[0.626,8.501,0.6865,8.5615],"rotation":0,"texture":"#1","tintindex":0}}},{"name":"body","from":[8.302286,10.576342,-8.608306],"to":[8.898685,11.172743,-8.011907],"rotation":{"angle":-45.0,"axis":"x","origin":[8.010363,7.397583,-6.288272]},"faces":{"down":{"uv":[8.5615,1.8135,8.501,1.874],"rotation":0,"texture":"#1","tintindex":0},"east":{"uv":[8.501,1.001,8.5615,1.0615],"rotation":0,"texture":"#1","tintindex":0},"north":{"uv":[0.876,8.501,0.9365,8.5615],"rotation":0,"texture":"#1","tintindex":0},"south":{"uv":[8.501,1.126,8.5615,1.1865],"rotation":0,"texture":"#1","tintindex":0},"up":{"uv":[1.8115,8.5615,1.751,8.501],"rotation":0,"texture":"#1","tintindex":0},"west":{"uv":[1.501,8.501,1.5615,8.5615],"rotation":0,"texture":"#1","tintindex":0}}},{"name":"krystel","from":[8.481686,10.114355,-8.820312],"to":[9.079287,10.536219,-8.398448],"rotation":{"angle":-45.0,"axis":"x","origin":[8.010363,7.397583,-6.288272]},"faces":{"down":{"uv":[8.5615,2.501,8.501,2.5615],"rotation":0,"texture":"#1","tintindex":0},"east":{"uv":[2.001,8.501,2.0615,8.5615],"rotation":0,"texture":"#1","tintindex":0},"north":{"uv":[1.876,8.501,1.9365,8.5615],"rotation":0,"texture":"#1","tintindex":0},"south":{"uv":[8.501,2.126,8.5615,2.1865],"rotation":0,"texture":"#1","tintindex":0},"up":{"uv":[2.4365,8.5615,2.376,8.501],"rotation":0,"texture":"#1","tintindex":0},"west":{"uv":[8.501,2.251,8.5615,2.3115],"rotation":0,"texture":"#1","tintindex":0}}},{"name":"krystel","from":[8.480486,7.526512,-9.9997425],"to":[9.080486,8.126513,-8.799742],"rotation":{"angle":0.0,"axis":"x","origin":[8.010363,7.397583,-6.288272]},"faces":{"down":{"uv":[8.0615,0.6885,8.001,0.8115],"rotation":0,"texture":"#1","tintindex":0},"east":{"uv":[0.126,8.001,0.249,8.0615],"rotation":0,"texture":"#1","tintindex":0},"north":{"uv":[8.501,2.626,8.5615,2.6865],"rotation":0,"texture":"#1","tintindex":0},"south":{"uv":[8.501,2.751,8.5615,2.8115],"rotation":0,"texture":"#1","tintindex":0},"up":{"uv":[8.0615,0.4365,8.001,0.3135],"rotation":0,"texture":"#1","tintindex":0},"west":{"uv":[8.001,0.1885,8.124,0.249],"rotation":0,"texture":"#1","tintindex":0}}},{"name":"krystel","from":[8.481686,9.265827,-7.9717827],"to":[9.079287,9.687691,-7.54992],"rotation":{"angle":-45.0,"axis":"x","origin":[8.010363,7.397583,-6.288272]},"faces":{"down":{"uv":[8.5615,3.251,8.501,3.3115],"rotation":0,"texture":"#1","tintindex":0},"east":{"uv":[3.001,8.501,3.0615,8.5615],"rotation":0,"texture":"#1","tintindex":0},"north":{"uv":[8.501,2.876,8.5615,2.9365],"rotation":0,"texture":"#1","tintindex":0},"south":{"uv":[8.501,3.001,8.5615,3.0615],"rotation":0,"texture":"#1","tintindex":0},"up":{"uv":[8.5615,3.1865,8.501,3.126],"rotation":0,"texture":"#1","tintindex":0},"west":{"uv":[3.126,8.501,3.1865,8.5615],"rotation":0,"texture":"#1","tintindex":0}}},{"name":"body","from":[8.300486,7.226512,-10.599742],"to":[8.900486,8.426512,-8.199742],"rotation":{"angle":0.0,"axis":"x","origin":[8.010363,7.397583,-6.288272]},"faces":{"down":{"uv":[1.8115,7.3135,1.751,7.5615],"rotation":0,"texture":"#1","tintindex":0},"east":{"uv":[5.8135,1.751,6.0615,1.874],"rotation":0,"texture":"#1","tintindex":0},"north":{"uv":[1.001,8.001,1.0615,8.124],"rotation":0,"texture":"#1","tintindex":0},"south":{"uv":[1.126,8.001,1.1865,8.124],"rotation":0,"texture":"#1","tintindex":0},"up":{"uv":[1.499,7.5615,1.4385,7.3135],"rotation":0,"texture":"#1","tintindex":0},"west":{"uv":[5.8135,3.626,6.0615,3.749],"rotation":0,"texture":"#1","tintindex":0}}},{"name":"body","from":[8.302286,9.4785595,-7.510523],"to":[8.898685,10.074959,-6.9141226],"rotation":{"angle":-45.0,"axis":"x","origin":[8.010363,7.397583,-6.288272]},"faces":{"down":{"uv":[8.5615,4.001,8.501,4.0615],"rotation":0,"texture":"#1","tintindex":0},"east":{"uv":[8.501,3.626,8.5615,3.6865],"rotation":0,"texture":"#1","tintindex":0},"north":{"uv":[8.501,3.376,8.5615,3.4365],"rotation":0,"texture":"#1","tintindex":0},"south":{"uv":[8.501,3.751,8.5615,3.8115],"rotation":0,"texture":"#1","tintindex":0},"up":{"uv":[4.0615,8.5615,4.001,8.501],"rotation":0,"texture":"#1","tintindex":0},"west":{"uv":[8.501,3.876,8.5615,3.9365],"rotation":0,"texture":"#1","tintindex":0}}},{"name":"body","from":[8.302286,5.326804,-8.11712],"to":[8.898685,5.923204,-7.5207205],"rotation":{"angle":45.0,"axis":"x","origin":[8.010363,7.397583,-6.288272]},"faces":{"down":{"uv":[8.5615,4.876,8.501,4.9365],"rotation":0,"texture":"#1","tintindex":0},"east":{"uv":[8.501,4.4385,8.5615,4.499],"rotation":0,"texture":"#1","tintindex":0},"north":{"uv":[8.501,4.126,8.5615,4.1865],"rotation":0,"texture":"#1","tintindex":0},"south":{"uv":[8.501,4.5635,8.5615,4.624],"rotation":0,"texture":"#1","tintindex":0},"up":{"uv":[4.9365,8.5615,4.876,8.501],"rotation":0,"texture":"#1","tintindex":0},"west":{"uv":[4.751,8.501,4.8115,8.5615],"rotation":0,"texture":"#1","tintindex":0}}},{"name":"axe","from":[7.640486,7.513653,-5.259742],"to":[8.360486,8.233653,-4.5397415],"rotation":{"angle":0.0,"axis":"x","origin":[8.010363,7.397583,-6.288272]},"faces":{"down":{"uv":[8.5615,5.5635,8.501,5.624],"rotation":0,"texture":"#1","tintindex":0},"east":{"uv":[8.501,5.126,8.5615,5.1865],"rotation":0,"texture":"#1","tintindex":0},"north":{"uv":[8.501,5.001,8.5615,5.0615],"rotation":0,"texture":"#1","tintindex":0},"south":{"uv":[5.251,8.501,5.3115,8.5615],"rotation":0,"texture":"#1","tintindex":0},"up":{"uv":[5.4365,8.5615,5.376,8.501],"rotation":0,"texture":"#1","tintindex":0},"west":{"uv":[8.501,5.251,8.5615,5.3115],"rotation":0,"texture":"#1","tintindex":0}}},{"name":"axe","from":[7.640486,7.513653,-2.2597418],"to":[8.360486,8.233653,-1.539742],"rotation":{"angle":0.0,"axis":"x","origin":[8.010363,7.397583,-6.288272]},"faces":{"down":{"uv":[7.124,8.501,7.0635,8.5615],"rotation":0,"texture":"#1","tintindex":0},"east":{"uv":[8.501,6.5635,8.5615,6.624],"rotation":0,"texture":"#1","tintindex":0},"north":{"uv":[8.501,5.9385,8.5615,5.999],"rotation":0,"texture":"#1","tintindex":0},"south":{"uv":[6.6885,8.501,6.749,8.5615],"rotation":0,"texture":"#1","tintindex":0},"up":{"uv":[6.999,8.5615,6.9385,8.501],"rotation":0,"texture":"#1","tintindex":0},"west":{"uv":[6.8135,8.501,6.874,8.5615],"rotation":0,"texture":"#1","tintindex":0}}},{"name":"axe","from":[7.640486,7.513653,-6.9997435],"to":[8.360486,8.233653,-6.2797422],"rotation":{"angle":0.0,"axis":"x","origin":[8.010363,7.397583,-6.288272]},"faces":{"down":{"uv":[7.749,8.501,7.6885,8.5615],"rotation":0,"texture":"#1","tintindex":0},"east":{"uv":[8.501,7.251,8.5615,7.3115],"rotation":0,"texture":"#1","tintindex":0},"north":{"uv":[8.501,7.126,8.5615,7.1865],"rotation":0,"texture":"#1","tintindex":0},"south":{"uv":[8.501,7.376,8.5615,7.4365],"rotation":0,"texture":"#1","tintindex":0},"up":{"uv":[7.624,8.5615,7.5635,8.501],"rotation":0,"texture":"#1","tintindex":0},"west":{"uv":[7.4385,8.501,7.499,8.5615],"rotation":0,"texture":"#1","tintindex":0}}},{"name":"axe","from":[7.7004857,7.5736527,-11.739743],"to":[8.300486,8.173653,-6.939743],"rotation":{"angle":0.0,"axis":"x","origin":[8.010363,7.397583,-6.288272]},"faces":{"down":{"uv":[5.3115,5.751,5.251,6.249],"rotation":0,"texture":"#1","tintindex":0},"east":{"uv":[5.751,2.4385,6.249,2.499],"rotation":0,"texture":"#1","tintindex":0},"north":{"uv":[8.501,7.6885,8.5615,7.749],"rotation":0,"texture":"#1","tintindex":0},"south":{"uv":[7.8135,8.501,7.874,8.5615],"rotation":0,"texture":"#1","tintindex":0},"up":{"uv":[4.4365,6.124,4.376,5.626],"rotation":0,"texture":"#1","tintindex":0},"west":{"uv":[5.876,0.376,6.374,0.4365],"rotation":0,"texture":"#1","tintindex":0}}},{"name":"axe","from":[7.704086,3.6709113,-10.688208],"to":[8.296886,4.0879755,-10.271145],"rotation":{"angle":45.0,"axis":"x","origin":[8.010363,7.397583,-6.288272]},"faces":{"down":{"uv":[8.624,0.126,8.5635,0.1865],"rotation":0,"texture":"#1","tintindex":0},"east":{"uv":[8.501,7.9385,8.5615,7.999],"rotation":0,"texture":"#1","tintindex":0},"north":{"uv":[8.501,7.8135,8.5615,7.874],"rotation":0,"texture":"#1","tintindex":0},"south":{"uv":[8.4385,8.501,8.499,8.5615],"rotation":0,"texture":"#1","tintindex":0},"up":{"uv":[8.624,0.0615,8.5635,0.001],"rotation":0,"texture":"#1","tintindex":0},"west":{"uv":[0.001,8.5635,0.0615,8.624],"rotation":0,"texture":"#1","tintindex":0}}},{"name":"axe","from":[7.0127497,7.788429,-11.736143],"to":[7.6055493,8.381229,-6.943343],"rotation":{"angle":-45.0,"axis":"z","origin":[8.010363,7.397583,-6.288272]},"faces":{"down":{"uv":[0.374,5.8135,0.3135,6.3115],"rotation":0,"texture":"#1","tintindex":0},"east":{"uv":[5.876,0.501,6.374,0.5615],"rotation":0,"texture":"#1","tintindex":0},"north":{"uv":[8.5635,0.376,8.624,0.4365],"rotation":0,"texture":"#1","tintindex":0},"south":{"uv":[8.5635,0.751,8.624,0.8115],"rotation":0,"texture":"#1","tintindex":0},"up":{"uv":[0.0615,6.3115,0.001,5.8135],"rotation":0,"texture":"#1","tintindex":0},"west":{"uv":[5.876,1.4385,6.374,1.499],"rotation":0,"texture":"#1","tintindex":0}}},{"name":"axe","from":[7.0127497,7.3617954,-11.736143],"to":[7.6055493,7.954595,-6.943343],"rotation":{"angle":45.0,"axis":"z","origin":[8.010363,8.345441,-6.288272]},"faces":{"down":{"uv":[2.124,5.8135,2.0635,6.3115],"rotation":0,"texture":"#1","tintindex":0},"east":{"uv":[5.876,2.251,6.374,2.3115],"rotation":0,"texture":"#1","tintindex":0},"north":{"uv":[8.5635,0.876,8.624,0.9365],"rotation":0,"texture":"#1","tintindex":0},"south":{"uv":[1.001,8.5635,1.0615,8.624],"rotation":0,"texture":"#1","tintindex":0},"up":{"uv":[1.0615,6.3115,1.001,5.8135],"rotation":0,"texture":"#1","tintindex":0},"west":{"uv":[5.876,2.5635,6.374,2.624],"rotation":0,"texture":"#1","tintindex":0}}},{"name":"cube","from":[7.856694,4.765572,-9.974538],"to":[8.144693,7.153572,-8.786538],"rotation":{"angle":-22.5,"axis":"x","origin":[7.9894075,7.397583,-6.288272]},"faces":{"down":{"uv":[1.3115,8.001,1.251,8.124],"rotation":0,"texture":"#1","tintindex":0},"east":{"uv":[3.1885,5.8135,3.3115,6.0615],"rotation":0,"texture":"#1","tintindex":0},"north":{"uv":[7.3135,1.876,7.374,2.124],"rotation":0,"texture":"#1","tintindex":0},"south":{"uv":[2.126,7.3135,2.1865,7.5615],"rotation":0,"texture":"#1","tintindex":0},"up":{"uv":[8.0615,1.3115,8.001,1.1885],"rotation":0,"texture":"#1","tintindex":0},"west":{"uv":[5.9385,1.126,6.0615,1.374],"rotation":0,"texture":"#1","tintindex":0}}},{"name":"cube","from":[7.856694,2.3841562,-9.539253],"to":[8.144693,4.172156,-9.401254],"rotation":{"angle":22.5,"axis":"x","origin":[7.9894075,7.397583,-6.288272]},"faces":{"down":{"uv":[1.3115,8.5635,1.251,8.624],"rotation":0,"texture":"#1","tintindex":0},"east":{"uv":[1.376,7.626,1.4365,7.8115],"rotation":0,"texture":"#1","tintindex":0},"north":{"uv":[1.251,7.626,1.3115,7.8115],"rotation":0,"texture":"#1","tintindex":0},"south":{"uv":[1.6885,7.626,1.749,7.8115],"rotation":0,"texture":"#1","tintindex":0},"up":{"uv":[1.1865,8.624,1.126,8.5635],"rotation":0,"texture":"#1","tintindex":0},"west":{"uv":[2.001,7.626,2.0615,7.8115],"rotation":0,"texture":"#1","tintindex":0}}},{"name":"cube","from":[7.836294,5.332673,-8.933698],"to":[8.157595,7.4314733,-8.334897],"rotation":{"angle":-22.5,"axis":"x","origin":[7.9894075,7.397583,-6.288272]},"faces":{"down":{"uv":[1.4365,8.5635,1.376,8.624],"rotation":0,"texture":"#1","tintindex":0},"east":{"uv":[2.6885,7.3135,2.749,7.5615],"rotation":0,"texture":"#1","tintindex":0},"north":{"uv":[2.5635,7.3135,2.624,7.5615],"rotation":0,"texture":"#1","tintindex":0},"south":{"uv":[2.8135,7.3135,2.874,7.5615],"rotation":0,"texture":"#1","tintindex":0},"up":{"uv":[8.624,1.3115,8.5635,1.251],"rotation":0,"texture":"#1","tintindex":0},"west":{"uv":[7.3135,3.501,7.374,3.749],"rotation":0,"texture":"#1","tintindex":0}}},{"name":"cube","from":[7.855494,0.9782386,-8.005196],"to":[8.145894,2.7686381,-6.8147955],"rotation":{"angle":45.0,"axis":"x","origin":[7.9894075,7.397583,-6.288272]},"faces":{"down":{"uv":[8.0615,1.876,8.001,1.999],"rotation":0,"texture":"#1","tintindex":0},"east":{"uv":[4.126,6.1885,4.249,6.374],"rotation":0,"texture":"#1","tintindex":0},"north":{"uv":[2.126,7.626,2.1865,7.8115],"rotation":0,"texture":"#1","tintindex":0},"south":{"uv":[2.5635,7.626,2.624,7.8115],"rotation":0,"texture":"#1","tintindex":0},"up":{"uv":[1.6865,8.124,1.626,8.001],"rotation":0,"texture":"#1","tintindex":0},"west":{"uv":[4.3135,6.1885,4.4365,6.374],"rotation":0,"texture":"#1","tintindex":0}}},{"name":"cube","from":[7.853694,2.1229465,-10.927432],"to":[8.147694,3.9169464,-9.133431],"rotation":{"angle":22.5,"axis":"x","origin":[7.9894075,7.397583,-6.288272]},"faces":{"down":{"uv":[3.874,7.626,3.8135,7.8115],"rotation":0,"texture":"#1","tintindex":0},"east":{"uv":[5.376,0.001,5.5615,0.1865],"rotation":0,"texture":"#1","tintindex":0},"north":{"uv":[2.6885,7.626,2.749,7.8115],"rotation":0,"texture":"#1","tintindex":0},"south":{"uv":[2.8135,7.626,2.874,7.8115],"rotation":0,"texture":"#1","tintindex":0},"up":{"uv":[3.749,7.8115,3.6885,7.626],"rotation":0,"texture":"#1","tintindex":0},"west":{"uv":[5.376,2.8135,5.5615,2.999],"rotation":0,"texture":"#1","tintindex":0}}},{"name":"cube","from":[7.855494,6.950033,-13.890584],"to":[8.145894,7.540433,-12.700184],"rotation":{"angle":-22.5,"axis":"x","origin":[7.9894075,7.397583,-6.288272]},"faces":{"down":{"uv":[2.3115,8.001,2.251,8.124],"rotation":0,"texture":"#1","tintindex":0},"east":{"uv":[1.9385,8.001,2.0615,8.0615],"rotation":0,"texture":"#1","tintindex":0},"north":{"uv":[8.5635,1.376,8.624,1.4365],"rotation":0,"texture":"#1","tintindex":0},"south":{"uv":[8.5635,1.501,8.624,1.5615],"rotation":0,"texture":"#1","tintindex":0},"up":{"uv":[8.0615,2.3115,8.001,2.1885],"rotation":0,"texture":"#1","tintindex":0},"west":{"uv":[8.001,2.0635,8.124,2.124],"rotation":0,"texture":"#1","tintindex":0}}},{"name":"cube","from":[7.856694,9.850189,-13.255202],"to":[8.144693,10.4381895,-11.467199],"rotation":{"angle":-45.0,"axis":"x","origin":[7.9894075,7.397583,-6.288272]},"faces":{"down":{"uv":[4.499,7.626,4.4385,7.8115],"rotation":0,"texture":"#1","tintindex":0},"east":{"uv":[7.626,0.876,7.8115,0.9365],"rotation":0,"texture":"#1","tintindex":0},"north":{"uv":[1.626,8.5635,1.6865,8.624],"rotation":0,"texture":"#1","tintindex":0},"south":{"uv":[8.5635,1.626,8.624,1.6865],"rotation":0,"texture":"#1","tintindex":0},"up":{"uv":[4.249,7.8115,4.1885,7.626],"rotation":0,"texture":"#1","tintindex":0},"west":{"uv":[7.626,1.4385,7.8115,1.499],"rotation":0,"texture":"#1","tintindex":0}}},{"name":"cube","from":[7.853694,5.3767214,-10.163834],"to":[8.147694,7.1707215,-8.969832],"rotation":{"angle":-45.0,"axis":"x","origin":[7.9894075,7.397583,-6.288272]},"faces":{"down":{"uv":[2.6865,8.001,2.626,8.124],"rotation":0,"texture":"#1","tintindex":0},"east":{"uv":[6.1885,5.376,6.3115,5.5615],"rotation":0,"texture":"#1","tintindex":0},"north":{"uv":[4.5635,7.626,4.624,7.8115],"rotation":0,"texture":"#1","tintindex":0},"south":{"uv":[4.6885,7.626,4.749,7.8115],"rotation":0,"texture":"#1","tintindex":0},"up":{"uv":[2.5615,8.124,2.501,8.001],"rotation":0,"texture":"#1","tintindex":0},"west":{"uv":[0.626,6.251,0.749,6.4365],"rotation":0,"texture":"#1","tintindex":0}}},{"name":"cube","from":[7.851294,1.0801048,-6.8790665],"to":[8.150094,1.3789042,-6.280266],"rotation":{"angle":45.0,"axis":"x","origin":[7.9894075,7.397583,-6.288272]},"faces":{"down":{"uv":[2.6865,8.5635,2.626,8.624],"rotation":0,"texture":"#1","tintindex":0},"east":{"uv":[2.126,8.5635,2.1865,8.624],"rotation":0,"texture":"#1","tintindex":0},"north":{"uv":[8.5635,1.9385,8.624,1.999],"rotation":0,"texture":"#1","tintindex":0},"south":{"uv":[2.251,8.5635,2.3115,8.624],"rotation":0,"texture":"#1","tintindex":0},"up":{"uv":[2.5615,8.624,2.501,8.5635],"rotation":0,"texture":"#1","tintindex":0},"west":{"uv":[8.5635,2.376,8.624,2.4365],"rotation":0,"texture":"#1","tintindex":0}}},{"name":"cube","from":[7.851294,4.63186,-9.848035],"to":[8.150094,5.23066,-7.449234],"rotation":{"angle":-45.0,"axis":"x","origin":[7.9894075,7.397583,-6.288272]},"faces":{"down":{"uv":[3.874,7.3135,3.8135,7.5615],"rotation":0,"texture":"#1","tintindex":0},"east":{"uv":[7.251,3.126,7.499,3.1865],"rotation":0,"texture":"#1","tintindex":0},"north":{"uv":[2.751,8.5635,2.8115,8.624],"rotation":0,"texture":"#1","tintindex":0},"south":{"uv":[2.876,8.5635,2.9365,8.624],"rotation":0,"texture":"#1","tintindex":0},"up":{"uv":[3.749,7.5615,3.6885,7.3135],"rotation":0,"texture":"#1","tintindex":0},"west":{"uv":[7.3135,1.501,7.5615,1.5615],"rotation":0,"texture":"#1","tintindex":0}}},{"name":"cube","from":[7.851294,5.2318597,-9.848035],"to":[8.150094,5.83066,-8.049233],"rotation":{"angle":-45.0,"axis":"x","origin":[7.9894075,7.397583,-6.288272]},"faces":{"down":{"uv":[5.249,7.626,5.1885,7.8115],"rotation":0,"texture":"#1","tintindex":0},"east":{"uv":[7.626,3.751,7.8115,3.8115],"rotation":0,"texture":"#1","tintindex":0},"north":{"uv":[3.251,8.5635,3.3115,8.624],"rotation":0,"texture":"#1","tintindex":0},"south":{"uv":[3.376,8.5635,3.4365,8.624],"rotation":0,"texture":"#1","tintindex":0},"up":{"uv":[5.124,7.8115,5.0635,7.626],"rotation":0,"texture":"#1","tintindex":0},"west":{"uv":[4.8135,7.626,4.999,7.6865],"rotation":0,"texture":"#1","tintindex":0}}},{"name":"cube","from":[7.857894,5.83846,-9.8414345],"to":[8.143494,6.42406,-8.055834],"rotation":{"angle":-45.0,"axis":"x","origin":[7.9894075,7.397583,-6.288272]},"faces":{"down":{"uv":[5.874,7.626,5.8135,7.8115],"rotation":0,"texture":"#1","tintindex":0},"east":{"uv":[7.626,4.8135,7.8115,4.874],"rotation":0,"texture":"#1","tintindex":0},"north":{"uv":[3.501,8.5635,3.5615,8.624],"rotation":0,"texture":"#1","tintindex":0},"south":{"uv":[8.5635,3.501,8.624,3.5615],"rotation":0,"texture":"#1","tintindex":0},"up":{"uv":[7.6865,5.8115,7.626,5.626],"rotation":0,"texture":"#1","tintindex":0},"west":{"uv":[5.3135,7.626,5.499,7.6865],"rotation":0,"texture":"#1","tintindex":0}}},{"name":"cube","from":[7.856694,3.6211283,-7.630418],"to":[8.144693,5.409128,-5.2424183],"rotation":{"angle":22.5,"axis":"x","origin":[7.9894075,7.397583,-6.288272]},"faces":{"down":{"uv":[4.624,7.3135,4.5635,7.5615],"rotation":0,"texture":"#1","tintindex":0},"east":{"uv":[2.876,5.251,3.124,5.4365],"rotation":0,"texture":"#1","tintindex":0},"north":{"uv":[5.9385,7.626,5.999,7.8115],"rotation":0,"texture":"#1","tintindex":0},"south":{"uv":[6.3135,7.626,6.374,7.8115],"rotation":0,"texture":"#1","tintindex":0},"up":{"uv":[4.499,7.5615,4.4385,7.3135],"rotation":0,"texture":"#1","tintindex":0},"west":{"uv":[5.251,4.1885,5.499,4.374],"rotation":0,"texture":"#1","tintindex":0}}},{"name":"cube","from":[7.852494,4.2308254,-7.396806],"to":[8.148893,4.8272257,-5.6004066],"rotation":{"angle":-22.5,"axis":"x","origin":[7.9894075,7.397583,-6.288272]},"faces":{"down":{"uv":[7.6865,7.0635,7.626,7.249],"rotation":0,"texture":"#1","tintindex":0},"east":{"uv":[7.626,6.251,7.8115,6.3115],"rotation":0,"texture":"#1","tintindex":0},"north":{"uv":[3.626,8.5635,3.6865,8.624],"rotation":0,"texture":"#1","tintindex":0},"south":{"uv":[3.751,8.5635,3.8115,8.624],"rotation":0,"texture":"#1","tintindex":0},"up":{"uv":[7.6865,6.999,7.626,6.8135],"rotation":0,"texture":"#1","tintindex":0},"west":{"uv":[7.626,6.6885,7.8115,6.749],"rotation":0,"texture":"#1","tintindex":0}}},{"name":"cube","from":[7.850694,4.6884694,-7.6681595],"to":[8.150694,5.2884693,-4.668159],"rotation":{"angle":0.0,"axis":"x","origin":[7.9894075,7.397583,-6.288272]},"faces":{"down":{"uv":[0.4365,6.6885,0.376,6.999],"rotation":0,"texture":"#1","tintindex":0},"east":{"uv":[6.4385,2.251,6.749,2.3115],"rotation":0,"texture":"#1","tintindex":0},"north":{"uv":[3.876,8.5635,3.9365,8.624],"rotation":0,"texture":"#1","tintindex":0},"south":{"uv":[4.126,8.5635,4.1865,8.624],"rotation":0,"texture":"#1","tintindex":0},"up":{"uv":[0.1865,6.999,0.126,6.6885],"rotation":0,"texture":"#1","tintindex":0},"west":{"uv":[6.626,4.8135,6.9365,4.874],"rotation":0,"texture":"#1","tintindex":0}}},{"name":"cube","from":[7.850694,2.923941,-10.7497425],"to":[8.150694,3.2239408,-6.849742],"rotation":{"angle":0.0,"axis":"x","origin":[7.9894075,7.397583,-6.288272]},"faces":{"down":{"uv":[5.8115,5.9385,5.751,6.374],"rotation":0,"texture":"#1","tintindex":0},"east":{"uv":[5.876,2.6885,6.3115,2.749],"rotation":0,"texture":"#1","tintindex":0},"north":{"uv":[4.251,8.5635,4.3115,8.624],"rotation":0,"texture":"#1","tintindex":0},"south":{"uv":[8.5635,4.251,8.624,4.3115],"rotation":0,"texture":"#1","tintindex":0},"up":{"uv":[5.6865,6.374,5.626,5.9385],"rotation":0,"texture":"#1","tintindex":0},"west":{"uv":[5.9385,0.251,6.374,0.3115],"rotation":0,"texture":"#1","tintindex":0}}},{"name":"cube","from":[7.848294,3.2215407,-11.202143],"to":[8.153093,4.426341,-6.997342],"rotation":{"angle":0.0,"axis":"x","origin":[7.9894075,7.397583,-6.288272]},"faces":{"down":{"uv":[1.999,6.001,1.9385,6.4365],"rotation":0,"texture":"#1","tintindex":0},"east":{"uv":[4.9385,4.6885,5.374,4.8115],"rotation":0,"texture":"#1","tintindex":0},"north":{"uv":[2.751,8.001,2.8115,8.124],"rotation":0,"texture":"#1","tintindex":0},"south":{"uv":[8.001,3.0635,8.0615,3.1865],"rotation":0,"texture":"#1","tintindex":0},"up":{"uv":[5.999,6.1865,5.9385,5.751],"rotation":0,"texture":"#1","tintindex":0},"west":{"uv":[4.9385,4.876,5.374,4.999],"rotation":0,"texture":"#1","tintindex":0}}},{"name":"cube","from":[7.850694,4.4239407,-10.599742],"to":[8.150694,7.423941,-8.199742],"rotation":{"angle":0.0,"axis":"x","origin":[7.9894075,7.397583,-6.288272]},"faces":{"down":{"uv":[4.874,7.3135,4.8135,7.5615],"rotation":0,"texture":"#1","tintindex":0},"east":{"uv":[2.001,3.8135,2.249,4.124],"rotation":0,"texture":"#1","tintindex":0},"north":{"uv":[1.126,6.6885,1.1865,6.999],"rotation":0,"texture":"#1","tintindex":0},"south":{"uv":[6.6885,1.126,6.749,1.4365],"rotation":0,"texture":"#1","tintindex":0},"up":{"uv":[4.749,7.5615,4.6885,7.3135],"rotation":0,"texture":"#1","tintindex":0},"west":{"uv":[3.8135,2.9385,4.0615,3.249],"rotation":0,"texture":"#1","tintindex":0}}},{"name":"cube","from":[7.8511677,8.229082,-10.599742],"to":[8.151167,10.629083,-8.199742],"rotation":{"angle":0.0,"axis":"x","origin":[7.989881,7.397583,-6.288272]},"faces":{"down":{"uv":[5.374,7.3135,5.3135,7.5615],"rotation":0,"texture":"#1","tintindex":0},"east":{"uv":[1.6885,4.8135,1.9365,5.0615],"rotation":0,"texture":"#1","tintindex":0},"north":{"uv":[4.9385,7.3135,4.999,7.5615],"rotation":0,"texture":"#1","tintindex":0},"south":{"uv":[5.0635,7.3135,5.124,7.5615],"rotation":0,"texture":"#1","tintindex":0},"up":{"uv":[5.249,7.5615,5.1885,7.3135],"rotation":0,"texture":"#1","tintindex":0},"west":{"uv":[2.001,4.8135,2.249,5.0615],"rotation":0,"texture":"#1","tintindex":0}}},{"name":"cube","from":[7.8511677,10.629083,-9.9997425],"to":[8.151167,11.8290825,-7.599742],"rotation":{"angle":0.0,"axis":"x","origin":[7.989881,7.397583,-6.288272]},"faces":{"down":{"uv":[5.499,7.3135,5.4385,7.5615],"rotation":0,"texture":"#1","tintindex":0},"east":{"uv":[5.9385,1.9385,6.1865,2.0615],"rotation":0,"texture":"#1","tintindex":0},"north":{"uv":[3.6885,8.001,3.749,8.124],"rotation":0,"texture":"#1","tintindex":0},"south":{"uv":[8.001,4.626,8.0615,4.749],"rotation":0,"texture":"#1","tintindex":0},"up":{"uv":[7.374,5.624,7.3135,5.376],"rotation":0,"texture":"#1","tintindex":0},"west":{"uv":[5.9385,4.8135,6.1865,4.9365],"rotation":0,"texture":"#1","tintindex":0}}},{"name":"cube","from":[7.8511677,11.8290825,-9.549742],"to":[8.151167,12.129083,-8.049742],"rotation":{"angle":0.0,"axis":"x","origin":[7.989881,7.397583,-6.288272]},"faces":{"down":{"uv":[7.749,1.001,7.6885,1.1865],"rotation":0,"texture":"#1","tintindex":0},"east":{"uv":[7.626,7.3135,7.8115,7.374],"rotation":0,"texture":"#1","tintindex":0},"north":{"uv":[4.376,8.5635,4.4365,8.624],"rotation":0,"texture":"#1","tintindex":0},"south":{"uv":[4.501,8.5635,4.5615,8.624],"rotation":0,"texture":"#1","tintindex":0},"up":{"uv":[7.749,0.1865,7.6885,0.001],"rotation":0,"texture":"#1","tintindex":0},"west":{"uv":[7.626,7.4385,7.8115,7.499],"rotation":0,"texture":"#1","tintindex":0}}},{"name":"cube","from":[7.8517675,9.198311,-10.878896],"to":[8.150568,9.497112,-10.280095],"rotation":{"angle":45.0,"axis":"x","origin":[7.989881,7.397583,-6.288272]},"faces":{"down":{"uv":[5.5615,8.5635,5.501,8.624],"rotation":0,"texture":"#1","tintindex":0},"east":{"uv":[8.5635,4.6885,8.624,4.749],"rotation":0,"texture":"#1","tintindex":0},"north":{"uv":[4.626,8.5635,4.6865,8.624],"rotation":0,"texture":"#1","tintindex":0},"south":{"uv":[5.001,8.5635,5.0615,8.624],"rotation":0,"texture":"#1","tintindex":0},"up":{"uv":[8.624,5.4365,8.5635,5.376],"rotation":0,"texture":"#1","tintindex":0},"west":{"uv":[5.126,8.5635,5.1865,8.624],"rotation":0,"texture":"#1","tintindex":0}}},{"name":"cube","from":[7.8517675,12.750066,-5.8482046],"to":[8.150568,13.048865,-5.249404],"rotation":{"angle":-45.0,"axis":"x","origin":[7.989881,7.397583,-6.288272]},"faces":{"down":{"uv":[6.0615,8.5635,6.001,8.624],"rotation":0,"texture":"#1","tintindex":0},"east":{"uv":[8.5635,5.6885,8.624,5.749],"rotation":0,"texture":"#1","tintindex":0},"north":{"uv":[5.626,8.5635,5.6865,8.624],"rotation":0,"texture":"#1","tintindex":0},"south":{"uv":[5.751,8.5635,5.8115,8.624],"rotation":0,"texture":"#1","tintindex":0},"up":{"uv":[5.9365,8.624,5.876,8.5635],"rotation":0,"texture":"#1","tintindex":0},"west":{"uv":[8.5635,5.8135,8.624,5.874],"rotation":0,"texture":"#1","tintindex":0}}},{"name":"cube","from":[7.8541675,7.8067775,-10.346167],"to":[8.148168,9.600779,-9.152165],"rotation":{"angle":45.0,"axis":"x","origin":[7.989881,7.397583,-6.288272]},"faces":{"down":{"uv":[8.0615,5.126,8.001,5.249],"rotation":0,"texture":"#1","tintindex":0},"east":{"uv":[1.3135,6.251,1.4365,6.4365],"rotation":0,"texture":"#1","tintindex":0},"north":{"uv":[7.6885,1.876,7.749,2.0615],"rotation":0,"texture":"#1","tintindex":0},"south":{"uv":[7.6885,2.126,7.749,2.3115],"rotation":0,"texture":"#1","tintindex":0},"up":{"uv":[8.0615,5.0615,8.001,4.9385],"rotation":0,"texture":"#1","tintindex":0},"west":{"uv":[1.626,6.251,1.749,6.4365],"rotation":0,"texture":"#1","tintindex":0}}},{"name":"cube","from":[7.8541675,11.358532,-7.5761347],"to":[8.148168,13.152532,-5.782134],"rotation":{"angle":-45.0,"axis":"x","origin":[7.989881,7.397583,-6.288272]},"faces":{"down":{"uv":[7.749,3.001,7.6885,3.1865],"rotation":0,"texture":"#1","tintindex":0},"east":{"uv":[4.876,5.376,5.0615,5.5615],"rotation":0,"texture":"#1","tintindex":0},"north":{"uv":[2.376,7.6885,2.4365,7.874],"rotation":0,"texture":"#1","tintindex":0},"south":{"uv":[7.6885,2.501,7.749,2.6865],"rotation":0,"texture":"#1","tintindex":0},"up":{"uv":[7.749,2.9365,7.6885,2.751],"rotation":0,"texture":"#1","tintindex":0},"west":{"uv":[5.4385,0.626,5.624,0.8115],"rotation":0,"texture":"#1","tintindex":0}}},{"name":"cube","from":[7.8367677,11.324119,-9.9835615],"to":[8.158068,12.2229185,-9.084761],"rotation":{"angle":-22.5,"axis":"x","origin":[7.989881,7.397583,-6.288272]},"faces":{"down":{"uv":[5.999,8.001,5.9385,8.124],"rotation":0,"texture":"#1","tintindex":0},"east":{"uv":[7.3135,4.6885,7.4365,4.8115],"rotation":0,"texture":"#1","tintindex":0},"north":{"uv":[8.001,5.3135,8.0615,5.4365],"rotation":0,"texture":"#1","tintindex":0},"south":{"uv":[5.5635,8.001,5.624,8.124],"rotation":0,"texture":"#1","tintindex":0},"up":{"uv":[5.749,8.124,5.6885,8.001],"rotation":0,"texture":"#1","tintindex":0},"west":{"uv":[7.3135,5.6885,7.4365,5.8115],"rotation":0,"texture":"#1","tintindex":0}}},{"name":"cube","from":[7.8367677,9.401923,-8.132375],"to":[8.158068,10.300722,-7.233575],"rotation":{"angle":22.5,"axis":"x","origin":[7.989881,7.397583,-6.288272]},"faces":{"down":{"uv":[6.1865,8.5635,6.126,8.624],"rotation":0,"texture":"#1","tintindex":0},"east":{"uv":[8.001,6.0635,8.0615,6.1865],"rotation":0,"texture":"#1","tintindex":0},"north":{"uv":[6.0635,8.001,6.124,8.124],"rotation":0,"texture":"#1","tintindex":0},"south":{"uv":[6.1885,8.001,6.249,8.124],"rotation":0,"texture":"#1","tintindex":0},"up":{"uv":[8.624,6.124,8.5635,6.0635],"rotation":0,"texture":"#1","tintindex":0},"west":{"uv":[6.3135,8.001,6.374,8.124],"rotation":0,"texture":"#1","tintindex":0}}},{"name":"cube","from":[7.8511677,9.0037775,-9.149166],"to":[8.151167,9.603778,-8.549166],"rotation":{"angle":45.0,"axis":"x","origin":[7.989881,7.397583,-6.288272]},"faces":{"down":{"uv":[6.5615,8.5635,6.501,8.624],"rotation":0,"texture":"#1","tintindex":0},"east":{"uv":[6.251,8.5635,6.3115,8.624],"rotation":0,"texture":"#1","tintindex":0},"north":{"uv":[8.5635,6.1885,8.624,6.249],"rotation":0,"texture":"#1","tintindex":0},"south":{"uv":[8.5635,6.3135,8.624,6.374],"rotation":0,"texture":"#1","tintindex":0},"up":{"uv":[8.624,6.499,8.5635,6.4385],"rotation":0,"texture":"#1","tintindex":0},"west":{"uv":[6.376,8.5635,6.4365,8.624],"rotation":0,"texture":"#1","tintindex":0}}},{"name":"cube","from":[7.8571677,7.8798237,-10.0732155],"to":[8.145168,10.267824,-8.885216],"rotation":{"angle":22.5,"axis":"x","origin":[7.989881,7.397583,-6.288272]},"faces":{"down":{"uv":[6.624,8.001,6.5635,8.124],"rotation":0,"texture":"#1","tintindex":0},"east":{"uv":[1.3135,5.9385,1.4365,6.1865],"rotation":0,"texture":"#1","tintindex":0},"north":{"uv":[5.8135,7.3135,5.874,7.5615],"rotation":0,"texture":"#1","tintindex":0},"south":{"uv":[7.3135,5.876,7.374,6.124],"rotation":0,"texture":"#1","tintindex":0},"up":{"uv":[6.499,8.124,6.4385,8.001],"rotation":0,"texture":"#1","tintindex":0},"west":{"uv":[4.876,5.9385,4.999,6.1865],"rotation":0,"texture":"#1","tintindex":0}}}],"display":{"head":{"translation":[0.0,-6.4,0.0],"rotation":[0.0,0.0,0.0],"scale":[3.8095,3.8095,3.8095]}}}