{"textures":{"0":"modelengine:entity/boneshadingravager","1":"modelengine:entity/fallenravager","2":"modelengine:entity/fravager_gosido","3":"modelengine:entity/boneshadingravager_e"},"elements":[{"name":"cube","from":[3.4999998,4.46,7.55],"to":[12.5,8.06,8.15],"rotation":{"angle":0.0,"axis":"x","origin":[7.7,-6.34,5.1499996]},"faces":{"down":{"uv":[5.8115,0.376,4.876,0.4365],"rotation":0,"texture":"#1","tintindex":0},"east":{"uv":[0.876,6.0635,0.9365,6.4365],"rotation":0,"texture":"#1","tintindex":0},"north":{"uv":[1.001,0.4385,1.9365,0.8115],"rotation":0,"texture":"#1","tintindex":0},"south":{"uv":[1.001,0.4385,1.9365,0.8115],"rotation":0,"texture":"#1","tintindex":0},"up":{"uv":[4.749,1.3115,3.8135,1.251],"rotation":0,"texture":"#1","tintindex":0},"west":{"uv":[3.001,6.0635,3.0615,6.4365],"rotation":0,"texture":"#1","tintindex":0}}}],"display":{"head":{"translation":[0.0,-6.4,0.0],"rotation":[0.0,0.0,0.0],"scale":[3.8095,3.8095,3.8095]}}}