{"textures":{"0":"modelengine:entity/boneshadingravager","1":"modelengine:entity/fallenravager","2":"modelengine:entity/fravager_gosido","3":"modelengine:entity/boneshadingravager_e"},"elements":[{"name":"cube","from":[3.6258879,5.657453,5.9715815],"to":[5.2458878,7.277453,8.791582],"rotation":{"angle":45.0,"axis":"z","origin":[4.5258884,7.832453,8.281582]},"faces":{"down":{"uv":[2.874,4.8135,2.6885,5.124],"rotation":0,"texture":"#1","tintindex":0},"east":{"uv":[2.3135,4.8135,2.624,4.999],"rotation":0,"texture":"#1","tintindex":0},"north":{"uv":[3.5635,0.8135,3.749,0.999],"rotation":0,"texture":"#1","tintindex":0},"south":{"uv":[5.251,4.4385,5.4365,4.624],"rotation":0,"texture":"#1","tintindex":0},"up":{"uv":[2.8115,3.999,2.626,3.6885],"rotation":0,"texture":"#1","tintindex":0},"west":{"uv":[4.5635,4.8135,4.874,4.999],"rotation":0,"texture":"#1","tintindex":0}}},{"name":"cube","from":[5.578819,5.7585073,5.9415812],"to":[7.2588196,8.038507,8.821581],"rotation":{"angle":22.5,"axis":"z","origin":[5.818819,6.6435065,8.281582]},"faces":{"down":{"uv":[5.0615,0.001,4.876,0.3115],"rotation":0,"texture":"#1","tintindex":0},"east":{"uv":[0.876,3.5635,1.1865,3.8115],"rotation":0,"texture":"#1","tintindex":0},"north":{"uv":[1.3135,5.126,1.499,5.374],"rotation":0,"texture":"#1","tintindex":0},"south":{"uv":[1.5635,5.126,1.749,5.374],"rotation":0,"texture":"#1","tintindex":0},"up":{"uv":[3.499,5.124,3.3135,4.8135],"rotation":0,"texture":"#1","tintindex":0},"west":{"uv":[3.5635,2.251,3.874,2.499],"rotation":0,"texture":"#1","tintindex":0}}},{"name":"cube","from":[6.4010034,5.7601795,5.8815813],"to":[8.201004,8.7601795,8.881581],"rotation":{"angle":0.0,"axis":"x","origin":[9.401003,5.3101797,6.1815815]},"faces":{"down":{"uv":[5.0615,1.9385,4.876,2.249],"rotation":0,"texture":"#1","tintindex":0},"east":{"uv":[3.001,1.626,3.3115,1.9365],"rotation":0,"texture":"#1","tintindex":0},"north":{"uv":[0.4385,4.876,0.624,5.1865],"rotation":0,"texture":"#1","tintindex":0},"south":{"uv":[1.0635,4.876,1.249,5.1865],"rotation":0,"texture":"#1","tintindex":0},"up":{"uv":[5.0615,1.5615,4.876,1.251],"rotation":0,"texture":"#1","tintindex":0},"west":{"uv":[3.251,0.001,3.5615,0.3115],"rotation":0,"texture":"#1","tintindex":0}}},{"name":"cube","from":[7.810916,5.5648136,5.4573174],"to":[8.410916,6.764814,6.0573173],"rotation":{"angle":-22.5,"axis":"z","origin":[9.010916,5.864814,5.7573175]},"faces":{"down":{"uv":[3.6865,8.1885,3.626,8.249],"rotation":0,"texture":"#1","tintindex":0},"east":{"uv":[7.751,7.126,7.8115,7.249],"rotation":0,"texture":"#1","tintindex":0},"north":{"uv":[7.751,6.9385,7.8115,7.0615],"rotation":0,"texture":"#1","tintindex":0},"south":{"uv":[7.8135,0.001,7.874,0.124],"rotation":0,"texture":"#1","tintindex":0},"up":{"uv":[3.5615,8.249,3.501,8.1885],"rotation":0,"texture":"#1","tintindex":0},"west":{"uv":[7.8135,1.001,7.874,1.124],"rotation":0,"texture":"#1","tintindex":0}}},{"name":"cube","from":[7.024578,5.7920237,5.454917],"to":[8.229379,6.3968234,6.059717],"rotation":{"angle":22.5,"axis":"z","origin":[8.226978,6.0944233,5.7573175]},"faces":{"down":{"uv":[7.9365,1.876,7.8135,1.9365],"rotation":0,"texture":"#1","tintindex":0},"east":{"uv":[8.1885,3.626,8.249,3.6865],"rotation":0,"texture":"#1","tintindex":0},"north":{"uv":[7.8135,0.751,7.9365,0.8115],"rotation":0,"texture":"#1","tintindex":0},"south":{"uv":[7.8135,1.1885,7.9365,1.249],"rotation":0,"texture":"#1","tintindex":0},"up":{"uv":[7.9365,1.374,7.8135,1.3135],"rotation":0,"texture":"#1","tintindex":0},"west":{"uv":[3.751,8.1885,3.8115,8.249],"rotation":0,"texture":"#1","tintindex":0}}},{"name":"cube","from":[8.198604,6.923515,5.454917],"to":[8.803404,8.728314,6.059717],"rotation":{"angle":0.0,"axis":"x","origin":[9.401003,6.6259146,5.7573175]},"faces":{"down":{"uv":[4.249,8.1885,4.1885,8.249],"rotation":0,"texture":"#1","tintindex":0},"east":{"uv":[6.8135,7.4385,6.874,7.624],"rotation":0,"texture":"#1","tintindex":0},"north":{"uv":[6.6885,7.4385,6.749,7.624],"rotation":0,"texture":"#1","tintindex":0},"south":{"uv":[6.9385,7.4385,6.999,7.624],"rotation":0,"texture":"#1","tintindex":0},"up":{"uv":[3.9365,8.249,3.876,8.1885],"rotation":0,"texture":"#1","tintindex":0},"west":{"uv":[7.0635,7.4385,7.124,7.624],"rotation":0,"texture":"#1","tintindex":0}}},{"name":"cube","from":[8.197404,6.924715,8.701251],"to":[8.795004,8.722315,9.298851],"rotation":{"angle":0.0,"axis":"x","origin":[9.396204,6.623515,9.0000515]},"faces":{"down":{"uv":[4.499,8.1885,4.4385,8.249],"rotation":0,"texture":"#1","tintindex":0},"east":{"uv":[0.001,7.501,0.0615,7.6865],"rotation":0,"texture":"#1","tintindex":0},"north":{"uv":[7.1885,7.4385,7.249,7.624],"rotation":0,"texture":"#1","tintindex":0},"south":{"uv":[0.126,7.501,0.1865,7.6865],"rotation":0,"texture":"#1","tintindex":0},"up":{"uv":[4.374,8.249,4.3135,8.1885],"rotation":0,"texture":"#1","tintindex":0},"west":{"uv":[0.376,7.501,0.4365,7.6865],"rotation":0,"texture":"#1","tintindex":0}}},{"name":"cube","from":[7.0197783,5.789624,8.697651],"to":[8.224579,6.3944235,9.302451],"rotation":{"angle":22.5,"axis":"z","origin":[8.2221775,6.092024,9.0000515]},"faces":{"down":{"uv":[7.9365,2.376,7.8135,2.4365],"rotation":0,"texture":"#1","tintindex":0},"east":{"uv":[8.1885,4.4385,8.249,4.499],"rotation":0,"texture":"#1","tintindex":0},"north":{"uv":[7.8135,2.001,7.9365,2.0615],"rotation":0,"texture":"#1","tintindex":0},"south":{"uv":[7.8135,2.126,7.9365,2.1865],"rotation":0,"texture":"#1","tintindex":0},"up":{"uv":[7.9365,2.3115,7.8135,2.251],"rotation":0,"texture":"#1","tintindex":0},"west":{"uv":[4.5635,8.1885,4.624,8.249],"rotation":0,"texture":"#1","tintindex":0}}},{"name":"cube","from":[7.806116,5.562413,8.700051],"to":[8.4061165,6.762413,9.300051],"rotation":{"angle":-22.5,"axis":"z","origin":[9.006116,5.862413,9.0000515]},"faces":{"down":{"uv":[8.249,4.8135,8.1885,4.874],"rotation":0,"texture":"#1","tintindex":0},"east":{"uv":[7.8135,2.501,7.874,2.624],"rotation":0,"texture":"#1","tintindex":0},"north":{"uv":[2.251,7.8135,2.3115,7.9365],"rotation":0,"texture":"#1","tintindex":0},"south":{"uv":[7.8135,2.6885,7.874,2.8115],"rotation":0,"texture":"#1","tintindex":0},"up":{"uv":[4.749,8.249,4.6885,8.1885],"rotation":0,"texture":"#1","tintindex":0},"west":{"uv":[7.8135,2.876,7.874,2.999],"rotation":0,"texture":"#1","tintindex":0}}},{"name":"cube","from":[8.201004,8.425915,5.581581],"to":[8.801003,9.025915,6.1815815],"rotation":{"angle":45.0,"axis":"x","origin":[8.501003,8.725915,5.8815813]},"faces":{"down":{"uv":[8.249,5.751,8.1885,5.8115],"rotation":0,"texture":"#1","tintindex":0},"east":{"uv":[5.1885,8.1885,5.249,8.249],"rotation":0,"texture":"#1","tintindex":0},"north":{"uv":[5.0635,8.1885,5.124,8.249],"rotation":0,"texture":"#1","tintindex":0},"south":{"uv":[8.1885,5.4385,8.249,5.499],"rotation":0,"texture":"#1","tintindex":0},"up":{"uv":[5.749,8.249,5.6885,8.1885],"rotation":0,"texture":"#1","tintindex":0},"west":{"uv":[5.5635,8.1885,5.624,8.249],"rotation":0,"texture":"#1","tintindex":0}}},{"name":"cube","from":[8.201004,8.5501795,5.8815813],"to":[8.801003,9.150179,8.881581],"rotation":{"angle":0.0,"axis":"x","origin":[9.401003,5.850179,6.1815815]},"faces":{"down":{"uv":[6.374,4.1885,6.3135,4.499],"rotation":0,"texture":"#1","tintindex":0},"east":{"uv":[6.251,1.876,6.5615,1.9365],"rotation":0,"texture":"#1","tintindex":0},"north":{"uv":[5.8135,8.1885,5.874,8.249],"rotation":0,"texture":"#1","tintindex":0},"south":{"uv":[8.1885,5.876,8.249,5.9365],"rotation":0,"texture":"#1","tintindex":0},"up":{"uv":[6.374,3.3115,6.3135,3.001],"rotation":0,"texture":"#1","tintindex":0},"west":{"uv":[6.251,2.001,6.5615,2.0615],"rotation":0,"texture":"#1","tintindex":0}}},{"name":"cube","from":[8.203403,8.428314,8.583981],"to":[8.798603,9.023515,9.179182],"rotation":{"angle":-45.0,"axis":"x","origin":[8.501003,8.725915,8.881581]},"faces":{"down":{"uv":[8.249,6.3135,8.1885,6.374],"rotation":0,"texture":"#1","tintindex":0},"east":{"uv":[6.0635,8.1885,6.124,8.249],"rotation":0,"texture":"#1","tintindex":0},"north":{"uv":[5.9385,8.1885,5.999,8.249],"rotation":0,"texture":"#1","tintindex":0},"south":{"uv":[6.1885,8.1885,6.249,8.249],"rotation":0,"texture":"#1","tintindex":0},"up":{"uv":[6.374,8.249,6.3135,8.1885],"rotation":0,"texture":"#1","tintindex":0},"west":{"uv":[8.1885,6.1885,8.249,6.249],"rotation":0,"texture":"#1","tintindex":0}}},{"name":"cube","from":[5.433128,5.35804,5.4573174],"to":[7.233128,5.9580398,6.0573173],"rotation":{"angle":0.0,"axis":"x","origin":[9.633128,-11.441961,8.457317]},"faces":{"down":{"uv":[7.6865,0.501,7.501,0.5615],"rotation":0,"texture":"#1","tintindex":0},"east":{"uv":[6.4385,8.1885,6.499,8.249],"rotation":0,"texture":"#1","tintindex":0},"north":{"uv":[7.4385,5.501,7.624,5.5615],"rotation":0,"texture":"#1","tintindex":0},"south":{"uv":[7.501,0.376,7.6865,0.4365],"rotation":0,"texture":"#1","tintindex":0},"up":{"uv":[0.6865,7.5615,0.501,7.501],"rotation":0,"texture":"#1","tintindex":0},"west":{"uv":[8.1885,6.4385,8.249,6.499],"rotation":0,"texture":"#1","tintindex":0}}},{"name":"cube","from":[5.4379277,5.35804,8.705845],"to":[7.233128,5.9532404,9.301046],"rotation":{"angle":0.0,"axis":"x","origin":[9.635529,-11.444362,6.3034453]},"faces":{"down":{"uv":[7.6865,1.751,7.501,1.8115],"rotation":0,"texture":"#1","tintindex":0},"east":{"uv":[6.5635,8.1885,6.624,8.249],"rotation":0,"texture":"#1","tintindex":0},"north":{"uv":[0.751,7.501,0.9365,7.5615],"rotation":0,"texture":"#1","tintindex":0},"south":{"uv":[1.1885,7.501,1.374,7.5615],"rotation":0,"texture":"#1","tintindex":0},"up":{"uv":[7.6865,1.6865,7.501,1.626],"rotation":0,"texture":"#1","tintindex":0},"west":{"uv":[8.1885,6.5635,8.249,6.624],"rotation":0,"texture":"#1","tintindex":0}}},{"name":"cube","from":[4.091234,5.6964884,5.371581],"to":[5.771234,6.7764883,9.451582],"rotation":{"angle":-22.5,"axis":"z","origin":[4.931234,6.3564887,8.581581]},"faces":{"down":{"uv":[1.624,3.4385,1.4385,3.874],"rotation":0,"texture":"#1","tintindex":0},"east":{"uv":[4.9385,1.001,5.374,1.124],"rotation":0,"texture":"#1","tintindex":0},"north":{"uv":[6.0635,3.0635,6.249,3.1865],"rotation":0,"texture":"#1","tintindex":0},"south":{"uv":[6.0635,3.251,6.249,3.374],"rotation":0,"texture":"#1","tintindex":0},"up":{"uv":[0.624,3.874,0.4385,3.4385],"rotation":0,"texture":"#1","tintindex":0},"west":{"uv":[4.9385,1.626,5.374,1.749],"rotation":0,"texture":"#1","tintindex":0}}}],"display":{"head":{"translation":[0.0,-6.4,0.0],"rotation":[0.0,0.0,0.0],"scale":[3.8095,3.8095,3.8095]}}}