{"textures":{"0":"modelengine:entity/boneshadingravager","1":"modelengine:entity/fallenravager","2":"modelengine:entity/fravager_gosido","3":"modelengine:entity/boneshadingravager_e"},"elements":[{"name":"left arm","from":[6.81946,5.4331717,6.6914],"to":[7.42666,7.8403716,7.2986],"rotation":{"angle":22.5,"axis":"y","origin":[7.1230597,7.836772,7.235]},"faces":{"down":{"uv":[3.5615,8.3135,3.501,8.374],"rotation":0,"texture":"#1","tintindex":0},"east":{"uv":[3.6885,7.001,3.749,7.249],"rotation":0,"texture":"#1","tintindex":0},"north":{"uv":[7.001,3.251,7.0615,3.499],"rotation":0,"texture":"#1","tintindex":0},"south":{"uv":[3.8135,7.001,3.874,7.249],"rotation":0,"texture":"#1","tintindex":0},"up":{"uv":[3.4365,8.374,3.376,8.3135],"rotation":0,"texture":"#1","tintindex":0},"west":{"uv":[7.001,4.126,7.0615,4.374],"rotation":0,"texture":"#1","tintindex":0}}},{"name":"left arm","from":[6.81946,5.4331717,8.8364],"to":[7.42666,7.8403716,9.4436],"rotation":{"angle":-22.5,"axis":"y","origin":[7.1230597,7.836772,8.9]},"faces":{"down":{"uv":[3.3115,8.3135,3.251,8.374],"rotation":0,"texture":"#1","tintindex":0},"east":{"uv":[7.001,2.626,7.0615,2.874],"rotation":0,"texture":"#1","tintindex":0},"north":{"uv":[2.5635,7.001,2.624,7.249],"rotation":0,"texture":"#1","tintindex":0},"south":{"uv":[2.6885,7.001,2.749,7.249],"rotation":0,"texture":"#1","tintindex":0},"up":{"uv":[2.9365,8.374,2.876,8.3135],"rotation":0,"texture":"#1","tintindex":0},"west":{"uv":[2.8135,7.001,2.874,7.249],"rotation":0,"texture":"#1","tintindex":0}}},{"name":"left arm","from":[6.82306,6.216771,6.83],"to":[9.223061,6.8167715,9.23],"rotation":{"angle":0.0,"axis":"x","origin":[8.32306,6.1867714,9.950001]},"faces":{"down":{"uv":[4.5615,1.626,4.3135,1.874],"rotation":0,"texture":"#1","tintindex":0},"east":{"uv":[6.751,3.626,6.999,3.6865],"rotation":0,"texture":"#1","tintindex":0},"north":{"uv":[3.376,6.751,3.624,6.8115],"rotation":0,"texture":"#1","tintindex":0},"south":{"uv":[3.6885,6.751,3.9365,6.8115],"rotation":0,"texture":"#1","tintindex":0},"up":{"uv":[4.499,4.499,4.251,4.251],"rotation":0,"texture":"#1","tintindex":0},"west":{"uv":[6.751,3.751,6.999,3.8115],"rotation":0,"texture":"#1","tintindex":0}}},{"name":"left arm","from":[6.94306,5.4142714,6.9425],"to":[9.10306,7.574272,9.1025],"rotation":{"angle":0.0,"axis":"x","origin":[11.62306,-2.3632288,8.0]},"faces":{"down":{"uv":[4.374,3.501,4.126,3.749],"rotation":0,"texture":"#1","tintindex":0},"east":{"uv":[4.126,0.626,4.374,0.874],"rotation":0,"texture":"#1","tintindex":0},"north":{"uv":[0.001,4.126,0.249,4.374],"rotation":0,"texture":"#1","tintindex":0},"south":{"uv":[4.126,0.9385,4.374,1.1865],"rotation":0,"texture":"#1","tintindex":0},"up":{"uv":[4.374,3.4365,4.126,3.1885],"rotation":0,"texture":"#1","tintindex":0},"west":{"uv":[4.126,2.876,4.374,3.124],"rotation":0,"texture":"#1","tintindex":0}}},{"name":"left arm","from":[6.3430595,5.2942715,7.7225],"to":[6.94306,8.294272,8.3225],"rotation":{"angle":0.0,"axis":"x","origin":[11.62306,-2.3632288,8.0]},"faces":{"down":{"uv":[8.374,0.376,8.3135,0.4365],"rotation":0,"texture":"#1","tintindex":0},"east":{"uv":[3.376,6.376,3.4365,6.6865],"rotation":0,"texture":"#1","tintindex":0},"north":{"uv":[3.251,6.376,3.3115,6.6865],"rotation":0,"texture":"#1","tintindex":0},"south":{"uv":[3.501,6.376,3.5615,6.6865],"rotation":0,"texture":"#1","tintindex":0},"up":{"uv":[8.374,0.1865,8.3135,0.126],"rotation":0,"texture":"#1","tintindex":0},"west":{"uv":[3.626,6.376,3.6865,6.6865],"rotation":0,"texture":"#1","tintindex":0}}},{"name":"left arm","from":[6.3466597,5.2978716,7.1260996],"to":[6.93946,8.290672,7.7188997],"rotation":{"angle":-22.5,"axis":"y","origin":[6.6430597,6.494272,7.4225]},"faces":{"down":{"uv":[8.374,0.9385,8.3135,0.999],"rotation":0,"texture":"#1","tintindex":0},"east":{"uv":[3.876,6.376,3.9365,6.6865],"rotation":0,"texture":"#1","tintindex":0},"north":{"uv":[3.751,6.376,3.8115,6.6865],"rotation":0,"texture":"#1","tintindex":0},"south":{"uv":[6.001,6.376,6.0615,6.6865],"rotation":0,"texture":"#1","tintindex":0},"up":{"uv":[8.374,0.874,8.3135,0.8135],"rotation":0,"texture":"#1","tintindex":0},"west":{"uv":[6.126,6.376,6.1865,6.6865],"rotation":0,"texture":"#1","tintindex":0}}},{"name":"left arm","from":[6.3466597,5.2978716,8.326099],"to":[6.93946,8.290672,8.9189],"rotation":{"angle":22.5,"axis":"y","origin":[6.6430597,6.494272,8.6225]},"faces":{"down":{"uv":[1.1865,8.3135,1.126,8.374],"rotation":0,"texture":"#1","tintindex":0},"east":{"uv":[6.4385,0.001,6.499,0.3115],"rotation":0,"texture":"#1","tintindex":0},"north":{"uv":[6.376,6.126,6.4365,6.4365],"rotation":0,"texture":"#1","tintindex":0},"south":{"uv":[2.4385,6.4385,2.499,6.749],"rotation":0,"texture":"#1","tintindex":0},"up":{"uv":[1.0615,8.374,1.001,8.3135],"rotation":0,"texture":"#1","tintindex":0},"west":{"uv":[6.4385,2.501,6.499,2.8115],"rotation":0,"texture":"#1","tintindex":0}}},{"name":"left arm","from":[6.82306,3.0367715,6.8],"to":[9.223061,5.4367714,9.2],"rotation":{"angle":0.0,"axis":"x","origin":[11.62306,-2.3632288,8.0]},"faces":{"down":{"uv":[3.5615,4.1885,3.3135,4.4365],"rotation":0,"texture":"#1","tintindex":0},"east":{"uv":[1.501,4.1885,1.749,4.4365],"rotation":0,"texture":"#1","tintindex":0},"north":{"uv":[0.876,4.1885,1.124,4.4365],"rotation":0,"texture":"#1","tintindex":0},"south":{"uv":[1.8135,4.1885,2.0615,4.4365],"rotation":0,"texture":"#1","tintindex":0},"up":{"uv":[2.6865,4.4365,2.4385,4.1885],"rotation":0,"texture":"#1","tintindex":0},"west":{"uv":[2.126,4.1885,2.374,4.4365],"rotation":0,"texture":"#1","tintindex":0}}},{"name":"left arm","from":[8.923059,3.8167717,6.2],"to":[9.52306,5.016772,6.8],"rotation":{"angle":45.0,"axis":"z","origin":[9.223061,4.416772,6.5]},"faces":{"down":{"uv":[8.374,2.001,8.3135,2.0615],"rotation":0,"texture":"#1","tintindex":0},"east":{"uv":[5.1885,7.876,5.249,7.999],"rotation":0,"texture":"#1","tintindex":0},"north":{"uv":[5.0635,7.876,5.124,7.999],"rotation":0,"texture":"#1","tintindex":0},"south":{"uv":[7.876,5.3135,7.9365,5.4365],"rotation":0,"texture":"#1","tintindex":0},"up":{"uv":[8.374,1.8115,8.3135,1.751],"rotation":0,"texture":"#1","tintindex":0},"west":{"uv":[5.8135,7.876,5.874,7.999],"rotation":0,"texture":"#1","tintindex":0}}},{"name":"left arm","from":[8.923059,3.8167717,6.8],"to":[9.52306,4.416772,7.4],"rotation":{"angle":45.0,"axis":"z","origin":[9.223061,4.416772,6.5]},"faces":{"down":{"uv":[2.8115,8.3135,2.751,8.374],"rotation":0,"texture":"#1","tintindex":0},"east":{"uv":[2.251,8.3135,2.3115,8.374],"rotation":0,"texture":"#1","tintindex":0},"north":{"uv":[2.126,8.3135,2.1865,8.374],"rotation":0,"texture":"#1","tintindex":0},"south":{"uv":[8.3135,2.376,8.374,2.4365],"rotation":0,"texture":"#1","tintindex":0},"up":{"uv":[2.6865,8.374,2.626,8.3135],"rotation":0,"texture":"#1","tintindex":0},"west":{"uv":[2.501,8.3135,2.5615,8.374],"rotation":0,"texture":"#1","tintindex":0}}},{"name":"left arm inverted","from":[9.10306,7.574272,9.1025],"to":[6.94306,5.4142714,6.9425],"rotation":{"angle":0.0,"axis":"x","origin":[11.62306,-2.3632288,8.0]},"faces":{"down":{"uv":[4.126,3.4365,4.374,3.1885],"rotation":0,"texture":"#1","tintindex":0},"east":{"uv":[4.126,3.124,4.374,2.876],"rotation":0,"texture":"#1","tintindex":0},"north":{"uv":[4.126,1.1865,4.374,0.9385],"rotation":0,"texture":"#1","tintindex":0},"south":{"uv":[0.001,4.374,0.249,4.126],"rotation":0,"texture":"#1","tintindex":0},"up":{"uv":[4.126,3.501,4.374,3.749],"rotation":0,"texture":"#1","tintindex":0},"west":{"uv":[4.126,0.874,4.374,0.626],"rotation":0,"texture":"#1","tintindex":0}}}],"display":{"head":{"translation":[0.0,-6.4,0.0],"rotation":[0.0,0.0,0.0],"scale":[3.8095,3.8095,3.8095]}}}