{"textures":{"0":"modelengine:entity/boneshadingravager","1":"modelengine:entity/fallenravager","2":"modelengine:entity/fravager_gosido","3":"modelengine:entity/boneshadingravager_e"},"elements":[{"name":"left arm","from":[9.198118,7.5512576,6.803],"to":[9.798119,8.301258,9.1970005],"rotation":{"angle":22.5,"axis":"z","origin":[8.898119,8.301258,8.0]},"faces":{"down":{"uv":[7.1865,2.1885,7.126,2.4365],"rotation":0,"texture":"#1","tintindex":0},"east":{"uv":[7.0635,7.001,7.3115,7.0615],"rotation":0,"texture":"#1","tintindex":0},"north":{"uv":[1.501,8.376,1.5615,8.4365],"rotation":0,"texture":"#1","tintindex":0},"south":{"uv":[1.751,8.376,1.8115,8.4365],"rotation":0,"texture":"#1","tintindex":0},"up":{"uv":[7.1865,0.874,7.126,0.626],"rotation":0,"texture":"#1","tintindex":0},"west":{"uv":[7.126,0.001,7.374,0.0615],"rotation":0,"texture":"#1","tintindex":0}}},{"name":"left arm","from":[7.7,8.0,6.8],"to":[9.5,8.6,9.2],"rotation":{"angle":0.0,"axis":"x","origin":[5.3,-5.8,8.0]},"faces":{"down":{"uv":[3.4365,5.1885,3.251,5.4365],"rotation":0,"texture":"#1","tintindex":0},"east":{"uv":[7.0635,6.751,7.3115,6.8115],"rotation":0,"texture":"#1","tintindex":0},"north":{"uv":[7.501,4.6885,7.6865,4.749],"rotation":0,"texture":"#1","tintindex":0},"south":{"uv":[7.5635,0.751,7.749,0.8115],"rotation":0,"texture":"#1","tintindex":0},"up":{"uv":[2.8115,5.4365,2.626,5.1885],"rotation":0,"texture":"#1","tintindex":0},"west":{"uv":[7.0635,6.876,7.3115,6.9365],"rotation":0,"texture":"#1","tintindex":0}}},{"name":"left arm","from":[9.5,5.0,6.8],"to":[10.1,5.6,9.2],"rotation":{"angle":0.0,"axis":"x","origin":[6.92,-6.4000006,8.0]},"faces":{"down":{"uv":[7.124,6.4385,7.0635,6.6865],"rotation":0,"texture":"#1","tintindex":0},"east":{"uv":[6.126,7.0635,6.374,7.124],"rotation":0,"texture":"#1","tintindex":0},"north":{"uv":[8.376,1.0635,8.4365,1.124],"rotation":0,"texture":"#1","tintindex":0},"south":{"uv":[8.376,1.1885,8.4365,1.249],"rotation":0,"texture":"#1","tintindex":0},"up":{"uv":[6.499,7.3115,6.4385,7.0635],"rotation":0,"texture":"#1","tintindex":0},"west":{"uv":[7.0635,6.3135,7.3115,6.374],"rotation":0,"texture":"#1","tintindex":0}}},{"name":"left arm","from":[7.7,5.0,6.8],"to":[8.3,5.6,9.2],"rotation":{"angle":0.0,"axis":"x","origin":[5.45,-6.4000006,8.0]},"faces":{"down":{"uv":[7.124,6.001,7.0635,6.249],"rotation":0,"texture":"#1","tintindex":0},"east":{"uv":[7.0635,3.876,7.3115,3.9365],"rotation":0,"texture":"#1","tintindex":0},"north":{"uv":[0.751,8.376,0.8115,8.4365],"rotation":0,"texture":"#1","tintindex":0},"south":{"uv":[0.876,8.376,0.9365,8.4365],"rotation":0,"texture":"#1","tintindex":0},"up":{"uv":[6.0615,7.3115,6.001,7.0635],"rotation":0,"texture":"#1","tintindex":0},"west":{"uv":[7.0635,4.876,7.3115,4.9365],"rotation":0,"texture":"#1","tintindex":0}}},{"name":"left arm","from":[9.4964,4.9964,8.8364],"to":[10.1036005,8.003599,9.4436],"rotation":{"angle":45.0,"axis":"y","origin":[9.8,6.8,8.9]},"faces":{"down":{"uv":[8.4365,0.626,8.376,0.6865],"rotation":0,"texture":"#1","tintindex":0},"east":{"uv":[1.751,6.626,1.8115,6.9365],"rotation":0,"texture":"#1","tintindex":0},"north":{"uv":[6.626,1.6885,6.6865,1.999],"rotation":0,"texture":"#1","tintindex":0},"south":{"uv":[2.1885,6.626,2.249,6.9365],"rotation":0,"texture":"#1","tintindex":0},"up":{"uv":[0.6865,8.4365,0.626,8.376],"rotation":0,"texture":"#1","tintindex":0},"west":{"uv":[2.5635,6.626,2.624,6.9365],"rotation":0,"texture":"#1","tintindex":0}}},{"name":"left arm","from":[9.4964,4.9964,6.6914],"to":[10.1036005,8.003599,7.2986],"rotation":{"angle":-45.0,"axis":"y","origin":[9.8,6.8,7.235]},"faces":{"down":{"uv":[8.4365,0.501,8.376,0.5615],"rotation":0,"texture":"#1","tintindex":0},"east":{"uv":[6.626,0.376,6.6865,0.6865],"rotation":0,"texture":"#1","tintindex":0},"north":{"uv":[6.5635,5.376,6.624,5.6865],"rotation":0,"texture":"#1","tintindex":0},"south":{"uv":[6.626,0.751,6.6865,1.0615],"rotation":0,"texture":"#1","tintindex":0},"up":{"uv":[0.5615,8.4365,0.501,8.376],"rotation":0,"texture":"#1","tintindex":0},"west":{"uv":[1.501,6.626,1.5615,6.9365],"rotation":0,"texture":"#1","tintindex":0}}},{"name":"left arm","from":[7.7,5.6,6.8],"to":[10.1,8.0,9.2],"rotation":{"angle":0.0,"axis":"x","origin":[5.3,-5.8,8.0]},"faces":{"down":{"uv":[4.8115,1.9385,4.5635,2.1865],"rotation":0,"texture":"#1","tintindex":0},"east":{"uv":[4.5635,0.001,4.8115,0.249],"rotation":0,"texture":"#1","tintindex":0},"north":{"uv":[3.3135,4.501,3.5615,4.749],"rotation":0,"texture":"#1","tintindex":0},"south":{"uv":[4.5635,0.3135,4.8115,0.5615],"rotation":0,"texture":"#1","tintindex":0},"up":{"uv":[1.3115,4.8115,1.0635,4.5635],"rotation":0,"texture":"#1","tintindex":0},"west":{"uv":[0.4385,4.5635,0.6865,4.8115],"rotation":0,"texture":"#1","tintindex":0}}},{"name":"left arm inverted","from":[10.1,8.0,9.2],"to":[7.7,5.6,6.8],"rotation":{"angle":0.0,"axis":"x","origin":[5.3,-5.8,8.0]},"faces":{"down":{"uv":[1.0635,4.8115,1.3115,4.5635],"rotation":0,"texture":"#1","tintindex":0},"east":{"uv":[0.4385,4.8115,0.6865,4.5635],"rotation":0,"texture":"#1","tintindex":0},"north":{"uv":[4.5635,0.5615,4.8115,0.3135],"rotation":0,"texture":"#1","tintindex":0},"south":{"uv":[3.3135,4.749,3.5615,4.501],"rotation":0,"texture":"#1","tintindex":0},"up":{"uv":[4.5635,1.9385,4.8115,2.1865],"rotation":0,"texture":"#1","tintindex":0},"west":{"uv":[4.5635,0.249,4.8115,0.001],"rotation":0,"texture":"#1","tintindex":0}}}],"display":{"head":{"translation":[0.0,-6.4,0.0],"rotation":[0.0,0.0,0.0],"scale":[3.8095,3.8095,3.8095]}}}