{"textures":{"0":"modelengine:entity/imp"},"elements":[{"name":"cube","from":[6.756122,2.4484818,11.0],"to":[7.356122,6.048481,12.2],"rotation":{"angle":0.0,"axis":"x","origin":[7.356122,10.548481,11.0]},"faces":{"down":{"uv":[8.75,1.5,8.5,2.0],"rotation":0,"texture":"#0","tintindex":0},"east":{"uv":[6.75,5.5,7.25,7.0],"rotation":0,"texture":"#0","tintindex":0},"north":{"uv":[2.5,8.25,2.75,9.75],"rotation":0,"texture":"#0","tintindex":0},"south":{"uv":[2.75,8.25,3.0,9.75],"rotation":0,"texture":"#0","tintindex":0},"up":{"uv":[2.75,7.5,2.5,7.0],"rotation":0,"texture":"#0","tintindex":0},"west":{"uv":[6.0,6.75,6.5,8.25],"rotation":0,"texture":"#0","tintindex":0}}},{"name":"cube","from":[4.7,-2.5000005,10.4],"to":[4.7,-0.7000003,12.8],"rotation":{"angle":45.0,"axis":"z","origin":[5.0,0.19999981,11.6]},"faces":{"down":{"uv":[0.0,0.0,0.0,1.0],"rotation":0,"texture":"#0","tintindex":0},"east":{"uv":[7.5,7.0,6.5,7.75],"rotation":0,"texture":"#0","tintindex":0},"north":{"uv":[0.0,0.0,0.0,0.75],"rotation":0,"texture":"#0","tintindex":0},"south":{"uv":[0.0,0.0,0.0,0.75],"rotation":0,"texture":"#0","tintindex":0},"up":{"uv":[0.0,1.0,0.0,0.0],"rotation":0,"texture":"#0","tintindex":0},"west":{"uv":[6.5,7.0,7.5,7.75],"rotation":0,"texture":"#0","tintindex":0}}},{"name":"cube","from":[6.434543,-0.96820545,10.4],"to":[6.434543,0.83179474,12.8],"rotation":{"angle":-22.5,"axis":"z","origin":[6.734543,1.7317948,11.6]},"faces":{"down":{"uv":[0.0,0.0,0.0,1.0],"rotation":0,"texture":"#0","tintindex":0},"east":{"uv":[8.0,3.0,7.0,3.75],"rotation":0,"texture":"#0","tintindex":0},"north":{"uv":[0.0,0.0,0.0,0.75],"rotation":0,"texture":"#0","tintindex":0},"south":{"uv":[0.0,0.0,0.0,0.75],"rotation":0,"texture":"#0","tintindex":0},"up":{"uv":[0.0,1.0,0.0,0.0],"rotation":0,"texture":"#0","tintindex":0},"west":{"uv":[7.0,3.0,8.0,3.75],"rotation":0,"texture":"#0","tintindex":0}}},{"name":"cube","from":[6.434543,0.83179474,11.0],"to":[7.034543,2.631795,12.2],"rotation":{"angle":-22.5,"axis":"z","origin":[6.734543,1.7317948,11.6]},"faces":{"down":{"uv":[3.75,8.5,3.5,9.0],"rotation":0,"texture":"#0","tintindex":0},"east":{"uv":[4.25,8.25,4.75,9.0],"rotation":0,"texture":"#0","tintindex":0},"north":{"uv":[0.0,8.5,0.25,9.25],"rotation":0,"texture":"#0","tintindex":0},"south":{"uv":[0.25,8.5,0.5,9.25],"rotation":0,"texture":"#0","tintindex":0},"up":{"uv":[3.5,9.0,3.25,8.5],"rotation":0,"texture":"#0","tintindex":0},"west":{"uv":[8.25,4.25,8.75,5.0],"rotation":0,"texture":"#0","tintindex":0}}},{"name":"cube","from":[6.756122,6.881934,7.5694914],"to":[7.9561224,9.281935,9.369492],"rotation":{"angle":-45.0,"axis":"x","origin":[7.356122,8.381934,8.169492]},"faces":{"down":{"uv":[2.5,8.25,2.0,9.0],"rotation":0,"texture":"#0","tintindex":0},"east":{"uv":[1.25,6.5,2.0,7.5],"rotation":0,"texture":"#0","tintindex":0},"north":{"uv":[5.5,7.75,6.0,8.75],"rotation":0,"texture":"#0","tintindex":0},"south":{"uv":[8.25,0.0,8.75,1.0],"rotation":0,"texture":"#0","tintindex":0},"up":{"uv":[2.0,9.0,1.5,8.25],"rotation":0,"texture":"#0","tintindex":0},"west":{"uv":[5.25,6.75,6.0,7.75],"rotation":0,"texture":"#0","tintindex":0}}},{"name":"cube","from":[6.756122,3.8819337,8.169492],"to":[7.356122,6.881934,9.369492],"rotation":{"angle":-45.0,"axis":"x","origin":[7.356122,8.381934,8.169492]},"faces":{"down":{"uv":[1.0,6.0,0.75,6.5],"rotation":0,"texture":"#0","tintindex":0},"east":{"uv":[2.0,7.0,2.5,8.25],"rotation":0,"texture":"#0","tintindex":0},"north":{"uv":[3.0,8.25,3.25,9.5],"rotation":0,"texture":"#0","tintindex":0},"south":{"uv":[4.75,8.25,5.0,9.5],"rotation":0,"texture":"#0","tintindex":0},"up":{"uv":[5.25,2.0,5.0,1.5],"rotation":0,"texture":"#0","tintindex":0},"west":{"uv":[0.0,7.25,0.5,8.5],"rotation":0,"texture":"#0","tintindex":0}}}],"display":{"head":{"translation":[0.0,-6.4,0.0],"rotation":[0.0,0.0,0.0],"scale":[3.8095,3.8095,3.8095]}}}