{"textures":{"0":"modelengine:entity/imp"},"elements":[{"name":"cube","from":[8.0,4.49027,6.08778],"to":[9.2,9.29027,7.88778],"rotation":{"angle":45.0,"axis":"x","origin":[8.3,6.89027,6.98778]},"faces":{"down":{"uv":[6.0,8.25,6.5,9.0],"rotation":0,"texture":"#0","tintindex":0},"east":{"uv":[5.0,0.0,4.25,2.0],"rotation":0,"texture":"#0","tintindex":0},"north":{"uv":[4.75,5.5,4.25,7.5],"rotation":0,"texture":"#0","tintindex":0},"south":{"uv":[5.25,5.5,4.75,7.5],"rotation":0,"texture":"#0","tintindex":0},"up":{"uv":[8.25,5.75,8.75,5.0],"rotation":0,"texture":"#0","tintindex":0},"west":{"uv":[2.25,3.5,1.5,5.5],"rotation":0,"texture":"#0","tintindex":0}}},{"name":"cube","from":[8.3,1.62961,4.6543274],"to":[8.9,5.82961,5.8543277],"rotation":{"angle":0.0,"axis":"x","origin":[6.5,13.92961,7.054328]},"faces":{"down":{"uv":[4.0,8.5,4.25,9.0],"rotation":0,"texture":"#0","tintindex":0},"east":{"uv":[1.25,6.5,0.75,8.25],"rotation":0,"texture":"#0","tintindex":0},"north":{"uv":[0.75,7.25,0.5,9.0],"rotation":0,"texture":"#0","tintindex":0},"south":{"uv":[1.0,8.25,0.75,10.0],"rotation":0,"texture":"#0","tintindex":0},"up":{"uv":[3.75,9.0,4.0,8.5],"rotation":0,"texture":"#0","tintindex":0},"west":{"uv":[3.25,5.75,2.75,7.5],"rotation":0,"texture":"#0","tintindex":0}}},{"name":"cube","from":[7.7,1.3999997,2.8999999],"to":[9.5,1.3999997,4.7],"rotation":{"angle":-22.5,"axis":"x","origin":[8.3,1.3999997,4.1]},"faces":{"down":{"uv":[8.25,7.0,7.5,7.75],"rotation":0,"texture":"#0","tintindex":0},"east":{"uv":[0.75,0.0,0.0,0.0],"rotation":0,"texture":"#0","tintindex":0},"north":{"uv":[0.75,0.0,0.0,0.0],"rotation":0,"texture":"#0","tintindex":0},"south":{"uv":[0.75,0.0,0.0,0.0],"rotation":0,"texture":"#0","tintindex":0},"up":{"uv":[7.5,7.75,8.25,7.0],"rotation":0,"texture":"#0","tintindex":0},"west":{"uv":[0.75,0.0,0.0,0.0],"rotation":0,"texture":"#0","tintindex":0}}}],"display":{"head":{"translation":[0.0,-6.4,0.0],"rotation":[0.0,0.0,0.0],"scale":[3.8095,3.8095,3.8095]}}}