{"textures":{"0":"modelengine:entity/dungeon_cage"},"elements":[{"name":"cube","from":[6.8,-3.4000006,6.2],"to":[9.8,-1.6000004,9.8],"rotation":{"angle":0.0,"axis":"x","origin":[5.6,-10.000001,0.19999981]},"faces":{"down":{"uv":[7.25,6.75,6.625,7.5],"rotation":0,"texture":"#0","tintindex":0},"east":{"uv":[7.0,3.0,7.75,3.375],"rotation":0,"texture":"#0","tintindex":0},"north":{"uv":[7.375,5.5,8.0,5.875],"rotation":0,"texture":"#0","tintindex":0},"south":{"uv":[6.0,7.5,6.625,7.875],"rotation":0,"texture":"#0","tintindex":0},"up":{"uv":[6.625,7.5,6.0,6.75],"rotation":0,"texture":"#0","tintindex":0},"west":{"uv":[7.0,3.375,7.75,3.75],"rotation":0,"texture":"#0","tintindex":0}}},{"name":"cube","from":[3.1999998,-11.200001,3.1999998],"to":[12.8,-10.6,12.8],"rotation":{"angle":0.0,"axis":"x","origin":[8.0,-11.200001,8.0]},"faces":{"down":{"uv":[6.0,2.0,4.0,4.0],"rotation":0,"texture":"#0","tintindex":0},"east":{"uv":[7.0,6.125,9.0,6.25],"rotation":0,"texture":"#0","tintindex":0},"north":{"uv":[7.0,6.0,9.0,6.125],"rotation":0,"texture":"#0","tintindex":0},"south":{"uv":[7.0,6.25,9.0,6.375],"rotation":0,"texture":"#0","tintindex":0},"up":{"uv":[6.0,2.0,4.0,0.0],"rotation":0,"texture":"#0","tintindex":0},"west":{"uv":[7.0,6.375,9.0,6.5],"rotation":0,"texture":"#0","tintindex":0}}},{"name":"cube","from":[3.1999998,8.0,3.1999998],"to":[12.8,8.0,12.8],"rotation":{"angle":0.0,"axis":"x","origin":[8.0,-11.200001,8.0]},"faces":{"down":{"uv":[6.0,4.0,4.0,6.0],"rotation":0,"texture":"#0","tintindex":0},"east":{"uv":[2.0,0.0,4.0,3.875],"rotation":0,"texture":"#0","tintindex":0},"north":{"uv":[2.0,0.0,4.0,3.875],"rotation":0,"texture":"#0","tintindex":0},"south":{"uv":[2.0,0.0,4.0,3.875],"rotation":0,"texture":"#0","tintindex":0},"up":{"uv":[6.0,6.0,4.0,4.0],"rotation":0,"texture":"#0","tintindex":0},"west":{"uv":[2.0,0.0,4.0,3.875],"rotation":0,"texture":"#0","tintindex":0}}},{"name":"cube","from":[3.1999998,-10.6,3.1999998],"to":[3.1999998,8.0,12.8],"rotation":{"angle":0.0,"axis":"x","origin":[8.0,-11.200001,8.0]},"faces":{"down":{"uv":[8.0,0.0,6.0,2.0],"rotation":0,"texture":"#0","tintindex":0},"east":{"uv":[2.0,0.0,4.0,3.875],"rotation":0,"texture":"#0","tintindex":0},"north":{"uv":[2.0,0.0,4.0,3.875],"rotation":0,"texture":"#0","tintindex":0},"south":{"uv":[2.0,0.0,4.0,3.875],"rotation":0,"texture":"#0","tintindex":0},"up":{"uv":[6.0,6.0,4.0,4.0],"rotation":0,"texture":"#0","tintindex":0},"west":{"uv":[2.0,0.0,4.0,3.875],"rotation":0,"texture":"#0","tintindex":0}}},{"name":"cube","from":[3.1999998,-10.6,12.8],"to":[12.8,8.0,12.8],"rotation":{"angle":0.0,"axis":"x","origin":[8.0,-11.200001,8.0]},"faces":{"down":{"uv":[8.0,0.0,6.0,2.0],"rotation":0,"texture":"#0","tintindex":0},"east":{"uv":[2.0,0.0,4.0,3.875],"rotation":0,"texture":"#0","tintindex":0},"north":{"uv":[2.0,0.0,4.0,3.875],"rotation":0,"texture":"#0","tintindex":0},"south":{"uv":[2.0,0.0,4.0,3.875],"rotation":0,"texture":"#0","tintindex":0},"up":{"uv":[6.0,6.0,4.0,4.0],"rotation":0,"texture":"#0","tintindex":0},"west":{"uv":[2.0,0.0,4.0,3.875],"rotation":0,"texture":"#0","tintindex":0}}},{"name":"cube","from":[3.1999998,-10.6,3.1999998],"to":[12.8,8.0,3.1999998],"rotation":{"angle":0.0,"axis":"x","origin":[8.0,-11.200001,8.0]},"faces":{"down":{"uv":[8.0,0.0,6.0,2.0],"rotation":0,"texture":"#0","tintindex":0},"east":{"uv":[2.0,0.0,4.0,3.875],"rotation":0,"texture":"#0","tintindex":0},"north":{"uv":[2.0,0.0,4.0,3.875],"rotation":0,"texture":"#0","tintindex":0},"south":{"uv":[2.0,0.0,4.0,3.875],"rotation":0,"texture":"#0","tintindex":0},"up":{"uv":[6.0,6.0,4.0,4.0],"rotation":0,"texture":"#0","tintindex":0},"west":{"uv":[2.0,0.0,4.0,3.875],"rotation":0,"texture":"#0","tintindex":0}}},{"name":"cube","from":[12.8,-10.6,3.1999998],"to":[12.8,8.0,12.8],"rotation":{"angle":0.0,"axis":"x","origin":[8.0,-11.200001,8.0]},"faces":{"down":{"uv":[8.0,0.0,6.0,2.0],"rotation":0,"texture":"#0","tintindex":0},"east":{"uv":[2.0,0.0,4.0,3.875],"rotation":0,"texture":"#0","tintindex":0},"north":{"uv":[2.0,0.0,4.0,3.875],"rotation":0,"texture":"#0","tintindex":0},"south":{"uv":[2.0,0.0,4.0,3.875],"rotation":0,"texture":"#0","tintindex":0},"up":{"uv":[6.0,6.0,4.0,4.0],"rotation":0,"texture":"#0","tintindex":0},"west":{"uv":[2.0,0.0,4.0,3.875],"rotation":0,"texture":"#0","tintindex":0}}},{"name":"cube","from":[8.0,8.0,6.2],"to":[8.0,10.4,9.8],"rotation":{"angle":0.0,"axis":"x","origin":[8.0,-11.200001,8.0]},"faces":{"down":{"uv":[0.0,0.0,0.0,0.75],"rotation":0,"texture":"#0","tintindex":0},"east":{"uv":[7.0,2.0,7.75,2.5],"rotation":0,"texture":"#0","tintindex":0},"north":{"uv":[0.0,0.0,0.0,0.5],"rotation":0,"texture":"#0","tintindex":0},"south":{"uv":[0.0,0.0,0.0,0.5],"rotation":0,"texture":"#0","tintindex":0},"up":{"uv":[0.0,0.75,0.0,0.0],"rotation":0,"texture":"#0","tintindex":0},"west":{"uv":[7.0,2.0,7.75,2.5],"rotation":0,"texture":"#0","tintindex":0}}},{"name":"cube","from":[5.0,-1.6000004,5.6],"to":[9.8,1.3999997,10.4],"rotation":{"angle":0.0,"axis":"x","origin":[5.6,-10.000001,0.19999981]},"faces":{"down":{"uv":[7.0,3.0,6.0,4.0],"rotation":0,"texture":"#0","tintindex":0},"east":{"uv":[5.0,6.0,6.0,6.625],"rotation":0,"texture":"#0","tintindex":0},"north":{"uv":[6.0,4.875,7.0,5.5],"rotation":0,"texture":"#0","tintindex":0},"south":{"uv":[6.0,5.5,7.0,6.125],"rotation":0,"texture":"#0","tintindex":0},"up":{"uv":[7.0,3.0,6.0,2.0],"rotation":0,"texture":"#0","tintindex":0},"west":{"uv":[6.0,6.125,7.0,6.75],"rotation":0,"texture":"#0","tintindex":0}}},{"name":"cube","from":[5.0,-4.6000004,7.4],"to":[6.2,-1.6000004,8.6],"rotation":{"angle":0.0,"axis":"x","origin":[5.6,-10.000001,0.19999981]},"faces":{"down":{"uv":[4.875,7.75,4.625,8.0],"rotation":0,"texture":"#0","tintindex":0},"east":{"uv":[7.75,2.5,8.0,3.125],"rotation":0,"texture":"#0","tintindex":0},"north":{"uv":[2.5,7.75,2.75,8.375],"rotation":0,"texture":"#0","tintindex":0},"south":{"uv":[2.75,7.75,3.0,8.375],"rotation":0,"texture":"#0","tintindex":0},"up":{"uv":[8.0,4.375,7.75,4.125],"rotation":0,"texture":"#0","tintindex":0},"west":{"uv":[3.0,7.75,3.25,8.375],"rotation":0,"texture":"#0","tintindex":0}}},{"name":"cube","from":[5.6,-8.200001,5.6],"to":[8.0,-4.0000005,10.4],"rotation":{"angle":22.5,"axis":"z","origin":[6.2,-6.1000004,8.0]},"faces":{"down":{"uv":[6.0,6.625,5.5,7.625],"rotation":0,"texture":"#0","tintindex":0},"east":{"uv":[4.0,6.0,5.0,6.875],"rotation":0,"texture":"#0","tintindex":0},"north":{"uv":[4.0,6.875,4.5,7.75],"rotation":0,"texture":"#0","tintindex":0},"south":{"uv":[4.5,6.875,5.0,7.75],"rotation":0,"texture":"#0","tintindex":0},"up":{"uv":[5.5,7.625,5.0,6.625],"rotation":0,"texture":"#0","tintindex":0},"west":{"uv":[6.0,4.0,7.0,4.875],"rotation":0,"texture":"#0","tintindex":0}}},{"name":"cube","from":[5.6,-5.200001,4.3999996],"to":[10.4,-4.0000005,5.6],"rotation":{"angle":22.5,"axis":"y","origin":[8.0,-4.6000004,5.0]},"faces":{"down":{"uv":[8.25,7.25,7.25,7.5],"rotation":0,"texture":"#0","tintindex":0},"east":{"uv":[7.625,7.75,7.875,8.0],"rotation":0,"texture":"#0","tintindex":0},"north":{"uv":[7.0,6.5,8.0,6.75],"rotation":0,"texture":"#0","tintindex":0},"south":{"uv":[7.25,6.75,8.25,7.0],"rotation":0,"texture":"#0","tintindex":0},"up":{"uv":[8.25,7.25,7.25,7.0],"rotation":0,"texture":"#0","tintindex":0},"west":{"uv":[4.875,7.875,5.125,8.125],"rotation":0,"texture":"#0","tintindex":0}}},{"name":"cube","from":[9.2,-3.8500004,3.4999998],"to":[12.8,-2.6500006,4.7],"rotation":{"angle":45.0,"axis":"z","origin":[11.6,-3.2500005,4.1]},"faces":{"down":{"uv":[8.375,5.25,7.375,5.5],"rotation":0,"texture":"#0","tintindex":0},"east":{"uv":[5.125,7.875,5.375,8.125],"rotation":0,"texture":"#0","tintindex":0},"north":{"uv":[7.375,4.5,8.375,4.75],"rotation":0,"texture":"#0","tintindex":0},"south":{"uv":[7.375,4.75,8.375,5.0],"rotation":0,"texture":"#0","tintindex":0},"up":{"uv":[8.375,5.25,7.375,5.0],"rotation":0,"texture":"#0","tintindex":0},"west":{"uv":[5.375,7.875,5.625,8.125],"rotation":0,"texture":"#0","tintindex":0}}},{"name":"cube","from":[11.6,-2.6500006,2.6],"to":[13.400001,-0.25000024,4.3999996],"rotation":{"angle":22.5,"axis":"y","origin":[12.5,-1.4500003,3.4999998]},"faces":{"down":{"uv":[4.0,7.75,3.625,8.125],"rotation":0,"texture":"#0","tintindex":0},"east":{"uv":[1.75,7.75,2.125,8.25],"rotation":0,"texture":"#0","tintindex":0},"north":{"uv":[1.375,7.75,1.75,8.25],"rotation":0,"texture":"#0","tintindex":0},"south":{"uv":[7.75,2.0,8.125,2.5],"rotation":0,"texture":"#0","tintindex":0},"up":{"uv":[8.125,3.875,7.75,3.5],"rotation":0,"texture":"#0","tintindex":0},"west":{"uv":[2.125,7.75,2.5,8.25],"rotation":0,"texture":"#0","tintindex":0}}},{"name":"cube","from":[5.6,-5.200001,10.4],"to":[10.4,-4.0000005,11.6],"rotation":{"angle":-22.5,"axis":"y","origin":[8.0,-4.6000004,11.0]},"faces":{"down":{"uv":[8.25,7.5,7.25,7.25],"rotation":0,"texture":"#0","tintindex":0},"east":{"uv":[7.875,7.75,7.625,8.0],"rotation":0,"texture":"#0","tintindex":0},"north":{"uv":[8.25,6.75,7.25,7.0],"rotation":0,"texture":"#0","tintindex":0},"south":{"uv":[8.0,6.5,7.0,6.75],"rotation":0,"texture":"#0","tintindex":0},"up":{"uv":[8.25,7.0,7.25,7.25],"rotation":0,"texture":"#0","tintindex":0},"west":{"uv":[5.125,7.875,4.875,8.125],"rotation":0,"texture":"#0","tintindex":0}}},{"name":"cube","from":[11.6,-2.6500006,11.6],"to":[13.400001,-0.25000024,13.400001],"rotation":{"angle":-22.5,"axis":"y","origin":[12.5,-1.4500003,12.5]},"faces":{"down":{"uv":[4.0,8.125,3.625,7.75],"rotation":0,"texture":"#0","tintindex":0},"east":{"uv":[2.125,7.75,1.75,8.25],"rotation":0,"texture":"#0","tintindex":0},"north":{"uv":[8.125,2.0,7.75,2.5],"rotation":0,"texture":"#0","tintindex":0},"south":{"uv":[1.75,7.75,1.375,8.25],"rotation":0,"texture":"#0","tintindex":0},"up":{"uv":[8.125,3.5,7.75,3.875],"rotation":0,"texture":"#0","tintindex":0},"west":{"uv":[2.5,7.75,2.125,8.25],"rotation":0,"texture":"#0","tintindex":0}}},{"name":"cube","from":[9.2,-3.8500004,11.3],"to":[12.8,-2.6500006,12.5],"rotation":{"angle":45.0,"axis":"z","origin":[11.6,-3.2500005,11.900001]},"faces":{"down":{"uv":[8.375,5.5,7.375,5.25],"rotation":0,"texture":"#0","tintindex":0},"east":{"uv":[5.375,7.875,5.125,8.125],"rotation":0,"texture":"#0","tintindex":0},"north":{"uv":[8.375,4.75,7.375,5.0],"rotation":0,"texture":"#0","tintindex":0},"south":{"uv":[8.375,4.5,7.375,4.75],"rotation":0,"texture":"#0","tintindex":0},"up":{"uv":[8.375,5.0,7.375,5.25],"rotation":0,"texture":"#0","tintindex":0},"west":{"uv":[5.625,7.875,5.375,8.125],"rotation":0,"texture":"#0","tintindex":0}}},{"name":"cube","from":[5.6,-9.400001,7.4],"to":[6.2,-8.200001,8.6],"rotation":{"angle":22.5,"axis":"z","origin":[6.2,-6.1000004,8.0]},"faces":{"down":{"uv":[6.25,7.875,6.125,8.125],"rotation":0,"texture":"#0","tintindex":0},"east":{"uv":[6.625,7.75,6.875,8.0],"rotation":0,"texture":"#0","tintindex":0},"north":{"uv":[5.625,7.875,5.75,8.125],"rotation":0,"texture":"#0","tintindex":0},"south":{"uv":[5.75,7.875,5.875,8.125],"rotation":0,"texture":"#0","tintindex":0},"up":{"uv":[6.125,8.125,6.0,7.875],"rotation":0,"texture":"#0","tintindex":0},"west":{"uv":[6.875,7.75,7.125,8.0],"rotation":0,"texture":"#0","tintindex":0}}},{"name":"cube","from":[5.6,-11.200001,6.2],"to":[7.4,-9.400001,9.8],"rotation":{"angle":22.5,"axis":"z","origin":[6.2,-6.1000004,8.0]},"faces":{"down":{"uv":[7.375,5.25,7.0,6.0],"rotation":0,"texture":"#0","tintindex":0},"east":{"uv":[7.0,3.75,7.75,4.125],"rotation":0,"texture":"#0","tintindex":0},"north":{"uv":[7.75,3.125,8.125,3.5],"rotation":0,"texture":"#0","tintindex":0},"south":{"uv":[3.25,7.75,3.625,8.125],"rotation":0,"texture":"#0","tintindex":0},"up":{"uv":[7.375,5.25,7.0,4.5],"rotation":0,"texture":"#0","tintindex":0},"west":{"uv":[7.0,4.125,7.75,4.5],"rotation":0,"texture":"#0","tintindex":0}}},{"name":"cube","from":[9.2,-10.6,5.0],"to":[13.400001,-9.400001,6.2],"rotation":{"angle":22.5,"axis":"y","origin":[9.5,-10.000001,5.6]},"faces":{"down":{"uv":[0.875,7.75,0.0,8.0],"rotation":0,"texture":"#0","tintindex":0},"east":{"uv":[7.125,7.75,7.375,8.0],"rotation":0,"texture":"#0","tintindex":0},"north":{"uv":[6.625,7.5,7.5,7.75],"rotation":0,"texture":"#0","tintindex":0},"south":{"uv":[7.5,7.5,8.375,7.75],"rotation":0,"texture":"#0","tintindex":0},"up":{"uv":[5.875,7.875,5.0,7.625],"rotation":0,"texture":"#0","tintindex":0},"west":{"uv":[7.375,7.75,7.625,8.0],"rotation":0,"texture":"#0","tintindex":0}}},{"name":"cube","from":[12.8,-14.200002,5.0],"to":[13.400001,-10.6,6.2],"rotation":{"angle":22.5,"axis":"y","origin":[9.5,-10.000001,5.6]},"faces":{"down":{"uv":[6.5,7.875,6.375,8.125],"rotation":0,"texture":"#0","tintindex":0},"east":{"uv":[0.875,7.75,1.125,8.5],"rotation":0,"texture":"#0","tintindex":0},"north":{"uv":[5.875,7.625,6.0,8.375],"rotation":0,"texture":"#0","tintindex":0},"south":{"uv":[4.5,7.75,4.625,8.5],"rotation":0,"texture":"#0","tintindex":0},"up":{"uv":[6.375,8.125,6.25,7.875],"rotation":0,"texture":"#0","tintindex":0},"west":{"uv":[1.125,7.75,1.375,8.5],"rotation":0,"texture":"#0","tintindex":0}}},{"name":"cube","from":[12.8,-14.8,3.35],"to":[15.2,-14.200002,4.5499997],"rotation":{"angle":-22.5,"axis":"z","origin":[12.8,-14.500001,4.3999996]},"faces":{"down":{"uv":[4.5,7.75,4.0,8.0],"rotation":0,"texture":"#0","tintindex":0},"east":{"uv":[7.875,5.875,8.125,6.0],"rotation":0,"texture":"#0","tintindex":0},"north":{"uv":[7.375,5.875,7.875,6.0],"rotation":0,"texture":"#0","tintindex":0},"south":{"uv":[7.75,4.375,8.25,4.5],"rotation":0,"texture":"#0","tintindex":0},"up":{"uv":[8.25,4.125,7.75,3.875],"rotation":0,"texture":"#0","tintindex":0},"west":{"uv":[7.875,7.75,8.125,7.875],"rotation":0,"texture":"#0","tintindex":0}}},{"name":"cube","from":[9.2,-10.6,9.8],"to":[13.400001,-9.400001,11.0],"rotation":{"angle":-22.5,"axis":"y","origin":[9.5,-10.000001,10.4]},"faces":{"down":{"uv":[0.875,8.0,0.0,7.75],"rotation":0,"texture":"#0","tintindex":0},"east":{"uv":[7.375,7.75,7.125,8.0],"rotation":0,"texture":"#0","tintindex":0},"north":{"uv":[8.375,7.5,7.5,7.75],"rotation":0,"texture":"#0","tintindex":0},"south":{"uv":[7.5,7.5,6.625,7.75],"rotation":0,"texture":"#0","tintindex":0},"up":{"uv":[5.875,7.625,5.0,7.875],"rotation":0,"texture":"#0","tintindex":0},"west":{"uv":[7.625,7.75,7.375,8.0],"rotation":0,"texture":"#0","tintindex":0}}},{"name":"cube","from":[12.8,-14.200002,9.8],"to":[13.400001,-10.6,11.0],"rotation":{"angle":-22.5,"axis":"y","origin":[9.5,-10.000001,10.4]},"faces":{"down":{"uv":[6.5,8.125,6.375,7.875],"rotation":0,"texture":"#0","tintindex":0},"east":{"uv":[1.125,7.75,0.875,8.5],"rotation":0,"texture":"#0","tintindex":0},"north":{"uv":[4.625,7.75,4.5,8.5],"rotation":0,"texture":"#0","tintindex":0},"south":{"uv":[6.0,7.625,5.875,8.375],"rotation":0,"texture":"#0","tintindex":0},"up":{"uv":[6.375,7.875,6.25,8.125],"rotation":0,"texture":"#0","tintindex":0},"west":{"uv":[1.375,7.75,1.125,8.5],"rotation":0,"texture":"#0","tintindex":0}}},{"name":"cube","from":[12.8,-14.8,11.45],"to":[15.2,-14.200002,12.650001],"rotation":{"angle":-22.5,"axis":"z","origin":[12.8,-14.500001,11.6]},"faces":{"down":{"uv":[4.5,8.0,4.0,7.75],"rotation":0,"texture":"#0","tintindex":0},"east":{"uv":[8.125,5.875,7.875,6.0],"rotation":0,"texture":"#0","tintindex":0},"north":{"uv":[8.25,4.375,7.75,4.5],"rotation":0,"texture":"#0","tintindex":0},"south":{"uv":[7.875,5.875,7.375,6.0],"rotation":0,"texture":"#0","tintindex":0},"up":{"uv":[8.25,3.875,7.75,4.125],"rotation":0,"texture":"#0","tintindex":0},"west":{"uv":[8.125,7.75,7.875,7.875],"rotation":0,"texture":"#0","tintindex":0}}}],"display":{"head":{"translation":[0.0,-6.4,0.0],"rotation":[0.0,0.0,0.0],"scale":[3.8095,3.8095,3.8095]}}}