{"textures":{"0":"modelengine:entity/candy_cauldron"},"elements":[{"name":"cube","from":[3.6499999,9.81844,3.6173105],"to":[12.05,14.618442,12.017311],"rotation":{"angle":0.0,"axis":"x","origin":[7.85,8.01844,7.817311]},"faces":{"down":{"uv":[7.25,3.5,3.75,7.0],"rotation":0,"texture":"#0","tintindex":0},"east":{"uv":[7.25,0.0,10.75,2.0],"rotation":0,"texture":"#0","tintindex":0},"north":{"uv":[3.75,7.0,7.25,9.0],"rotation":0,"texture":"#0","tintindex":0},"south":{"uv":[7.25,2.0,10.75,4.0],"rotation":0,"texture":"#0","tintindex":0},"up":{"uv":[7.25,3.5,3.75,0.0],"rotation":0,"texture":"#0","tintindex":0},"west":{"uv":[7.25,4.0,10.75,6.0],"rotation":0,"texture":"#0","tintindex":0}}},{"name":"cube","from":[11.75,14.618442,6.9173107],"to":[14.75,17.01844,8.717311],"rotation":{"angle":22.5,"axis":"z","origin":[13.25,15.218441,7.817311]},"faces":{"down":{"uv":[1.25,10.5,0.0,11.25],"rotation":0,"texture":"#0","tintindex":0},"east":{"uv":[1.25,10.5,2.0,11.5],"rotation":0,"texture":"#0","tintindex":0},"north":{"uv":[2.5,7.5,3.75,8.5],"rotation":0,"texture":"#0","tintindex":0},"south":{"uv":[4.75,9.0,6.0,10.0],"rotation":0,"texture":"#0","tintindex":0},"up":{"uv":[7.25,9.75,6.0,9.0],"rotation":0,"texture":"#0","tintindex":0},"west":{"uv":[4.75,10.5,5.5,11.5],"rotation":0,"texture":"#0","tintindex":0}}},{"name":"cube","from":[0.9499998,14.618442,6.9173107],"to":[3.9499998,17.01844,8.717311],"rotation":{"angle":-22.5,"axis":"z","origin":[2.4499998,15.218441,7.817311]},"faces":{"down":{"uv":[0.0,10.5,1.25,11.25],"rotation":0,"texture":"#0","tintindex":0},"east":{"uv":[5.5,10.5,4.75,11.5],"rotation":0,"texture":"#0","tintindex":0},"north":{"uv":[3.75,7.5,2.5,8.5],"rotation":0,"texture":"#0","tintindex":0},"south":{"uv":[6.0,9.0,4.75,10.0],"rotation":0,"texture":"#0","tintindex":0},"up":{"uv":[6.0,9.75,7.25,9.0],"rotation":0,"texture":"#0","tintindex":0},"west":{"uv":[2.0,10.5,1.25,11.5],"rotation":0,"texture":"#0","tintindex":0}}},{"name":"cube","from":[3.35,14.618442,3.3173106],"to":[12.35,16.418442,12.317311],"rotation":{"angle":0.0,"axis":"x","origin":[7.85,8.01844,7.817311]},"faces":{"down":{"uv":[3.75,3.75,0.0,7.5],"rotation":0,"texture":"#0","tintindex":0},"east":{"uv":[9.5,9.25,13.25,10.0],"rotation":0,"texture":"#0","tintindex":0},"north":{"uv":[9.5,8.5,13.25,9.25],"rotation":0,"texture":"#0","tintindex":0},"south":{"uv":[9.75,6.0,13.5,6.75],"rotation":0,"texture":"#0","tintindex":0},"up":{"uv":[3.75,3.75,0.0,0.0],"rotation":0,"texture":"#0","tintindex":0},"west":{"uv":[9.75,6.75,13.5,7.5],"rotation":0,"texture":"#0","tintindex":0}}},{"name":"cube","from":[5.1499996,16.418442,5.1173105],"to":[10.55,17.01844,10.517311],"rotation":{"angle":0.0,"axis":"x","origin":[7.85,8.01844,7.817311]},"faces":{"down":{"uv":[4.75,9.0,2.5,11.25],"rotation":0,"texture":"#0","tintindex":0},"east":{"uv":[10.75,1.0,13.0,1.25],"rotation":0,"texture":"#0","tintindex":0},"north":{"uv":[10.75,0.75,13.0,1.0],"rotation":0,"texture":"#0","tintindex":0},"south":{"uv":[10.75,1.25,13.0,1.5],"rotation":0,"texture":"#0","tintindex":0},"up":{"uv":[9.5,10.75,7.25,8.5],"rotation":0,"texture":"#0","tintindex":0},"west":{"uv":[10.75,1.5,13.0,1.75],"rotation":0,"texture":"#0","tintindex":0}}},{"name":"cube","from":[4.85,8.618441,4.817311],"to":[10.85,9.81844,10.817311],"rotation":{"angle":0.0,"axis":"x","origin":[7.85,8.01844,7.817311]},"faces":{"down":{"uv":[2.5,7.5,0.0,10.0],"rotation":0,"texture":"#0","tintindex":0},"east":{"uv":[9.75,8.0,12.25,8.5],"rotation":0,"texture":"#0","tintindex":0},"north":{"uv":[9.75,7.5,12.25,8.0],"rotation":0,"texture":"#0","tintindex":0},"south":{"uv":[0.0,10.0,2.5,10.5],"rotation":0,"texture":"#0","tintindex":0},"up":{"uv":[9.75,8.5,7.25,6.0],"rotation":0,"texture":"#0","tintindex":0},"west":{"uv":[4.75,10.0,7.25,10.5],"rotation":0,"texture":"#0","tintindex":0}}},{"name":"cube","from":[10.43269,8.3,7.067311],"to":[12.232689,10.700001,8.267311],"rotation":{"angle":22.5,"axis":"z","origin":[11.632689,9.2,7.6673107]},"faces":{"down":{"uv":[11.5,3.75,10.75,4.25],"rotation":0,"texture":"#0","tintindex":0},"east":{"uv":[10.75,1.75,11.25,2.75],"rotation":0,"texture":"#0","tintindex":0},"north":{"uv":[5.5,10.5,6.25,11.5],"rotation":0,"texture":"#0","tintindex":0},"south":{"uv":[6.25,10.5,7.0,11.5],"rotation":0,"texture":"#0","tintindex":0},"up":{"uv":[3.25,9.0,2.5,8.5],"rotation":0,"texture":"#0","tintindex":0},"west":{"uv":[10.75,2.75,11.25,3.75],"rotation":0,"texture":"#0","tintindex":0}}},{"name":"cube","from":[3.4673107,8.3,7.067311],"to":[5.2673106,10.700001,8.267311],"rotation":{"angle":-22.5,"axis":"z","origin":[4.067311,9.2,7.6673107]},"faces":{"down":{"uv":[10.75,3.75,11.5,4.25],"rotation":0,"texture":"#0","tintindex":0},"east":{"uv":[11.25,2.75,10.75,3.75],"rotation":0,"texture":"#0","tintindex":0},"north":{"uv":[6.25,10.5,5.5,11.5],"rotation":0,"texture":"#0","tintindex":0},"south":{"uv":[7.0,10.5,6.25,11.5],"rotation":0,"texture":"#0","tintindex":0},"up":{"uv":[2.5,9.0,3.25,8.5],"rotation":0,"texture":"#0","tintindex":0},"west":{"uv":[11.25,1.75,10.75,2.75],"rotation":0,"texture":"#0","tintindex":0}}},{"name":"cube","from":[7.4,8.3,3.4346213],"to":[8.6,10.700001,5.2346215],"rotation":{"angle":22.5,"axis":"x","origin":[8.0,9.2,4.0346212]},"faces":{"down":{"uv":[10.75,3.75,11.5,4.25],"rotation":270,"texture":"#0","tintindex":0},"east":{"uv":[6.25,10.5,5.5,11.5],"rotation":0,"texture":"#0","tintindex":0},"north":{"uv":[11.25,1.75,10.75,2.75],"rotation":0,"texture":"#0","tintindex":0},"south":{"uv":[11.25,2.75,10.75,3.75],"rotation":0,"texture":"#0","tintindex":0},"up":{"uv":[2.5,9.0,3.25,8.5],"rotation":90,"texture":"#0","tintindex":0},"west":{"uv":[7.0,10.5,6.25,11.5],"rotation":0,"texture":"#0","tintindex":0}}},{"name":"cube","from":[7.4,8.3,10.4],"to":[8.6,10.700001,12.2],"rotation":{"angle":-22.5,"axis":"x","origin":[8.0,9.2,11.6]},"faces":{"down":{"uv":[11.5,3.75,10.75,4.25],"rotation":270,"texture":"#0","tintindex":0},"east":{"uv":[5.5,10.5,6.25,11.5],"rotation":0,"texture":"#0","tintindex":0},"north":{"uv":[10.75,2.75,11.25,3.75],"rotation":0,"texture":"#0","tintindex":0},"south":{"uv":[10.75,1.75,11.25,2.75],"rotation":0,"texture":"#0","tintindex":0},"up":{"uv":[3.25,9.0,2.5,8.5],"rotation":90,"texture":"#0","tintindex":0},"west":{"uv":[6.25,10.5,7.0,11.5],"rotation":0,"texture":"#0","tintindex":0}}}],"display":{"head":{"translation":[0.0,-6.4,0.0],"rotation":[0.0,0.0,0.0],"scale":[3.8095,3.8095,3.8095]}}}