{"textures":{"0":"modelengine:entity/queen"},"elements":[{"name":"cube","from":[3.7999997,2.6,8.0],"to":[12.2,8.0,9.2],"rotation":{"angle":0.0,"axis":"x","origin":[8.0,5.3,8.6]},"faces":{"down":{"uv":[9.9875,6.5125,8.2625,6.7375],"rotation":0,"texture":"#0","tintindex":0},"east":{"uv":[0.5125,8.6375,0.7375,9.7375],"rotation":0,"texture":"#0","tintindex":0},"north":{"uv":[0.0125,3.3875,1.7375,4.4875],"rotation":0,"texture":"#0","tintindex":0},"south":{"uv":[1.7625,3.3875,3.4875,4.4875],"rotation":0,"texture":"#0","tintindex":0},"up":{"uv":[9.9875,2.4875,8.2625,2.2625],"rotation":0,"texture":"#0","tintindex":0},"west":{"uv":[0.7625,8.6375,0.9875,9.7375],"rotation":0,"texture":"#0","tintindex":0}}}],"display":{"head":{"translation":[0.0,-6.4,0.0],"rotation":[0.0,0.0,0.0],"scale":[3.8095,3.8095,3.8095]}}}