{"textures":{"0":"modelengine:entity/queen"},"elements":[{"name":"cube","from":[3.7999997,2.6,8.0],"to":[12.2,8.0,9.2],"rotation":{"angle":0.0,"axis":"x","origin":[8.0,5.3,8.6]},"faces":{"down":{"uv":[10.1125,0.0125,8.3875,0.2375],"rotation":0,"texture":"#0","tintindex":0},"east":{"uv":[1.0125,8.6375,1.2375,9.7375],"rotation":0,"texture":"#0","tintindex":0},"north":{"uv":[3.5125,0.0125,5.2375,1.1125],"rotation":0,"texture":"#0","tintindex":0},"south":{"uv":[3.5125,1.1375,5.2375,2.2375],"rotation":0,"texture":"#0","tintindex":0},"up":{"uv":[1.7375,8.6125,0.0125,8.3875],"rotation":0,"texture":"#0","tintindex":0},"west":{"uv":[1.2625,8.6375,1.4875,9.7375],"rotation":0,"texture":"#0","tintindex":0}}}],"display":{"head":{"translation":[0.0,-6.4,0.0],"rotation":[0.0,0.0,0.0],"scale":[3.8095,3.8095,3.8095]}}}