{"textures":{"0":"modelengine:entity/queen"},"elements":[{"name":"cube","from":[3.7999997,2.6000004,8.0],"to":[12.2,8.0,9.2],"rotation":{"angle":0.0,"axis":"x","origin":[8.0,5.3,8.6]},"faces":{"down":{"uv":[9.9875,2.0125,8.2625,2.2375],"rotation":0,"texture":"#0","tintindex":0},"east":{"uv":[0.0125,8.6375,0.2375,9.7375],"rotation":0,"texture":"#0","tintindex":0},"north":{"uv":[0.0125,2.2625,1.7375,3.3625],"rotation":0,"texture":"#0","tintindex":0},"south":{"uv":[1.7625,2.2625,3.4875,3.3625],"rotation":0,"texture":"#0","tintindex":0},"up":{"uv":[9.9875,1.9875,8.2625,1.7625],"rotation":0,"texture":"#0","tintindex":0},"west":{"uv":[0.2625,8.6375,0.4875,9.7375],"rotation":0,"texture":"#0","tintindex":0}}}],"display":{"head":{"translation":[0.0,-6.4,0.0],"rotation":[0.0,0.0,0.0],"scale":[3.8095,3.8095,3.8095]}}}