{"textures":{"0":"modelengine:entity/queen"},"elements":[{"name":"cube","from":[7.1,3.7999992,5.6],"to":[8.9,8.0,8.0],"rotation":{"angle":0.0,"axis":"x","origin":[6.5,5.8999996,7.1]},"faces":{"down":{"uv":[8.6375,6.7625,8.9875,7.2375],"rotation":0,"texture":"#0","tintindex":0},"east":{"uv":[8.7375,5.6375,8.2625,6.4875],"rotation":0,"texture":"#0","tintindex":0},"north":{"uv":[8.1125,8.3875,7.7625,9.2375],"rotation":0,"texture":"#0","tintindex":0},"south":{"uv":[8.4875,8.3875,8.1375,9.2375],"rotation":0,"texture":"#0","tintindex":0},"up":{"uv":[8.6375,4.9875,8.9875,4.5125],"rotation":0,"texture":"#0","tintindex":0},"west":{"uv":[3.7375,8.0125,3.2625,8.8625],"rotation":0,"texture":"#0","tintindex":0}}}],"display":{"head":{"translation":[0.0,-6.4,0.0],"rotation":[0.0,0.0,0.0],"scale":[3.8095,3.8095,3.8095]}}}