{"textures":{"0":"modelengine:entity/queen"},"elements":[{"name":"cube","from":[6.8,6.8,6.8],"to":[7.4,8.0,8.6],"rotation":{"angle":0.0,"axis":"x","origin":[9.2,5.3,8.3]},"faces":{"down":{"uv":[3.6125,8.8875,3.5125,9.2375],"rotation":0,"texture":"#0","tintindex":0},"east":{"uv":[2.8875,5.0125,3.2375,5.2375],"rotation":0,"texture":"#0","tintindex":0},"north":{"uv":[6.2625,8.1375,6.3625,8.3625],"rotation":0,"texture":"#0","tintindex":0},"south":{"uv":[3.6375,8.8875,3.7375,9.1125],"rotation":0,"texture":"#0","tintindex":0},"up":{"uv":[4.4875,5.6125,4.3875,5.2625],"rotation":0,"texture":"#0","tintindex":0},"west":{"uv":[2.2625,6.0125,2.6125,6.2375],"rotation":0,"texture":"#0","tintindex":0}}},{"name":"cube","from":[7.4,6.2,6.8],"to":[8.6,8.0,9.2],"rotation":{"angle":0.0,"axis":"x","origin":[9.2,5.3,8.3]},"faces":{"down":{"uv":[8.9875,8.1375,8.7625,8.6125],"rotation":0,"texture":"#0","tintindex":0},"east":{"uv":[8.6375,5.0125,9.1125,5.3625],"rotation":0,"texture":"#0","tintindex":0},"north":{"uv":[8.7625,8.6375,8.9875,8.9875],"rotation":0,"texture":"#0","tintindex":0},"south":{"uv":[3.2625,8.8875,3.4875,9.2375],"rotation":0,"texture":"#0","tintindex":0},"up":{"uv":[8.9875,8.1125,8.7625,7.6375],"rotation":0,"texture":"#0","tintindex":0},"west":{"uv":[8.7625,0.7625,9.2375,1.1125],"rotation":0,"texture":"#0","tintindex":0}}}],"display":{"head":{"translation":[0.0,-6.4,0.0],"rotation":[0.0,0.0,0.0],"scale":[3.8095,3.8095,3.8095]}}}