{"textures":{"0":"modelengine:entity/queen"},"elements":[{"name":"cube","from":[8.0,4.1,6.5],"to":[9.8,8.9,8.9],"rotation":{"angle":0.0,"axis":"x","origin":[10.4,6.2,8.0]},"faces":{"down":{"uv":[6.7375,3.2625,6.3875,3.7375],"rotation":0,"texture":"#0","tintindex":0},"east":{"uv":[4.0125,7.3875,4.4875,8.3625],"rotation":0,"texture":"#0","tintindex":0},"north":{"uv":[6.0125,8.3875,6.3625,9.3625],"rotation":0,"texture":"#0","tintindex":0},"south":{"uv":[6.3875,8.3875,6.7375,9.3625],"rotation":0,"texture":"#0","tintindex":0},"up":{"uv":[3.6125,6.7375,3.2625,6.2625],"rotation":0,"texture":"#0","tintindex":0},"west":{"uv":[2.0125,8.0125,2.4875,8.9875],"rotation":0,"texture":"#0","tintindex":0}}}],"display":{"head":{"translation":[0.0,-6.4,0.0],"rotation":[0.0,0.0,0.0],"scale":[3.8095,3.8095,3.8095]}}}