{"textures":{"0":"modelengine:entity/dungeon_spawn_crystal_off"},"elements":[{"name":"cube","from":[6.8,0.6233859,-0.5024617],"to":[9.2,0.6233859,3.6975386],"rotation":{"angle":-22.5,"axis":"x","origin":[8.0,0.6233859,1.5975385]},"faces":{"down":{"uv":[6.875,3.25,7.75,3.75],"rotation":270,"texture":"#0","tintindex":0},"east":{"uv":[0.875,0.0,0.0,0.0],"rotation":0,"texture":"#0","tintindex":0},"north":{"uv":[0.5,0.0,0.0,0.0],"rotation":0,"texture":"#0","tintindex":0},"south":{"uv":[0.5,0.0,0.0,0.0],"rotation":0,"texture":"#0","tintindex":0},"up":{"uv":[6.875,3.75,7.75,3.25],"rotation":90,"texture":"#0","tintindex":0},"west":{"uv":[0.875,0.0,0.0,0.0],"rotation":0,"texture":"#0","tintindex":0}}},{"name":"cube","from":[11.0,-0.85985327,13.003635],"to":[12.8,0.34014702,14.803636],"rotation":{"angle":0.0,"axis":"x","origin":[8.0,-0.85985327,13.603635]},"faces":{"down":{"uv":[7.5,7.0,7.125,7.375],"rotation":0,"texture":"#0","tintindex":0},"east":{"uv":[7.0,0.5,7.375,0.75],"rotation":0,"texture":"#0","tintindex":0},"north":{"uv":[6.875,3.75,7.25,4.0],"rotation":0,"texture":"#0","tintindex":0},"south":{"uv":[7.25,3.75,7.625,4.0],"rotation":0,"texture":"#0","tintindex":0},"up":{"uv":[6.0,7.5,5.625,7.125],"rotation":0,"texture":"#0","tintindex":0},"west":{"uv":[7.375,0.5,7.75,0.75],"rotation":0,"texture":"#0","tintindex":0}}},{"name":"cube","from":[9.2,-0.85985327,10.603636],"to":[11.0,0.9401469,16.603636],"rotation":{"angle":0.0,"axis":"x","origin":[8.0,-0.85985327,13.603635]},"faces":{"down":{"uv":[6.875,2.75,6.5,4.0],"rotation":0,"texture":"#0","tintindex":0},"east":{"uv":[6.25,0.75,7.5,1.125],"rotation":0,"texture":"#0","tintindex":0},"north":{"uv":[6.75,7.25,7.125,7.625],"rotation":0,"texture":"#0","tintindex":0},"south":{"uv":[7.375,1.5,7.75,1.875],"rotation":0,"texture":"#0","tintindex":0},"up":{"uv":[6.875,2.75,6.5,1.5],"rotation":0,"texture":"#0","tintindex":0},"west":{"uv":[6.25,1.125,7.5,1.5],"rotation":0,"texture":"#0","tintindex":0}}},{"name":"cube","from":[5.0,-0.85985327,10.603636],"to":[6.8,0.9401469,16.603636],"rotation":{"angle":0.0,"axis":"x","origin":[8.0,-0.85985327,13.603635]},"faces":{"down":{"uv":[7.125,6.0,6.75,7.25],"rotation":0,"texture":"#0","tintindex":0},"east":{"uv":[6.5,4.0,7.75,4.375],"rotation":0,"texture":"#0","tintindex":0},"north":{"uv":[7.375,1.875,7.75,2.25],"rotation":0,"texture":"#0","tintindex":0},"south":{"uv":[7.375,2.25,7.75,2.625],"rotation":0,"texture":"#0","tintindex":0},"up":{"uv":[7.125,6.0,6.75,4.75],"rotation":0,"texture":"#0","tintindex":0},"west":{"uv":[6.5,4.375,7.75,4.75],"rotation":0,"texture":"#0","tintindex":0}}},{"name":"cube","from":[6.8,-0.85985327,10.603636],"to":[9.2,0.9401469,12.403635],"rotation":{"angle":0.0,"axis":"x","origin":[8.0,-0.85985327,13.603635]},"faces":{"down":{"uv":[3.125,7.125,2.625,7.5],"rotation":0,"texture":"#0","tintindex":0},"east":{"uv":[7.375,2.625,7.75,3.0],"rotation":0,"texture":"#0","tintindex":0},"north":{"uv":[2.25,4.25,2.75,4.625],"rotation":0,"texture":"#0","tintindex":0},"south":{"uv":[4.25,2.375,4.75,2.75],"rotation":0,"texture":"#0","tintindex":0},"up":{"uv":[3.875,7.375,3.375,7.0],"rotation":0,"texture":"#0","tintindex":0},"west":{"uv":[3.125,7.375,3.5,7.75],"rotation":0,"texture":"#0","tintindex":0}}},{"name":"cube","from":[6.8,-0.85985327,14.803636],"to":[9.2,0.9401469,16.603636],"rotation":{"angle":0.0,"axis":"x","origin":[8.0,-0.85985327,13.603635]},"faces":{"down":{"uv":[7.625,5.875,7.125,6.25],"rotation":0,"texture":"#0","tintindex":0},"east":{"uv":[3.5,7.375,3.875,7.75],"rotation":0,"texture":"#0","tintindex":0},"north":{"uv":[7.125,4.75,7.625,5.125],"rotation":0,"texture":"#0","tintindex":0},"south":{"uv":[7.125,5.125,7.625,5.5],"rotation":0,"texture":"#0","tintindex":0},"up":{"uv":[7.625,5.875,7.125,5.5],"rotation":0,"texture":"#0","tintindex":0},"west":{"uv":[4.125,7.375,4.5,7.75],"rotation":0,"texture":"#0","tintindex":0}}},{"name":"cube","from":[6.2,11.740148,14.203635],"to":[7.4,25.540146,16.003635],"rotation":{"angle":0.0,"axis":"x","origin":[9.5,16.840147,14.203635]},"faces":{"down":{"uv":[7.375,7.375,7.125,7.75],"rotation":0,"texture":"#0","tintindex":0},"east":{"uv":[5.25,3.125,5.625,6.0],"rotation":0,"texture":"#0","tintindex":0},"north":{"uv":[1.875,5.875,2.125,8.75],"rotation":0,"texture":"#0","tintindex":0},"south":{"uv":[5.125,6.0,5.375,8.875],"rotation":0,"texture":"#0","tintindex":0},"up":{"uv":[6.75,5.125,6.5,4.75],"rotation":0,"texture":"#0","tintindex":0},"west":{"uv":[2.25,5.375,2.625,8.25],"rotation":0,"texture":"#0","tintindex":0}}},{"name":"cube","from":[3.7999997,11.050148,10.603636],"to":[5.0,18.850147,14.203635],"rotation":{"angle":22.5,"axis":"z","origin":[9.5,16.840147,14.203635]},"faces":{"down":{"uv":[4.125,7.0,3.875,7.75],"rotation":0,"texture":"#0","tintindex":0},"east":{"uv":[0.0,4.25,0.75,5.875],"rotation":0,"texture":"#0","tintindex":0},"north":{"uv":[4.875,6.125,5.125,7.75],"rotation":0,"texture":"#0","tintindex":0},"south":{"uv":[1.625,6.875,1.875,8.5],"rotation":0,"texture":"#0","tintindex":0},"up":{"uv":[6.5,3.125,6.25,2.375],"rotation":0,"texture":"#0","tintindex":0},"west":{"uv":[4.25,0.0,5.0,1.625],"rotation":0,"texture":"#0","tintindex":0}}},{"name":"cube","from":[4.3999996,8.140147,10.003635],"to":[11.6,11.740148,17.203636],"rotation":{"angle":0.0,"axis":"x","origin":[8.0,3.340147,13.603635]},"faces":{"down":{"uv":[4.25,1.5,2.75,3.0],"rotation":0,"texture":"#0","tintindex":0},"east":{"uv":[2.25,4.625,3.75,5.375],"rotation":0,"texture":"#0","tintindex":0},"north":{"uv":[4.25,1.625,5.75,2.375],"rotation":0,"texture":"#0","tintindex":0},"south":{"uv":[3.75,4.625,5.25,5.375],"rotation":0,"texture":"#0","tintindex":0},"up":{"uv":[4.25,1.5,2.75,0.0],"rotation":0,"texture":"#0","tintindex":0},"west":{"uv":[4.75,2.375,6.25,3.125],"rotation":0,"texture":"#0","tintindex":0}}},{"name":"cube","from":[7.4,5.140147,12.403635],"to":[10.4,25.540146,16.003635],"rotation":{"angle":0.0,"axis":"x","origin":[9.5,16.840147,14.203635]},"faces":{"down":{"uv":[1.625,6.875,1.0,7.625],"rotation":0,"texture":"#0","tintindex":0},"east":{"uv":[0.0,0.0,0.75,4.25],"rotation":0,"texture":"#0","tintindex":0},"north":{"uv":[1.5,0.0,2.125,4.25],"rotation":0,"texture":"#0","tintindex":0},"south":{"uv":[2.125,0.0,2.75,4.25],"rotation":0,"texture":"#0","tintindex":0},"up":{"uv":[1.0,7.625,0.375,6.875],"rotation":0,"texture":"#0","tintindex":0},"west":{"uv":[0.75,0.0,1.5,4.25],"rotation":0,"texture":"#0","tintindex":0}}},{"name":"cube","from":[6.2,11.740148,12.403635],"to":[7.4,21.340149,14.203635],"rotation":{"angle":0.0,"axis":"x","origin":[9.5,16.840147,14.203635]},"faces":{"down":{"uv":[7.75,0.75,7.5,1.125],"rotation":0,"texture":"#0","tintindex":0},"east":{"uv":[5.625,5.125,6.0,7.125],"rotation":0,"texture":"#0","tintindex":0},"north":{"uv":[5.375,6.0,5.625,8.0],"rotation":0,"texture":"#0","tintindex":0},"south":{"uv":[4.625,6.125,4.875,8.125],"rotation":0,"texture":"#0","tintindex":0},"up":{"uv":[7.625,7.75,7.375,7.375],"rotation":0,"texture":"#0","tintindex":0},"west":{"uv":[0.0,5.875,0.375,7.875],"rotation":0,"texture":"#0","tintindex":0}}},{"name":"cube","from":[5.0,11.050148,10.603636],"to":[8.6,18.850147,15.403635],"rotation":{"angle":22.5,"axis":"z","origin":[9.5,16.840147,14.203635]},"faces":{"down":{"uv":[1.875,5.875,1.125,6.875],"rotation":0,"texture":"#0","tintindex":0},"east":{"uv":[2.75,3.0,3.75,4.625],"rotation":0,"texture":"#0","tintindex":0},"north":{"uv":[0.75,4.25,1.5,5.875],"rotation":0,"texture":"#0","tintindex":0},"south":{"uv":[1.5,4.25,2.25,5.875],"rotation":0,"texture":"#0","tintindex":0},"up":{"uv":[1.125,6.875,0.375,5.875],"rotation":0,"texture":"#0","tintindex":0},"west":{"uv":[3.75,3.0,4.75,4.625],"rotation":0,"texture":"#0","tintindex":0}}},{"name":"cube","from":[5.0,11.740148,13.003635],"to":[11.0,15.340147,16.603636],"rotation":{"angle":0.0,"axis":"x","origin":[9.5,16.840147,14.203635]},"faces":{"down":{"uv":[5.125,5.375,3.875,6.125],"rotation":0,"texture":"#0","tintindex":0},"east":{"uv":[6.0,6.125,6.75,6.875],"rotation":0,"texture":"#0","tintindex":0},"north":{"uv":[5.0,0.0,6.25,0.75],"rotation":0,"texture":"#0","tintindex":0},"south":{"uv":[5.0,0.75,6.25,1.5],"rotation":0,"texture":"#0","tintindex":0},"up":{"uv":[3.875,6.125,2.625,5.375],"rotation":0,"texture":"#0","tintindex":0},"west":{"uv":[6.25,0.0,7.0,0.75],"rotation":0,"texture":"#0","tintindex":0}}},{"name":"cube","from":[5.6,3.340147,11.203635],"to":[9.2,8.140147,15.403635],"rotation":{"angle":0.0,"axis":"x","origin":[9.5,16.840147,14.203635]},"faces":{"down":{"uv":[4.125,6.125,3.375,7.0],"rotation":0,"texture":"#0","tintindex":0},"east":{"uv":[5.625,3.125,6.5,4.125],"rotation":0,"texture":"#0","tintindex":0},"north":{"uv":[6.0,5.125,6.75,6.125],"rotation":0,"texture":"#0","tintindex":0},"south":{"uv":[2.625,6.125,3.375,7.125],"rotation":0,"texture":"#0","tintindex":0},"up":{"uv":[6.5,2.375,5.75,1.5],"rotation":0,"texture":"#0","tintindex":0},"west":{"uv":[5.625,4.125,6.5,5.125],"rotation":0,"texture":"#0","tintindex":0}}},{"name":"cube","from":[11.6,9.940147,11.803636],"to":[13.400001,10.540148,15.403635],"rotation":{"angle":0.0,"axis":"x","origin":[8.0,3.340147,13.603635]},"faces":{"down":{"uv":[6.75,6.875,6.375,7.625],"rotation":0,"texture":"#0","tintindex":0},"east":{"uv":[5.0,1.5,5.75,1.625],"rotation":0,"texture":"#0","tintindex":0},"north":{"uv":[7.375,3.125,7.75,3.25],"rotation":0,"texture":"#0","tintindex":0},"south":{"uv":[5.625,7.5,6.0,7.625],"rotation":0,"texture":"#0","tintindex":0},"up":{"uv":[6.375,7.625,6.0,6.875],"rotation":0,"texture":"#0","tintindex":0},"west":{"uv":[7.375,3.0,8.125,3.125],"rotation":0,"texture":"#0","tintindex":0}}},{"name":"cube","from":[13.603635,4.1,12.403635],"to":[13.603635,10.1,14.803636],"rotation":{"angle":22.5,"axis":"z","origin":[13.603635,8.0,13.603635]},"faces":{"down":{"uv":[0.0,0.0,0.0,0.5],"rotation":0,"texture":"#0","tintindex":0},"east":{"uv":[4.75,3.125,5.25,4.375],"rotation":0,"texture":"#0","tintindex":0},"north":{"uv":[0.0,0.0,0.0,1.25],"rotation":0,"texture":"#0","tintindex":0},"south":{"uv":[0.0,0.0,0.0,1.25],"rotation":0,"texture":"#0","tintindex":0},"up":{"uv":[0.0,0.5,0.0,0.0],"rotation":0,"texture":"#0","tintindex":0},"west":{"uv":[4.75,3.125,5.25,4.375],"rotation":0,"texture":"#0","tintindex":0}}},{"name":"cube","from":[16.581024,0.8119457,12.403635],"to":[16.581024,5.0119457,14.803636],"rotation":{"angle":45.0,"axis":"z","origin":[16.581024,2.9119458,13.603635]},"faces":{"down":{"uv":[0.0,0.0,0.0,0.5],"rotation":0,"texture":"#0","tintindex":0},"east":{"uv":[6.875,1.5,7.375,2.375],"rotation":0,"texture":"#0","tintindex":0},"north":{"uv":[0.0,0.0,0.0,0.875],"rotation":0,"texture":"#0","tintindex":0},"south":{"uv":[0.0,0.0,0.0,0.875],"rotation":0,"texture":"#0","tintindex":0},"up":{"uv":[0.0,0.5,0.0,0.0],"rotation":0,"texture":"#0","tintindex":0},"west":{"uv":[6.875,1.5,7.375,2.375],"rotation":0,"texture":"#0","tintindex":0}}},{"name":"cube","from":[17.906097,0.6233859,12.403635],"to":[22.106098,0.6233859,14.803636],"rotation":{"angle":-22.5,"axis":"z","origin":[20.006096,0.6233859,13.603635]},"faces":{"down":{"uv":[7.75,3.25,6.875,3.75],"rotation":0,"texture":"#0","tintindex":0},"east":{"uv":[0.0,0.0,0.5,0.0],"rotation":0,"texture":"#0","tintindex":0},"north":{"uv":[0.0,0.0,0.875,0.0],"rotation":0,"texture":"#0","tintindex":0},"south":{"uv":[0.0,0.0,0.875,0.0],"rotation":0,"texture":"#0","tintindex":0},"up":{"uv":[7.75,3.75,6.875,3.25],"rotation":0,"texture":"#0","tintindex":0},"west":{"uv":[0.0,0.0,0.5,0.0],"rotation":0,"texture":"#0","tintindex":0}}},{"name":"cube","from":[20.306095,-0.85985327,13.003635],"to":[22.706097,0.9401469,14.203635],"rotation":{"angle":0.0,"axis":"x","origin":[20.006096,0.6233859,13.603635]},"faces":{"down":{"uv":[5.25,4.375,4.75,4.625],"rotation":0,"texture":"#0","tintindex":0},"east":{"uv":[7.5,1.125,7.75,1.5],"rotation":0,"texture":"#0","tintindex":0},"north":{"uv":[7.125,6.25,7.625,6.625],"rotation":0,"texture":"#0","tintindex":0},"south":{"uv":[7.125,6.625,7.625,7.0],"rotation":0,"texture":"#0","tintindex":0},"up":{"uv":[4.75,3.0,4.25,2.75],"rotation":0,"texture":"#0","tintindex":0},"west":{"uv":[2.625,7.5,2.875,7.875],"rotation":0,"texture":"#0","tintindex":0}}},{"name":"cube","from":[7.4,-0.85985327,25.909733],"to":[8.6,0.9401469,28.30973],"rotation":{"angle":0.0,"axis":"x","origin":[8.0,0.6233859,25.609734]},"faces":{"down":{"uv":[5.25,4.375,4.75,4.625],"rotation":270,"texture":"#0","tintindex":0},"east":{"uv":[7.125,6.25,7.625,6.625],"rotation":0,"texture":"#0","tintindex":0},"north":{"uv":[2.625,7.5,2.875,7.875],"rotation":0,"texture":"#0","tintindex":0},"south":{"uv":[7.5,1.125,7.75,1.5],"rotation":0,"texture":"#0","tintindex":0},"up":{"uv":[4.75,3.0,4.25,2.75],"rotation":90,"texture":"#0","tintindex":0},"west":{"uv":[7.125,6.625,7.625,7.0],"rotation":0,"texture":"#0","tintindex":0}}},{"name":"cube","from":[6.8,-0.85985327,16.603636],"to":[8.6,0.34014702,18.403635],"rotation":{"angle":0.0,"axis":"x","origin":[8.0,-0.85985327,13.603635]},"faces":{"down":{"uv":[7.5,7.0,7.125,7.375],"rotation":270,"texture":"#0","tintindex":0},"east":{"uv":[6.875,3.75,7.25,4.0],"rotation":0,"texture":"#0","tintindex":0},"north":{"uv":[7.375,0.5,7.75,0.75],"rotation":0,"texture":"#0","tintindex":0},"south":{"uv":[7.0,0.5,7.375,0.75],"rotation":0,"texture":"#0","tintindex":0},"up":{"uv":[6.0,7.5,5.625,7.125],"rotation":90,"texture":"#0","tintindex":0},"west":{"uv":[7.25,3.75,7.625,4.0],"rotation":0,"texture":"#0","tintindex":0}}},{"name":"cube","from":[6.2,9.940147,17.203636],"to":[9.8,10.540148,19.003635],"rotation":{"angle":0.0,"axis":"x","origin":[8.0,3.340147,13.603635]},"faces":{"down":{"uv":[6.75,6.875,6.375,7.625],"rotation":270,"texture":"#0","tintindex":0},"east":{"uv":[7.375,3.125,7.75,3.25],"rotation":0,"texture":"#0","tintindex":0},"north":{"uv":[7.375,3.0,8.125,3.125],"rotation":0,"texture":"#0","tintindex":0},"south":{"uv":[5.0,1.5,5.75,1.625],"rotation":0,"texture":"#0","tintindex":0},"up":{"uv":[6.375,7.625,6.0,6.875],"rotation":90,"texture":"#0","tintindex":0},"west":{"uv":[5.625,7.5,6.0,7.625],"rotation":0,"texture":"#0","tintindex":0}}},{"name":"cube","from":[-6.7060966,-0.85985327,13.003635],"to":[-4.3060966,0.9401469,14.203635],"rotation":{"angle":0.0,"axis":"x","origin":[-4.006097,0.6233859,13.603635]},"faces":{"down":{"uv":[5.25,4.375,4.75,4.625],"rotation":180,"texture":"#0","tintindex":0},"east":{"uv":[2.625,7.5,2.875,7.875],"rotation":0,"texture":"#0","tintindex":0},"north":{"uv":[7.125,6.625,7.625,7.0],"rotation":0,"texture":"#0","tintindex":0},"south":{"uv":[7.125,6.25,7.625,6.625],"rotation":0,"texture":"#0","tintindex":0},"up":{"uv":[4.75,3.0,4.25,2.75],"rotation":180,"texture":"#0","tintindex":0},"west":{"uv":[7.5,1.125,7.75,1.5],"rotation":0,"texture":"#0","tintindex":0}}},{"name":"cube","from":[3.1999998,-0.85985327,12.403635],"to":[5.0,0.34014702,14.203635],"rotation":{"angle":0.0,"axis":"x","origin":[8.0,-0.85985327,13.603635]},"faces":{"down":{"uv":[7.5,7.0,7.125,7.375],"rotation":180,"texture":"#0","tintindex":0},"east":{"uv":[7.375,0.5,7.75,0.75],"rotation":0,"texture":"#0","tintindex":0},"north":{"uv":[7.25,3.75,7.625,4.0],"rotation":0,"texture":"#0","tintindex":0},"south":{"uv":[6.875,3.75,7.25,4.0],"rotation":0,"texture":"#0","tintindex":0},"up":{"uv":[6.0,7.5,5.625,7.125],"rotation":180,"texture":"#0","tintindex":0},"west":{"uv":[7.0,0.5,7.375,0.75],"rotation":0,"texture":"#0","tintindex":0}}},{"name":"cube","from":[2.6,9.940147,11.803636],"to":[4.3999996,10.540148,15.403635],"rotation":{"angle":0.0,"axis":"x","origin":[8.0,3.340147,13.603635]},"faces":{"down":{"uv":[6.75,6.875,6.375,7.625],"rotation":180,"texture":"#0","tintindex":0},"east":{"uv":[7.375,3.0,8.125,3.125],"rotation":0,"texture":"#0","tintindex":0},"north":{"uv":[5.625,7.5,6.0,7.625],"rotation":0,"texture":"#0","tintindex":0},"south":{"uv":[7.375,3.125,7.75,3.25],"rotation":0,"texture":"#0","tintindex":0},"up":{"uv":[6.375,7.625,6.0,6.875],"rotation":180,"texture":"#0","tintindex":0},"west":{"uv":[5.0,1.5,5.75,1.625],"rotation":0,"texture":"#0","tintindex":0}}},{"name":"cube","from":[7.4,-0.85985327,-1.1024618],"to":[8.6,0.9401469,1.2975385],"rotation":{"angle":0.0,"axis":"x","origin":[8.0,0.6233859,1.5975385]},"faces":{"down":{"uv":[5.25,4.375,4.75,4.625],"rotation":90,"texture":"#0","tintindex":0},"east":{"uv":[7.125,6.625,7.625,7.0],"rotation":0,"texture":"#0","tintindex":0},"north":{"uv":[7.5,1.125,7.75,1.5],"rotation":0,"texture":"#0","tintindex":0},"south":{"uv":[2.625,7.5,2.875,7.875],"rotation":0,"texture":"#0","tintindex":0},"up":{"uv":[4.75,3.0,4.25,2.75],"rotation":270,"texture":"#0","tintindex":0},"west":{"uv":[7.125,6.25,7.625,6.625],"rotation":0,"texture":"#0","tintindex":0}}},{"name":"cube","from":[7.4,-0.85985327,8.803635],"to":[9.2,0.34014702,10.603636],"rotation":{"angle":0.0,"axis":"x","origin":[8.0,-0.85985327,13.603635]},"faces":{"down":{"uv":[7.5,7.0,7.125,7.375],"rotation":90,"texture":"#0","tintindex":0},"east":{"uv":[7.25,3.75,7.625,4.0],"rotation":0,"texture":"#0","tintindex":0},"north":{"uv":[7.0,0.5,7.375,0.75],"rotation":0,"texture":"#0","tintindex":0},"south":{"uv":[7.375,0.5,7.75,0.75],"rotation":0,"texture":"#0","tintindex":0},"up":{"uv":[6.0,7.5,5.625,7.125],"rotation":270,"texture":"#0","tintindex":0},"west":{"uv":[6.875,3.75,7.25,4.0],"rotation":0,"texture":"#0","tintindex":0}}},{"name":"cube","from":[6.2,9.940147,8.203635],"to":[9.8,10.540148,10.003635],"rotation":{"angle":0.0,"axis":"x","origin":[8.0,3.340147,13.603635]},"faces":{"down":{"uv":[6.75,6.875,6.375,7.625],"rotation":90,"texture":"#0","tintindex":0},"east":{"uv":[5.625,7.5,6.0,7.625],"rotation":0,"texture":"#0","tintindex":0},"north":{"uv":[5.0,1.5,5.75,1.625],"rotation":0,"texture":"#0","tintindex":0},"south":{"uv":[7.375,3.0,8.125,3.125],"rotation":0,"texture":"#0","tintindex":0},"up":{"uv":[6.375,7.625,6.0,6.875],"rotation":270,"texture":"#0","tintindex":0},"west":{"uv":[7.375,3.125,7.75,3.25],"rotation":0,"texture":"#0","tintindex":0}}},{"name":"cube","from":[-0.58102536,0.8119457,12.403635],"to":[-0.58102536,5.0119457,14.803636],"rotation":{"angle":-45.0,"axis":"z","origin":[-0.58102536,2.9119458,13.603635]},"faces":{"down":{"uv":[0.0,0.0,0.0,0.5],"rotation":0,"texture":"#0","tintindex":0},"east":{"uv":[7.375,1.5,6.875,2.375],"rotation":0,"texture":"#0","tintindex":0},"north":{"uv":[0.0,0.0,0.0,0.875],"rotation":0,"texture":"#0","tintindex":0},"south":{"uv":[0.0,0.0,0.0,0.875],"rotation":0,"texture":"#0","tintindex":0},"up":{"uv":[0.0,0.5,0.0,0.0],"rotation":0,"texture":"#0","tintindex":0},"west":{"uv":[7.375,1.5,6.875,2.375],"rotation":0,"texture":"#0","tintindex":0}}},{"name":"cube","from":[2.3963647,4.1,12.403635],"to":[2.3963647,10.1,14.803636],"rotation":{"angle":-22.5,"axis":"z","origin":[2.3963647,8.0,13.603635]},"faces":{"down":{"uv":[0.0,0.0,0.0,0.5],"rotation":0,"texture":"#0","tintindex":0},"east":{"uv":[5.25,3.125,4.75,4.375],"rotation":0,"texture":"#0","tintindex":0},"north":{"uv":[0.0,0.0,0.0,1.25],"rotation":0,"texture":"#0","tintindex":0},"south":{"uv":[0.0,0.0,0.0,1.25],"rotation":0,"texture":"#0","tintindex":0},"up":{"uv":[0.0,0.5,0.0,0.0],"rotation":0,"texture":"#0","tintindex":0},"west":{"uv":[5.25,3.125,4.75,4.375],"rotation":0,"texture":"#0","tintindex":0}}},{"name":"cube","from":[-6.106097,0.6233859,12.403635],"to":[-1.9060965,0.6233859,14.803636],"rotation":{"angle":22.5,"axis":"z","origin":[-4.006097,0.6233859,13.603635]},"faces":{"down":{"uv":[6.875,3.25,7.75,3.75],"rotation":0,"texture":"#0","tintindex":0},"east":{"uv":[0.5,0.0,0.0,0.0],"rotation":0,"texture":"#0","tintindex":0},"north":{"uv":[0.875,0.0,0.0,0.0],"rotation":0,"texture":"#0","tintindex":0},"south":{"uv":[0.875,0.0,0.0,0.0],"rotation":0,"texture":"#0","tintindex":0},"up":{"uv":[6.875,3.75,7.75,3.25],"rotation":0,"texture":"#0","tintindex":0},"west":{"uv":[0.5,0.0,0.0,0.0],"rotation":0,"texture":"#0","tintindex":0}}},{"name":"cube","from":[6.8,0.6233859,23.509731],"to":[9.2,0.6233859,27.709732],"rotation":{"angle":22.5,"axis":"x","origin":[8.0,0.6233859,25.609734]},"faces":{"down":{"uv":[7.75,3.25,6.875,3.75],"rotation":270,"texture":"#0","tintindex":0},"east":{"uv":[0.0,0.0,0.875,0.0],"rotation":0,"texture":"#0","tintindex":0},"north":{"uv":[0.0,0.0,0.5,0.0],"rotation":0,"texture":"#0","tintindex":0},"south":{"uv":[0.0,0.0,0.5,0.0],"rotation":0,"texture":"#0","tintindex":0},"up":{"uv":[7.75,3.75,6.875,3.25],"rotation":90,"texture":"#0","tintindex":0},"west":{"uv":[0.0,0.0,0.875,0.0],"rotation":0,"texture":"#0","tintindex":0}}},{"name":"cube","from":[6.8,0.8119457,22.184662],"to":[9.2,5.0119457,22.184662],"rotation":{"angle":-45.0,"axis":"x","origin":[8.0,2.9119458,22.184662]},"faces":{"down":{"uv":[0.0,0.0,0.0,0.5],"rotation":270,"texture":"#0","tintindex":0},"east":{"uv":[0.0,0.0,0.0,0.875],"rotation":0,"texture":"#0","tintindex":0},"north":{"uv":[6.875,1.5,7.375,2.375],"rotation":0,"texture":"#0","tintindex":0},"south":{"uv":[6.875,1.5,7.375,2.375],"rotation":0,"texture":"#0","tintindex":0},"up":{"uv":[0.0,0.5,0.0,0.0],"rotation":90,"texture":"#0","tintindex":0},"west":{"uv":[0.0,0.0,0.0,0.875],"rotation":0,"texture":"#0","tintindex":0}}},{"name":"cube","from":[6.8,4.1,19.207272],"to":[9.2,10.1,19.207272],"rotation":{"angle":-22.5,"axis":"x","origin":[8.0,8.0,19.207272]},"faces":{"down":{"uv":[0.0,0.0,0.0,0.5],"rotation":270,"texture":"#0","tintindex":0},"east":{"uv":[0.0,0.0,0.0,1.25],"rotation":0,"texture":"#0","tintindex":0},"north":{"uv":[4.75,3.125,5.25,4.375],"rotation":0,"texture":"#0","tintindex":0},"south":{"uv":[4.75,3.125,5.25,4.375],"rotation":0,"texture":"#0","tintindex":0},"up":{"uv":[0.0,0.5,0.0,0.0],"rotation":90,"texture":"#0","tintindex":0},"west":{"uv":[0.0,0.0,0.0,1.25],"rotation":0,"texture":"#0","tintindex":0}}},{"name":"cube","from":[6.8,0.8119457,5.0226097],"to":[9.2,5.0119457,5.0226097],"rotation":{"angle":45.0,"axis":"x","origin":[8.0,2.9119458,5.0226097]},"faces":{"down":{"uv":[0.0,0.0,0.0,0.5],"rotation":270,"texture":"#0","tintindex":0},"east":{"uv":[0.0,0.0,0.0,0.875],"rotation":0,"texture":"#0","tintindex":0},"north":{"uv":[7.375,1.5,6.875,2.375],"rotation":0,"texture":"#0","tintindex":0},"south":{"uv":[7.375,1.5,6.875,2.375],"rotation":0,"texture":"#0","tintindex":0},"up":{"uv":[0.0,0.5,0.0,0.0],"rotation":90,"texture":"#0","tintindex":0},"west":{"uv":[0.0,0.0,0.0,0.875],"rotation":0,"texture":"#0","tintindex":0}}},{"name":"cube","from":[6.8,4.1,8.0],"to":[9.2,10.1,8.0],"rotation":{"angle":22.5,"axis":"x","origin":[8.0,8.0,8.0]},"faces":{"down":{"uv":[0.0,0.0,0.0,0.5],"rotation":270,"texture":"#0","tintindex":0},"east":{"uv":[0.0,0.0,0.0,1.25],"rotation":0,"texture":"#0","tintindex":0},"north":{"uv":[5.25,3.125,4.75,4.375],"rotation":0,"texture":"#0","tintindex":0},"south":{"uv":[5.25,3.125,4.75,4.375],"rotation":0,"texture":"#0","tintindex":0},"up":{"uv":[0.0,0.5,0.0,0.0],"rotation":90,"texture":"#0","tintindex":0},"west":{"uv":[0.0,0.0,0.0,1.25],"rotation":0,"texture":"#0","tintindex":0}}}],"display":{"head":{"translation":[0.0,-6.4,0.0],"rotation":[0.0,0.0,0.0],"scale":[3.8095,3.8095,3.8095]}}}