{"textures":{"0":"modelengine:entity/boneshadingfireravager","1":"modelengine:entity/boneshadingfireravager_e"},"elements":[{"name":"cube","from":[3.1999998,3.1999998,8.0],"to":[12.8,22.400002,8.0],"rotation":{"angle":0.0,"axis":"x","origin":[9.2,3.1999998,3.1999998]},"faces":{"down":{"uv":[0.032,0.032,15.968,0.032],"rotation":0,"texture":"#0","tintindex":0},"east":{"uv":[0.032,0.032,0.032,15.968],"rotation":0,"texture":"#0","tintindex":0},"north":{"uv":[0.032,0.032,7.968,15.968],"rotation":0,"texture":"#0","tintindex":0},"south":{"uv":[7.968,0.032,0.032,15.968],"rotation":0,"texture":"#0","tintindex":0},"up":{"uv":[0.032,0.032,15.968,0.032],"rotation":0,"texture":"#0","tintindex":0},"west":{"uv":[0.032,0.032,0.032,15.968],"rotation":0,"texture":"#0","tintindex":0}}},{"name":"cube","from":[8.0,3.1999998,3.1999998],"to":[8.0,22.400002,12.8],"rotation":{"angle":0.0,"axis":"x","origin":[8.0,12.8,8.0]},"faces":{"down":{"uv":[0.032,0.032,15.968,0.032],"rotation":270,"texture":"#0","tintindex":0},"east":{"uv":[0.032,0.032,7.968,15.968],"rotation":0,"texture":"#0","tintindex":0},"north":{"uv":[0.032,0.032,0.032,15.968],"rotation":0,"texture":"#0","tintindex":0},"south":{"uv":[0.032,0.032,0.032,15.968],"rotation":0,"texture":"#0","tintindex":0},"up":{"uv":[0.032,0.032,15.968,0.032],"rotation":90,"texture":"#0","tintindex":0},"west":{"uv":[7.968,0.032,0.032,15.968],"rotation":0,"texture":"#0","tintindex":0}}}],"display":{"head":{"translation":[0.0,-6.4,0.0],"rotation":[0.0,0.0,0.0],"scale":[3.8095,3.8095,3.8095]}}}