{"textures":{"0":"minecraft:toffy/crates/toffy_crate_black"},"elements":[{"name":"cube","from":[-2.8000002,8.0,6.2],"to":[-1.0000005,9.8,8.0],"rotation":{"angle":0.0,"axis":"x","origin":[-1.6000004,8.0,8.0]},"faces":{"down":{"uv":[8.75,10.125,8.375,9.75],"rotation":0,"texture":"#0","tintindex":0},"east":{"uv":[9.875,8.5,9.5,8.875],"rotation":0,"texture":"#0","tintindex":0},"north":{"uv":[7.25,9.75,6.875,10.125],"rotation":0,"texture":"#0","tintindex":0},"south":{"uv":[9.875,7.625,9.5,8.0],"rotation":0,"texture":"#0","tintindex":0},"up":{"uv":[8.25,9.75,7.875,10.125],"rotation":0,"texture":"#0","tintindex":0},"west":{"uv":[7.75,9.75,7.375,10.125],"rotation":0,"texture":"#0","tintindex":0}}},{"name":"cube","from":[-2.5000005,9.8,6.5],"to":[-1.3000002,12.2,7.7],"rotation":{"angle":0.0,"axis":"x","origin":[-1.6000004,8.0,8.0]},"faces":{"down":{"uv":[6.125,11.25,5.875,11.0],"rotation":0,"texture":"#0","tintindex":0},"east":{"uv":[10.625,2.5,10.375,3.0],"rotation":0,"texture":"#0","tintindex":0},"north":{"uv":[10.625,3.125,10.375,3.625],"rotation":0,"texture":"#0","tintindex":0},"south":{"uv":[9.625,10.125,9.375,10.625],"rotation":0,"texture":"#0","tintindex":0},"up":{"uv":[3.5,11.0,3.25,11.25],"rotation":0,"texture":"#0","tintindex":0},"west":{"uv":[10.625,5.375,10.375,5.875],"rotation":0,"texture":"#0","tintindex":0}}},{"name":"cube","from":[-3.1000004,12.8,6.5],"to":[-1.3000002,14.0,8.3],"rotation":{"angle":0.0,"axis":"x","origin":[-1.6000004,8.0,8.0]},"faces":{"down":{"uv":[10.125,10.375,9.75,10.0],"rotation":0,"texture":"#0","tintindex":0},"east":{"uv":[6.75,10.625,6.375,10.875],"rotation":0,"texture":"#0","tintindex":0},"north":{"uv":[11.125,2.5,10.75,2.75],"rotation":0,"texture":"#0","tintindex":0},"south":{"uv":[6.25,10.625,5.875,10.875],"rotation":0,"texture":"#0","tintindex":0},"up":{"uv":[10.375,8.5,10.0,8.875],"rotation":0,"texture":"#0","tintindex":0},"west":{"uv":[11.125,2.875,10.75,3.125],"rotation":0,"texture":"#0","tintindex":0}}},{"name":"cube","from":[2.3149996,16.95736,11.042643],"to":[2.885,20.557358,12.242642],"rotation":{"angle":-45.0,"axis":"x","origin":[2.6,10.957358,12.242642]},"faces":{"down":{"uv":[3.0,11.625,2.875,11.375],"rotation":0,"texture":"#0","tintindex":0},"east":{"uv":[0.625,9.75,0.375,10.5],"rotation":0,"texture":"#0","tintindex":0},"north":{"uv":[9.625,10.75,9.5,11.5],"rotation":0,"texture":"#0","tintindex":0},"south":{"uv":[10.875,9.25,10.75,10.0],"rotation":0,"texture":"#0","tintindex":0},"up":{"uv":[10.25,3.5,10.125,3.75],"rotation":0,"texture":"#0","tintindex":0},"west":{"uv":[1.0,9.75,0.75,10.5],"rotation":0,"texture":"#0","tintindex":0}}},{"name":"cube","from":[3.5149996,16.95736,11.042643],"to":[4.085,20.557358,12.242642],"rotation":{"angle":-45.0,"axis":"x","origin":[3.7999997,10.957358,12.242642]},"faces":{"down":{"uv":[11.5,9.5,11.375,9.25],"rotation":0,"texture":"#0","tintindex":0},"east":{"uv":[2.125,9.75,1.875,10.5],"rotation":0,"texture":"#0","tintindex":0},"north":{"uv":[11.0,10.125,10.875,10.875],"rotation":0,"texture":"#0","tintindex":0},"south":{"uv":[11.0,3.625,10.875,4.375],"rotation":0,"texture":"#0","tintindex":0},"up":{"uv":[9.375,11.375,9.25,11.625],"rotation":0,"texture":"#0","tintindex":0},"west":{"uv":[2.5,9.75,2.25,10.5],"rotation":0,"texture":"#0","tintindex":0}}},{"name":"cube","from":[8.014999,16.95736,11.042643],"to":[9.185,20.557358,12.242642],"rotation":{"angle":-45.0,"axis":"x","origin":[8.3,10.957358,12.242642]},"faces":{"down":{"uv":[0.625,11.5,0.375,11.25],"rotation":0,"texture":"#0","tintindex":0},"east":{"uv":[4.75,9.375,4.5,10.125],"rotation":0,"texture":"#0","tintindex":0},"north":{"uv":[9.625,9.25,9.375,10.0],"rotation":0,"texture":"#0","tintindex":0},"south":{"uv":[4.375,9.375,4.125,10.125],"rotation":0,"texture":"#0","tintindex":0},"up":{"uv":[0.25,11.25,0.0,11.5],"rotation":0,"texture":"#0","tintindex":0},"west":{"uv":[9.75,5.875,9.5,6.625],"rotation":0,"texture":"#0","tintindex":0}}},{"name":"cube","from":[-2.7850008,16.95736,11.042643],"to":[-1.6150002,20.557358,12.242642],"rotation":{"angle":-45.0,"axis":"x","origin":[-1.9000006,10.957358,12.242642]},"faces":{"down":{"uv":[8.875,11.25,8.625,11.0],"rotation":0,"texture":"#0","tintindex":0},"east":{"uv":[5.625,9.125,5.375,9.875],"rotation":0,"texture":"#0","tintindex":0},"north":{"uv":[6.0,9.125,5.75,9.875],"rotation":0,"texture":"#0","tintindex":0},"south":{"uv":[5.25,9.125,5.0,9.875],"rotation":0,"texture":"#0","tintindex":0},"up":{"uv":[6.5,11.0,6.25,11.25],"rotation":0,"texture":"#0","tintindex":0},"west":{"uv":[4.0,9.25,3.75,10.0],"rotation":0,"texture":"#0","tintindex":0}}},{"name":"cube","from":[8.0,14.0,6.8],"to":[9.2,15.2,8.0],"rotation":{"angle":0.0,"axis":"x","origin":[8.3,15.2,-2.2000003]},"faces":{"down":{"uv":[11.5,2.875,11.25,2.625],"rotation":0,"texture":"#0","tintindex":0},"east":{"uv":[1.375,11.25,1.125,11.5],"rotation":0,"texture":"#0","tintindex":0},"north":{"uv":[11.5,1.5,11.25,1.75],"rotation":0,"texture":"#0","tintindex":0},"south":{"uv":[1.0,11.25,0.75,11.5],"rotation":0,"texture":"#0","tintindex":0},"up":{"uv":[11.5,2.25,11.25,2.5],"rotation":0,"texture":"#0","tintindex":0},"west":{"uv":[11.5,1.875,11.25,2.125],"rotation":0,"texture":"#0","tintindex":0}}},{"name":"cube","from":[-2.8000002,14.0,6.8],"to":[-1.6000004,15.2,8.0],"rotation":{"angle":0.0,"axis":"x","origin":[-1.9000006,15.2,-2.2000003]},"faces":{"down":{"uv":[3.875,11.375,3.625,11.125],"rotation":0,"texture":"#0","tintindex":0},"east":{"uv":[11.375,0.375,11.125,0.625],"rotation":0,"texture":"#0","tintindex":0},"north":{"uv":[11.375,0.75,11.125,1.0],"rotation":0,"texture":"#0","tintindex":0},"south":{"uv":[11.375,0.0,11.125,0.25],"rotation":0,"texture":"#0","tintindex":0},"up":{"uv":[2.25,11.125,2.0,11.375],"rotation":0,"texture":"#0","tintindex":0},"west":{"uv":[11.375,1.125,11.125,1.375],"rotation":0,"texture":"#0","tintindex":0}}},{"name":"cube","from":[7.7,12.8,6.5],"to":[9.5,14.0,8.3],"rotation":{"angle":0.0,"axis":"x","origin":[8.0,8.0,8.0]},"faces":{"down":{"uv":[10.375,8.0,10.0,7.625],"rotation":0,"texture":"#0","tintindex":0},"east":{"uv":[2.75,10.625,2.375,10.875],"rotation":0,"texture":"#0","tintindex":0},"north":{"uv":[3.25,10.625,2.875,10.875],"rotation":0,"texture":"#0","tintindex":0},"south":{"uv":[9.375,8.5,9.0,8.75],"rotation":0,"texture":"#0","tintindex":0},"up":{"uv":[5.75,10.0,5.375,10.375],"rotation":0,"texture":"#0","tintindex":0},"west":{"uv":[3.75,10.625,3.375,10.875],"rotation":0,"texture":"#0","tintindex":0}}},{"name":"cube","from":[7.7,9.8,6.5],"to":[8.9,12.2,7.7],"rotation":{"angle":0.0,"axis":"x","origin":[8.0,8.0,8.0]},"faces":{"down":{"uv":[6.875,11.375,6.625,11.125],"rotation":0,"texture":"#0","tintindex":0},"east":{"uv":[10.625,6.625,10.375,7.125],"rotation":0,"texture":"#0","tintindex":0},"north":{"uv":[10.75,3.75,10.5,4.25],"rotation":0,"texture":"#0","tintindex":0},"south":{"uv":[10.625,6.0,10.375,6.5],"rotation":0,"texture":"#0","tintindex":0},"up":{"uv":[5.375,11.125,5.125,11.375],"rotation":0,"texture":"#0","tintindex":0},"west":{"uv":[10.75,4.375,10.5,4.875],"rotation":0,"texture":"#0","tintindex":0}}},{"name":"cube","from":[7.4,8.0,6.2],"to":[9.2,9.8,8.0],"rotation":{"angle":0.0,"axis":"x","origin":[8.0,8.0,8.0]},"faces":{"down":{"uv":[10.25,1.375,9.875,1.0],"rotation":0,"texture":"#0","tintindex":0},"east":{"uv":[10.125,9.0,9.75,9.375],"rotation":0,"texture":"#0","tintindex":0},"north":{"uv":[10.125,9.5,9.75,9.875],"rotation":0,"texture":"#0","tintindex":0},"south":{"uv":[9.25,9.75,8.875,10.125],"rotation":0,"texture":"#0","tintindex":0},"up":{"uv":[10.25,0.5,9.875,0.875],"rotation":0,"texture":"#0","tintindex":0},"west":{"uv":[10.25,0.0,9.875,0.375],"rotation":0,"texture":"#0","tintindex":0}}}],"display":{"head":{"translation":[0.0,-6.4,0.0],"rotation":[0.0,0.0,0.0],"scale":[3.8095,3.8095,3.8095]}}}