{"textures":{"0":"modelengine:entity/tavern"},"elements":[{"name":"cube","from":[6.2,8.6,4.7],"to":[9.8,9.8,5.3],"rotation":{"angle":0.0,"axis":"x","origin":[8.0,-4.0000005,7.7]},"faces":{"down":{"uv":[13.725,4.025,12.275,4.225],"rotation":0,"texture":"#0","tintindex":0},"east":{"uv":[6.525,2.775,6.725,3.225],"rotation":0,"texture":"#0","tintindex":0},"north":{"uv":[11.275,4.775,12.725,5.225],"rotation":0,"texture":"#0","tintindex":0},"south":{"uv":[11.275,5.275,12.725,5.725],"rotation":0,"texture":"#0","tintindex":0},"up":{"uv":[13.725,0.975,12.275,0.775],"rotation":0,"texture":"#0","tintindex":0},"west":{"uv":[5.775,9.525,5.975,9.975],"rotation":0,"texture":"#0","tintindex":0}}},{"name":"cube","from":[5.3,7.4,5.0],"to":[7.1,8.6,8.0],"rotation":{"angle":0.0,"axis":"x","origin":[8.0,-4.0000005,7.7]},"faces":{"down":{"uv":[1.475,11.275,0.775,12.475],"rotation":0,"texture":"#0","tintindex":0},"east":{"uv":[11.275,6.775,12.475,7.225],"rotation":0,"texture":"#0","tintindex":0},"north":{"uv":[8.275,1.025,8.975,1.475],"rotation":0,"texture":"#0","tintindex":0},"south":{"uv":[4.775,12.275,5.475,12.725],"rotation":0,"texture":"#0","tintindex":0},"up":{"uv":[10.475,11.975,9.775,10.775],"rotation":0,"texture":"#0","tintindex":0},"west":{"uv":[11.775,2.525,12.975,2.975],"rotation":0,"texture":"#0","tintindex":0}}},{"name":"cube","from":[5.3,8.6,6.8],"to":[5.8999996,11.6,8.0],"rotation":{"angle":0.0,"axis":"x","origin":[8.3,-4.0000005,8.0]},"faces":{"down":{"uv":[4.475,11.025,4.275,11.475],"rotation":0,"texture":"#0","tintindex":0},"east":{"uv":[2.775,11.525,3.225,12.725],"rotation":0,"texture":"#0","tintindex":0},"north":{"uv":[0.525,12.025,0.725,13.225],"rotation":0,"texture":"#0","tintindex":0},"south":{"uv":[12.275,10.525,12.475,11.725],"rotation":0,"texture":"#0","tintindex":0},"up":{"uv":[3.475,10.725,3.275,10.275],"rotation":0,"texture":"#0","tintindex":0},"west":{"uv":[7.275,11.525,7.725,12.725],"rotation":0,"texture":"#0","tintindex":0}}},{"name":"cube","from":[5.6,8.0,5.3],"to":[10.4,12.8,10.1],"rotation":{"angle":0.0,"axis":"x","origin":[8.0,-4.0000005,7.7]},"faces":{"down":{"uv":[5.975,0.025,4.025,1.975],"rotation":0,"texture":"#0","tintindex":0},"east":{"uv":[0.025,2.025,1.975,3.975],"rotation":0,"texture":"#0","tintindex":0},"north":{"uv":[0.025,0.025,1.975,1.975],"rotation":0,"texture":"#0","tintindex":0},"south":{"uv":[2.025,0.025,3.975,1.975],"rotation":0,"texture":"#0","tintindex":0},"up":{"uv":[1.975,5.975,0.025,4.025],"rotation":0,"texture":"#0","tintindex":0},"west":{"uv":[2.025,2.025,3.975,3.975],"rotation":0,"texture":"#0","tintindex":0}}},{"name":"cube","from":[7.4,9.8,4.7],"to":[8.6,10.4,5.3],"rotation":{"angle":0.0,"axis":"x","origin":[8.0,-4.0000005,7.7]},"faces":{"down":{"uv":[11.225,3.525,10.775,3.725],"rotation":0,"texture":"#0","tintindex":0},"east":{"uv":[4.275,6.275,4.475,6.475],"rotation":0,"texture":"#0","tintindex":0},"north":{"uv":[8.525,8.275,8.975,8.475],"rotation":0,"texture":"#0","tintindex":0},"south":{"uv":[9.025,2.525,9.475,2.725],"rotation":0,"texture":"#0","tintindex":0},"up":{"uv":[8.225,10.725,7.775,10.525],"rotation":0,"texture":"#0","tintindex":0},"west":{"uv":[6.525,3.275,6.725,3.475],"rotation":0,"texture":"#0","tintindex":0}}},{"name":"cube","from":[8.9,7.4,5.0],"to":[10.700001,8.6,8.0],"rotation":{"angle":0.0,"axis":"x","origin":[8.0,-4.0000005,7.7]},"faces":{"down":{"uv":[0.775,11.275,1.475,12.475],"rotation":0,"texture":"#0","tintindex":0},"east":{"uv":[12.975,2.525,11.775,2.975],"rotation":0,"texture":"#0","tintindex":0},"north":{"uv":[8.975,1.025,8.275,1.475],"rotation":0,"texture":"#0","tintindex":0},"south":{"uv":[5.475,12.275,4.775,12.725],"rotation":0,"texture":"#0","tintindex":0},"up":{"uv":[9.775,11.975,10.475,10.775],"rotation":0,"texture":"#0","tintindex":0},"west":{"uv":[12.475,6.775,11.275,7.225],"rotation":0,"texture":"#0","tintindex":0}}},{"name":"cube","from":[10.1,8.6,6.8],"to":[10.700001,11.6,8.0],"rotation":{"angle":0.0,"axis":"x","origin":[7.7,-4.0000005,8.0]},"faces":{"down":{"uv":[4.275,11.025,4.475,11.475],"rotation":0,"texture":"#0","tintindex":0},"east":{"uv":[7.725,11.525,7.275,12.725],"rotation":0,"texture":"#0","tintindex":0},"north":{"uv":[0.725,12.025,0.525,13.225],"rotation":0,"texture":"#0","tintindex":0},"south":{"uv":[12.475,10.525,12.275,11.725],"rotation":0,"texture":"#0","tintindex":0},"up":{"uv":[3.275,10.725,3.475,10.275],"rotation":0,"texture":"#0","tintindex":0},"west":{"uv":[3.225,11.525,2.775,12.725],"rotation":0,"texture":"#0","tintindex":0}}},{"name":"cube","from":[10.1,11.0,8.0],"to":[10.700001,11.6,9.2],"rotation":{"angle":0.0,"axis":"x","origin":[7.7,-4.0000005,9.2]},"faces":{"down":{"uv":[2.025,12.525,2.225,12.975],"rotation":0,"texture":"#0","tintindex":0},"east":{"uv":[12.975,1.525,12.525,1.725],"rotation":0,"texture":"#0","tintindex":0},"north":{"uv":[1.975,6.775,1.775,6.975],"rotation":0,"texture":"#0","tintindex":0},"south":{"uv":[9.725,2.525,9.525,2.725],"rotation":0,"texture":"#0","tintindex":0},"up":{"uv":[12.525,2.225,12.725,1.775],"rotation":0,"texture":"#0","tintindex":0},"west":{"uv":[5.225,12.025,4.775,12.225],"rotation":0,"texture":"#0","tintindex":0}}},{"name":"cube","from":[9.963616,9.2,7.9061494],"to":[10.563616,11.0,9.10615],"rotation":{"angle":22.5,"axis":"y","origin":[9.663616,11.3,7.9061494]},"faces":{"down":{"uv":[1.275,12.525,1.475,12.975],"rotation":0,"texture":"#0","tintindex":0},"east":{"uv":[1.225,10.525,0.775,11.225],"rotation":0,"texture":"#0","tintindex":0},"north":{"uv":[4.475,5.525,4.275,6.225],"rotation":0,"texture":"#0","tintindex":0},"south":{"uv":[1.975,6.025,1.775,6.725],"rotation":0,"texture":"#0","tintindex":0},"up":{"uv":[4.275,11.975,4.475,11.525],"rotation":0,"texture":"#0","tintindex":0},"west":{"uv":[1.725,7.525,1.275,8.225],"rotation":0,"texture":"#0","tintindex":0}}},{"name":"cube","from":[5.3,9.8,9.2],"to":[10.700001,11.6,10.4],"rotation":{"angle":0.0,"axis":"x","origin":[8.3,-4.0000005,10.4]},"faces":{"down":{"uv":[12.475,7.775,10.275,8.225],"rotation":0,"texture":"#0","tintindex":0},"east":{"uv":[11.025,12.025,11.475,12.725],"rotation":0,"texture":"#0","tintindex":0},"north":{"uv":[9.025,1.025,11.225,1.725],"rotation":0,"texture":"#0","tintindex":0},"south":{"uv":[9.025,1.775,11.225,2.475],"rotation":0,"texture":"#0","tintindex":0},"up":{"uv":[12.475,7.725,10.275,7.275],"rotation":0,"texture":"#0","tintindex":0},"west":{"uv":[5.525,12.275,5.975,12.975],"rotation":0,"texture":"#0","tintindex":0}}},{"name":"cube","from":[5.436384,9.2,7.9061494],"to":[6.0363836,11.0,9.10615],"rotation":{"angle":-22.5,"axis":"y","origin":[6.336384,11.3,7.9061494]},"faces":{"down":{"uv":[1.475,12.525,1.275,12.975],"rotation":0,"texture":"#0","tintindex":0},"east":{"uv":[1.275,7.525,1.725,8.225],"rotation":0,"texture":"#0","tintindex":0},"north":{"uv":[4.275,5.525,4.475,6.225],"rotation":0,"texture":"#0","tintindex":0},"south":{"uv":[1.775,6.025,1.975,6.725],"rotation":0,"texture":"#0","tintindex":0},"up":{"uv":[4.475,11.975,4.275,11.525],"rotation":0,"texture":"#0","tintindex":0},"west":{"uv":[0.775,10.525,1.225,11.225],"rotation":0,"texture":"#0","tintindex":0}}},{"name":"cube","from":[5.3,11.0,8.0],"to":[5.8999996,11.6,9.2],"rotation":{"angle":0.0,"axis":"x","origin":[8.3,-4.0000005,9.2]},"faces":{"down":{"uv":[2.225,12.525,2.025,12.975],"rotation":0,"texture":"#0","tintindex":0},"east":{"uv":[4.775,12.025,5.225,12.225],"rotation":0,"texture":"#0","tintindex":0},"north":{"uv":[1.775,6.775,1.975,6.975],"rotation":0,"texture":"#0","tintindex":0},"south":{"uv":[9.525,2.525,9.725,2.725],"rotation":0,"texture":"#0","tintindex":0},"up":{"uv":[12.725,2.225,12.525,1.775],"rotation":0,"texture":"#0","tintindex":0},"west":{"uv":[12.525,1.525,12.975,1.725],"rotation":0,"texture":"#0","tintindex":0}}}],"display":{"head":{"translation":[0.0,-6.4,0.0],"rotation":[0.0,0.0,0.0],"scale":[3.8095,3.8095,3.8095]}}}