{"textures":{"0":"modelengine:entity/tavern"},"elements":[{"name":"cube","from":[7.7,7.4,6.5],"to":[10.1,9.2,9.5],"rotation":{"angle":0.0,"axis":"x","origin":[10.1,9.2,8.6]},"faces":{"down":{"uv":[2.275,10.275,3.225,11.475],"rotation":0,"texture":"#0","tintindex":0},"east":{"uv":[12.475,1.775,11.275,2.475],"rotation":0,"texture":"#0","tintindex":0},"north":{"uv":[12.225,8.275,11.275,8.975],"rotation":0,"texture":"#0","tintindex":0},"south":{"uv":[11.475,11.275,10.525,11.975],"rotation":0,"texture":"#0","tintindex":0},"up":{"uv":[5.775,11.225,6.725,10.025],"rotation":0,"texture":"#0","tintindex":0},"west":{"uv":[12.475,1.025,11.275,1.725],"rotation":0,"texture":"#0","tintindex":0}}},{"name":"cube","from":[8.0,4.999999,6.8],"to":[9.8,7.4,9.2],"rotation":{"angle":0.0,"axis":"x","origin":[10.4,7.4,8.3]},"faces":{"down":{"uv":[6.525,11.525,7.225,12.475],"rotation":0,"texture":"#0","tintindex":0},"east":{"uv":[11.475,10.275,10.525,11.225],"rotation":0,"texture":"#0","tintindex":0},"north":{"uv":[12.225,0.025,11.525,0.975],"rotation":0,"texture":"#0","tintindex":0},"south":{"uv":[2.725,11.525,2.025,12.475],"rotation":0,"texture":"#0","tintindex":0},"up":{"uv":[11.525,4.475,12.225,3.525],"rotation":0,"texture":"#0","tintindex":0},"west":{"uv":[11.475,9.275,10.525,10.225],"rotation":0,"texture":"#0","tintindex":0}}}],"display":{"head":{"translation":[0.0,-6.4,0.0],"rotation":[0.0,0.0,0.0],"scale":[3.8095,3.8095,3.8095]}}}