{"textures":{"0":"modelengine:entity/tavern"},"elements":[{"name":"cube","from":[6.8,3.7999997,5.3],"to":[9.2,6.2,8.3],"rotation":{"angle":0.0,"axis":"x","origin":[9.2,6.2,7.4]},"faces":{"down":{"uv":[10.275,6.025,11.225,7.225],"rotation":0,"texture":"#0","tintindex":0},"east":{"uv":[11.475,3.775,10.275,4.725],"rotation":0,"texture":"#0","tintindex":0},"north":{"uv":[11.725,2.525,10.775,3.475],"rotation":0,"texture":"#0","tintindex":0},"south":{"uv":[8.725,10.775,7.775,11.725],"rotation":0,"texture":"#0","tintindex":0},"up":{"uv":[10.275,5.975,11.225,4.775],"rotation":0,"texture":"#0","tintindex":0},"west":{"uv":[11.475,0.025,10.275,0.975],"rotation":0,"texture":"#0","tintindex":0}}},{"name":"cube","from":[8.0,2.6,5.3],"to":[9.2,3.7999997,8.3],"rotation":{"angle":0.0,"axis":"x","origin":[9.2,3.7999997,7.4]},"faces":{"down":{"uv":[0.025,12.025,0.475,13.225],"rotation":0,"texture":"#0","tintindex":0},"east":{"uv":[8.975,11.775,7.775,12.225],"rotation":0,"texture":"#0","tintindex":0},"north":{"uv":[4.475,3.525,4.025,3.975],"rotation":0,"texture":"#0","tintindex":0},"south":{"uv":[6.475,1.525,6.025,1.975],"rotation":0,"texture":"#0","tintindex":0},"up":{"uv":[9.025,12.975,9.475,11.775],"rotation":0,"texture":"#0","tintindex":0},"west":{"uv":[12.975,3.025,11.775,3.475],"rotation":0,"texture":"#0","tintindex":0}}},{"name":"cube","from":[7.4,3.4999998,4.7],"to":[8.6,4.1,8.9],"rotation":{"angle":0.0,"axis":"x","origin":[8.6,4.7,7.4]},"faces":{"down":{"uv":[1.525,11.275,1.975,12.975],"rotation":0,"texture":"#0","tintindex":0},"east":{"uv":[13.725,6.525,12.025,6.725],"rotation":0,"texture":"#0","tintindex":0},"north":{"uv":[12.975,2.275,12.525,2.475],"rotation":0,"texture":"#0","tintindex":0},"south":{"uv":[6.975,12.525,6.525,12.725],"rotation":0,"texture":"#0","tintindex":0},"up":{"uv":[5.275,12.225,5.725,10.525],"rotation":0,"texture":"#0","tintindex":0},"west":{"uv":[13.225,4.525,11.525,4.725],"rotation":0,"texture":"#0","tintindex":0}}},{"name":"cube","from":[7.4,2.2999997,4.7],"to":[8.6,3.4999998,5.3],"rotation":{"angle":0.0,"axis":"x","origin":[8.6,3.4999998,7.4]},"faces":{"down":{"uv":[12.525,7.525,12.975,7.725],"rotation":0,"texture":"#0","tintindex":0},"east":{"uv":[7.225,12.525,7.025,12.975],"rotation":0,"texture":"#0","tintindex":0},"north":{"uv":[12.725,11.775,12.275,12.225],"rotation":0,"texture":"#0","tintindex":0},"south":{"uv":[12.725,12.275,12.275,12.725],"rotation":0,"texture":"#0","tintindex":0},"up":{"uv":[12.525,7.475,12.975,7.275],"rotation":0,"texture":"#0","tintindex":0},"west":{"uv":[12.725,6.775,12.525,7.225],"rotation":0,"texture":"#0","tintindex":0}}},{"name":"cube","from":[7.4,2.2999997,8.3],"to":[8.6,3.4999998,8.9],"rotation":{"angle":0.0,"axis":"x","origin":[8.6,3.4999998,11.6]},"faces":{"down":{"uv":[12.525,9.775,12.975,9.975],"rotation":0,"texture":"#0","tintindex":0},"east":{"uv":[12.725,9.025,12.525,9.475],"rotation":0,"texture":"#0","tintindex":0},"north":{"uv":[1.225,12.525,0.775,12.975],"rotation":0,"texture":"#0","tintindex":0},"south":{"uv":[12.975,1.025,12.525,1.475],"rotation":0,"texture":"#0","tintindex":0},"up":{"uv":[12.525,9.725,12.975,9.525],"rotation":0,"texture":"#0","tintindex":0},"west":{"uv":[12.725,7.775,12.525,8.225],"rotation":0,"texture":"#0","tintindex":0}}},{"name":"cube","from":[6.8,-0.10000038,4.3999996],"to":[9.2,2.2999997,9.2],"rotation":{"angle":0.0,"axis":"x","origin":[8.6,2.2999997,7.7]},"faces":{"down":{"uv":[8.275,5.275,9.225,7.225],"rotation":0,"texture":"#0","tintindex":0},"east":{"uv":[10.225,4.275,8.275,5.225],"rotation":0,"texture":"#0","tintindex":0},"north":{"uv":[9.725,10.775,8.775,11.725],"rotation":0,"texture":"#0","tintindex":0},"south":{"uv":[4.225,11.025,3.275,11.975],"rotation":0,"texture":"#0","tintindex":0},"up":{"uv":[2.525,10.225,3.475,8.275],"rotation":0,"texture":"#0","tintindex":0},"west":{"uv":[10.225,0.025,8.275,0.975],"rotation":0,"texture":"#0","tintindex":0}}},{"name":"cube","from":[6.5,-0.40000033,3.7999997],"to":[9.5,2.6,5.0],"rotation":{"angle":0.0,"axis":"x","origin":[8.6,2.2999997,7.7]},"faces":{"down":{"uv":[14.75,5.5,16.0,6.0],"rotation":0,"texture":"#0","tintindex":0},"east":{"uv":[16.0,3.75,15.5,5.0],"rotation":0,"texture":"#0","tintindex":0},"north":{"uv":[16.0,0.0,14.75,1.25],"rotation":0,"texture":"#0","tintindex":0},"south":{"uv":[16.0,1.25,14.75,2.5],"rotation":0,"texture":"#0","tintindex":0},"up":{"uv":[14.75,5.5,16.0,5.0],"rotation":0,"texture":"#0","tintindex":0},"west":{"uv":[16.0,2.5,15.5,3.75],"rotation":0,"texture":"#0","tintindex":0}}},{"name":"cube","from":[6.8,2.6,5.3],"to":[8.0,3.7999997,7.1],"rotation":{"angle":0.0,"axis":"x","origin":[8.0,3.7999997,7.4]},"faces":{"down":{"uv":[8.525,12.275,8.975,12.975],"rotation":0,"texture":"#0","tintindex":0},"east":{"uv":[12.975,8.275,12.275,8.725],"rotation":0,"texture":"#0","tintindex":0},"north":{"uv":[10.225,3.775,9.775,4.225],"rotation":0,"texture":"#0","tintindex":0},"south":{"uv":[7.225,10.025,6.775,10.475],"rotation":0,"texture":"#0","tintindex":0},"up":{"uv":[6.025,12.975,6.475,12.275],"rotation":0,"texture":"#0","tintindex":0},"west":{"uv":[8.475,12.275,7.775,12.725],"rotation":0,"texture":"#0","tintindex":0}}},{"name":"cube","from":[7.1,6.2,5.6],"to":[8.9,8.0,8.0],"rotation":{"angle":0.0,"axis":"x","origin":[9.5,8.0,7.1]},"faces":{"down":{"uv":[11.525,11.525,12.225,12.475],"rotation":0,"texture":"#0","tintindex":0},"east":{"uv":[12.475,9.775,11.525,10.475],"rotation":0,"texture":"#0","tintindex":0},"north":{"uv":[10.975,12.025,10.275,12.725],"rotation":0,"texture":"#0","tintindex":0},"south":{"uv":[12.975,0.025,12.275,0.725],"rotation":0,"texture":"#0","tintindex":0},"up":{"uv":[11.525,11.475,12.225,10.525],"rotation":0,"texture":"#0","tintindex":0},"west":{"uv":[12.475,9.025,11.525,9.725],"rotation":0,"texture":"#0","tintindex":0}}}],"display":{"head":{"translation":[0.0,-6.4,0.0],"rotation":[0.0,0.0,0.0],"scale":[3.8095,3.8095,3.8095]}}}