{"textures":{"0":"modelengine:entity/tavern"},"elements":[{"name":"cube","from":[5.8999996,7.4,6.5],"to":[8.3,9.2,9.5],"rotation":{"angle":0.0,"axis":"x","origin":[5.8999996,9.2,8.6]},"faces":{"down":{"uv":[3.225,10.275,2.275,11.475],"rotation":0,"texture":"#0","tintindex":0},"east":{"uv":[11.275,1.025,12.475,1.725],"rotation":0,"texture":"#0","tintindex":0},"north":{"uv":[11.275,8.275,12.225,8.975],"rotation":0,"texture":"#0","tintindex":0},"south":{"uv":[10.525,11.275,11.475,11.975],"rotation":0,"texture":"#0","tintindex":0},"up":{"uv":[6.725,11.225,5.775,10.025],"rotation":0,"texture":"#0","tintindex":0},"west":{"uv":[11.275,1.775,12.475,2.475],"rotation":0,"texture":"#0","tintindex":0}}},{"name":"cube","from":[6.2,4.999999,6.8],"to":[8.0,7.4,9.2],"rotation":{"angle":0.0,"axis":"x","origin":[5.6,7.4,8.3]},"faces":{"down":{"uv":[7.225,11.525,6.525,12.475],"rotation":0,"texture":"#0","tintindex":0},"east":{"uv":[10.525,9.275,11.475,10.225],"rotation":0,"texture":"#0","tintindex":0},"north":{"uv":[11.525,0.025,12.225,0.975],"rotation":0,"texture":"#0","tintindex":0},"south":{"uv":[2.025,11.525,2.725,12.475],"rotation":0,"texture":"#0","tintindex":0},"up":{"uv":[12.225,4.475,11.525,3.525],"rotation":0,"texture":"#0","tintindex":0},"west":{"uv":[10.525,10.275,11.475,11.225],"rotation":0,"texture":"#0","tintindex":0}}}],"display":{"head":{"translation":[0.0,-6.4,0.0],"rotation":[0.0,0.0,0.0],"scale":[3.8095,3.8095,3.8095]}}}