{"textures":{"0":"modelengine:entity/tavern"},"elements":[{"name":"cube","from":[7.1,5.0,6.8],"to":[8.9,8.6,9.2],"rotation":{"angle":0.0,"axis":"x","origin":[7.7,6.2,8.3]},"faces":{"down":{"uv":[11.975,5.775,11.275,6.725],"rotation":0,"texture":"#0","tintindex":0},"east":{"uv":[9.275,5.275,10.225,6.725],"rotation":0,"texture":"#0","tintindex":0},"north":{"uv":[0.025,10.525,0.725,11.975],"rotation":0,"texture":"#0","tintindex":0},"south":{"uv":[4.525,10.525,5.225,11.975],"rotation":0,"texture":"#0","tintindex":0},"up":{"uv":[6.475,12.225,5.775,11.275],"rotation":0,"texture":"#0","tintindex":0},"west":{"uv":[3.525,9.525,4.475,10.975],"rotation":0,"texture":"#0","tintindex":0}}}],"display":{"head":{"translation":[0.0,-6.4,0.0],"rotation":[0.0,0.0,0.0],"scale":[3.8095,3.8095,3.8095]}}}