{"textures":{"0":"modelengine:entity/tavern"},"elements":[{"name":"cube","from":[5.0,9.800001,6.5],"to":[11.0,13.400001,9.5],"rotation":{"angle":22.5,"axis":"x","origin":[8.0,13.400001,8.0]},"faces":{"down":{"uv":[6.725,6.525,4.275,7.725],"rotation":0,"texture":"#0","tintindex":0},"east":{"uv":[8.525,2.775,9.725,4.225],"rotation":0,"texture":"#0","tintindex":0},"north":{"uv":[2.025,4.025,4.475,5.475],"rotation":0,"texture":"#0","tintindex":0},"south":{"uv":[4.025,2.025,6.475,3.475],"rotation":0,"texture":"#0","tintindex":0},"up":{"uv":[8.975,2.725,6.525,1.525],"rotation":0,"texture":"#0","tintindex":0},"west":{"uv":[6.025,8.525,7.225,9.975],"rotation":0,"texture":"#0","tintindex":0}}},{"name":"cube","from":[6.5,12.200001,5.8999996],"to":[9.5,15.2,8.9],"rotation":{"angle":0.0,"axis":"x","origin":[8.3,16.400002,8.0]},"faces":{"down":{"uv":[1.225,9.275,0.025,10.475],"rotation":0,"texture":"#0","tintindex":0},"east":{"uv":[3.525,7.775,4.725,8.975],"rotation":0,"texture":"#0","tintindex":0},"north":{"uv":[0.025,7.525,1.225,8.725],"rotation":0,"texture":"#0","tintindex":0},"south":{"uv":[4.775,7.775,5.975,8.975],"rotation":0,"texture":"#0","tintindex":0},"up":{"uv":[10.225,9.475,9.025,8.275],"rotation":0,"texture":"#0","tintindex":0},"west":{"uv":[1.275,8.275,2.475,9.475],"rotation":0,"texture":"#0","tintindex":0}}},{"name":"cube","from":[5.3,7.562992,5.096989],"to":[10.700001,11.1629925,8.696989],"rotation":{"angle":0.0,"axis":"x","origin":[8.3,9.362991,7.196989]},"faces":{"down":{"uv":[8.225,0.025,6.025,1.475],"rotation":0,"texture":"#0","tintindex":0},"east":{"uv":[6.775,4.275,8.225,5.725],"rotation":0,"texture":"#0","tintindex":0},"north":{"uv":[4.525,3.525,6.725,4.975],"rotation":0,"texture":"#0","tintindex":0},"south":{"uv":[4.525,5.025,6.725,6.475],"rotation":0,"texture":"#0","tintindex":0},"up":{"uv":[4.225,6.975,2.025,5.525],"rotation":0,"texture":"#0","tintindex":0},"west":{"uv":[6.775,5.775,8.225,7.225],"rotation":0,"texture":"#0","tintindex":0}}},{"name":"cube","from":[5.8999996,3.9629917,5.096989],"to":[10.1,7.562992,5.096989],"rotation":{"angle":0.0,"axis":"x","origin":[8.3,9.362991,7.196989]},"faces":{"down":{"uv":[1.725,0.025,0.025,0.025],"rotation":0,"texture":"#0","tintindex":0},"east":{"uv":[0.025,0.025,0.025,1.475],"rotation":0,"texture":"#0","tintindex":0},"north":{"uv":[0.025,6.025,1.725,7.475],"rotation":0,"texture":"#0","tintindex":0},"south":{"uv":[6.775,2.775,8.475,4.225],"rotation":0,"texture":"#0","tintindex":0},"up":{"uv":[1.725,0.025,0.025,0.025],"rotation":0,"texture":"#0","tintindex":0},"west":{"uv":[0.025,0.025,0.025,1.475],"rotation":0,"texture":"#0","tintindex":0}}},{"name":"cube","from":[5.8999996,5.713557,5.4648647],"to":[10.1,8.113557,8.464865],"rotation":{"angle":-22.5,"axis":"x","origin":[8.0,6.913557,6.6648645]},"faces":{"down":{"uv":[8.475,7.275,6.775,8.475],"rotation":0,"texture":"#0","tintindex":0},"east":{"uv":[4.525,9.525,5.725,10.475],"rotation":0,"texture":"#0","tintindex":0},"north":{"uv":[7.275,8.525,8.975,9.475],"rotation":0,"texture":"#0","tintindex":0},"south":{"uv":[8.525,7.275,10.225,8.225],"rotation":0,"texture":"#0","tintindex":0},"up":{"uv":[3.475,8.225,1.775,7.025],"rotation":0,"texture":"#0","tintindex":0},"west":{"uv":[7.275,9.525,8.475,10.475],"rotation":0,"texture":"#0","tintindex":0}}}],"display":{"head":{"translation":[0.0,-6.4,0.0],"rotation":[0.0,0.0,0.0],"scale":[3.8095,3.8095,3.8095]}}}