{"textures":{"0":"minecraft:toffy/crates/toffy_crate_viking"},"elements":[{"name":"cube","from":[7.011128,8.611465,15.815001],"to":[8.211127,12.211466,17.015],"rotation":{"angle":-22.5,"axis":"z","origin":[7.416128,10.006466,16.415]},"faces":{"down":{"uv":[7.8125,7.3125,7.6875,7.1875],"rotation":0,"texture":"#0","tintindex":0},"east":{"uv":[3.0,7.3125,2.875,7.6875],"rotation":0,"texture":"#0","tintindex":0},"north":{"uv":[0.4375,7.5,0.3125,7.875],"rotation":0,"texture":"#0","tintindex":0},"south":{"uv":[4.5625,2.0,4.4375,2.375],"rotation":0,"texture":"#0","tintindex":0},"up":{"uv":[7.8125,5.0,7.6875,5.125],"rotation":0,"texture":"#0","tintindex":0},"west":{"uv":[0.625,7.5,0.5,7.875],"rotation":0,"texture":"#0","tintindex":0}}},{"name":"cube","from":[6.5,8.6,15.5],"to":[8.3,9.2,17.3],"rotation":{"angle":0.0,"axis":"x","origin":[8.0,8.0,17.6]},"faces":{"down":{"uv":[7.6875,2.0,7.5,1.8125],"rotation":0,"texture":"#0","tintindex":0},"east":{"uv":[6.3125,4.625,6.125,4.6875],"rotation":0,"texture":"#0","tintindex":0},"north":{"uv":[7.5625,5.4375,7.375,5.5],"rotation":0,"texture":"#0","tintindex":0},"south":{"uv":[2.6875,4.5,2.5,4.5625],"rotation":0,"texture":"#0","tintindex":0},"up":{"uv":[7.6875,0.5625,7.5,0.75],"rotation":0,"texture":"#0","tintindex":0},"west":{"uv":[1.5,7.875,1.3125,7.9375],"rotation":0,"texture":"#0","tintindex":0}}},{"name":"cube","from":[6.2,8.0,15.2],"to":[8.6,8.6,17.6],"rotation":{"angle":0.0,"axis":"x","origin":[8.0,8.0,17.6]},"faces":{"down":{"uv":[2.6875,3.125,2.4375,2.875],"rotation":0,"texture":"#0","tintindex":0},"east":{"uv":[7.9375,7.375,7.6875,7.4375],"rotation":0,"texture":"#0","tintindex":0},"north":{"uv":[7.9375,7.5,7.6875,7.5625],"rotation":0,"texture":"#0","tintindex":0},"south":{"uv":[5.4375,3.125,5.1875,3.1875],"rotation":0,"texture":"#0","tintindex":0},"up":{"uv":[1.3125,2.0,1.0625,2.25],"rotation":0,"texture":"#0","tintindex":0},"west":{"uv":[7.9375,7.625,7.6875,7.6875],"rotation":0,"texture":"#0","tintindex":0}}}],"display":{"head":{"translation":[0.0,-6.4,0.0],"rotation":[0.0,0.0,0.0],"scale":[3.8095,3.8095,3.8095]}}}