{"textures":{"0":"modelengine:entity/rpg3_lever"},"elements":[{"name":"cube","from":[12.8,8.0,9.2],"to":[15.2,8.6,18.8],"rotation":{"angle":0.0,"axis":"x","origin":[8.0,8.0,8.0]},"faces":{"down":{"uv":[4.0,6.5,3.0,10.5],"rotation":0,"texture":"#0","tintindex":0},"east":{"uv":[7.0,6.25,11.0,6.5],"rotation":0,"texture":"#0","tintindex":0},"north":{"uv":[6.0,4.75,7.0,5.0],"rotation":0,"texture":"#0","tintindex":0},"south":{"uv":[9.5,4.75,10.5,5.0],"rotation":0,"texture":"#0","tintindex":0},"up":{"uv":[7.0,4.75,6.0,0.75],"rotation":0,"texture":"#0","tintindex":0},"west":{"uv":[6.0,8.75,10.0,9.0],"rotation":0,"texture":"#0","tintindex":0}}},{"name":"cube","from":[9.2,8.0,8.0],"to":[12.8,9.8,20.0],"rotation":{"angle":0.0,"axis":"x","origin":[8.0,8.0,8.0]},"faces":{"down":{"uv":[3.0,0.0,1.5,5.0],"rotation":0,"texture":"#0","tintindex":0},"east":{"uv":[4.0,6.5,9.0,7.25],"rotation":0,"texture":"#0","tintindex":0},"north":{"uv":[6.0,7.25,7.5,8.0],"rotation":0,"texture":"#0","tintindex":0},"south":{"uv":[7.5,7.25,9.0,8.0],"rotation":0,"texture":"#0","tintindex":0},"up":{"uv":[1.5,5.0,0.0,0.0],"rotation":0,"texture":"#0","tintindex":0},"west":{"uv":[7.0,0.75,12.0,1.5],"rotation":0,"texture":"#0","tintindex":0}}},{"name":"cube","from":[7.6981187,7.701257,7.4],"to":[9.498119,9.501257,20.600002],"rotation":{"angle":22.5,"axis":"z","origin":[8.598119,8.901257,14.0]},"faces":{"down":{"uv":[1.5,5.75,0.75,11.25],"rotation":0,"texture":"#0","tintindex":0},"east":{"uv":[0.0,5.0,5.5,5.75],"rotation":0,"texture":"#0","tintindex":0},"north":{"uv":[8.0,9.0,8.75,9.75],"rotation":0,"texture":"#0","tintindex":0},"south":{"uv":[9.0,8.0,9.75,8.75],"rotation":0,"texture":"#0","tintindex":0},"up":{"uv":[0.75,11.25,0.0,5.75],"rotation":0,"texture":"#0","tintindex":0},"west":{"uv":[5.5,5.0,11.0,5.75],"rotation":0,"texture":"#0","tintindex":0}}},{"name":"cube","from":[18.50188,7.701257,7.4],"to":[20.301884,9.501257,20.600002],"rotation":{"angle":-22.5,"axis":"z","origin":[19.401882,8.901257,14.0]},"faces":{"down":{"uv":[3.0,6.5,2.25,12.0],"rotation":0,"texture":"#0","tintindex":0},"east":{"uv":[1.5,5.75,7.0,6.5],"rotation":0,"texture":"#0","tintindex":0},"north":{"uv":[8.75,9.0,9.5,9.75],"rotation":0,"texture":"#0","tintindex":0},"south":{"uv":[9.5,3.0,10.25,3.75],"rotation":0,"texture":"#0","tintindex":0},"up":{"uv":[2.25,12.0,1.5,6.5],"rotation":0,"texture":"#0","tintindex":0},"west":{"uv":[6.0,0.0,11.5,0.75],"rotation":0,"texture":"#0","tintindex":0}}},{"name":"cube","from":[15.2,8.0,8.0],"to":[18.8,9.8,20.0],"rotation":{"angle":0.0,"axis":"x","origin":[20.0,8.0,8.0]},"faces":{"down":{"uv":[6.0,0.0,4.5,5.0],"rotation":0,"texture":"#0","tintindex":0},"east":{"uv":[7.0,1.5,12.0,2.25],"rotation":0,"texture":"#0","tintindex":0},"north":{"uv":[6.0,8.0,7.5,8.75],"rotation":0,"texture":"#0","tintindex":0},"south":{"uv":[7.5,8.0,9.0,8.75],"rotation":0,"texture":"#0","tintindex":0},"up":{"uv":[4.5,5.0,3.0,0.0],"rotation":0,"texture":"#0","tintindex":0},"west":{"uv":[7.0,2.25,12.0,3.0],"rotation":0,"texture":"#0","tintindex":0}}},{"name":"cube","from":[12.8,8.0,8.0],"to":[15.2,9.8,9.2],"rotation":{"angle":0.0,"axis":"x","origin":[8.0,8.0,8.0]},"faces":{"down":{"uv":[10.5,4.25,9.5,4.75],"rotation":0,"texture":"#0","tintindex":0},"east":{"uv":[9.5,9.5,10.0,10.25],"rotation":0,"texture":"#0","tintindex":0},"north":{"uv":[6.0,9.0,7.0,9.75],"rotation":0,"texture":"#0","tintindex":0},"south":{"uv":[9.0,6.5,10.0,7.25],"rotation":0,"texture":"#0","tintindex":0},"up":{"uv":[10.5,4.25,9.5,3.75],"rotation":0,"texture":"#0","tintindex":0},"west":{"uv":[6.0,9.75,6.5,10.5],"rotation":0,"texture":"#0","tintindex":0}}},{"name":"cube","from":[12.8,8.0,18.8],"to":[15.2,9.8,20.0],"rotation":{"angle":0.0,"axis":"x","origin":[8.0,8.0,8.0]},"faces":{"down":{"uv":[10.5,9.0,9.5,9.5],"rotation":0,"texture":"#0","tintindex":0},"east":{"uv":[6.5,9.75,7.0,10.5],"rotation":0,"texture":"#0","tintindex":0},"north":{"uv":[7.0,9.0,8.0,9.75],"rotation":0,"texture":"#0","tintindex":0},"south":{"uv":[9.0,7.25,10.0,8.0],"rotation":0,"texture":"#0","tintindex":0},"up":{"uv":[10.5,6.25,9.5,5.75],"rotation":0,"texture":"#0","tintindex":0},"west":{"uv":[7.0,9.75,7.5,10.5],"rotation":0,"texture":"#0","tintindex":0}}}],"display":{"head":{"translation":[0.0,-6.4,0.0],"rotation":[0.0,0.0,0.0],"scale":[3.8095,3.8095,3.8095]}}}