{"textures":{"0":"modelengine:entity/rpg3_lever"},"elements":[{"name":"cube","from":[5.0,17.0,7.1],"to":[11.0,18.2,8.9],"rotation":{"angle":0.0,"axis":"x","origin":[8.0,17.6,8.0]},"faces":{"down":{"uv":[9.5,3.75,7.0,4.5],"rotation":0,"texture":"#0","tintindex":0},"east":{"uv":[7.5,9.75,8.25,10.25],"rotation":0,"texture":"#0","tintindex":0},"north":{"uv":[7.0,4.5,9.5,5.0],"rotation":0,"texture":"#0","tintindex":0},"south":{"uv":[7.0,5.75,9.5,6.25],"rotation":0,"texture":"#0","tintindex":0},"up":{"uv":[9.5,3.75,7.0,3.0],"rotation":0,"texture":"#0","tintindex":0},"west":{"uv":[9.75,8.0,10.5,8.5],"rotation":0,"texture":"#0","tintindex":0}}},{"name":"cube","from":[7.4,8.0,7.4],"to":[8.6,17.6,8.6],"rotation":{"angle":0.0,"axis":"x","origin":[2.6,8.0,6.2]},"faces":{"down":{"uv":[9.25,9.75,8.75,10.25],"rotation":0,"texture":"#0","tintindex":0},"east":{"uv":[4.5,7.25,5.0,11.25],"rotation":0,"texture":"#0","tintindex":0},"north":{"uv":[4.0,7.25,4.5,11.25],"rotation":0,"texture":"#0","tintindex":0},"south":{"uv":[5.0,7.25,5.5,11.25],"rotation":0,"texture":"#0","tintindex":0},"up":{"uv":[8.75,10.25,8.25,9.75],"rotation":0,"texture":"#0","tintindex":0},"west":{"uv":[5.5,7.25,6.0,11.25],"rotation":0,"texture":"#0","tintindex":0}}}],"display":{"head":{"translation":[0.0,-6.4,0.0],"rotation":[0.0,0.0,0.0],"scale":[3.8095,3.8095,3.8095]}}}