{"textures":{"0":"modelengine:entity/pirate"},"elements":[{"name":"cube","from":[5.0,9.970222,6.7421713],"to":[11.0,12.970223,9.742171],"rotation":{"angle":22.5,"axis":"x","origin":[8.0,12.370223,7.942171]},"faces":{"down":{"uv":[8.5,4.25,6.0,5.5],"rotation":0,"texture":"#0","tintindex":0},"east":{"uv":[7.0,8.75,8.25,10.0],"rotation":0,"texture":"#0","tintindex":0},"north":{"uv":[6.0,1.75,8.5,3.0],"rotation":0,"texture":"#0","tintindex":0},"south":{"uv":[6.0,3.0,8.5,4.25],"rotation":0,"texture":"#0","tintindex":0},"up":{"uv":[6.5,7.25,4.0,6.0],"rotation":0,"texture":"#0","tintindex":0},"west":{"uv":[8.75,7.25,10.0,8.5],"rotation":0,"texture":"#0","tintindex":0}}},{"name":"cube","from":[6.8,12.370223,6.7421713],"to":[9.2,13.570223,9.142172],"rotation":{"angle":0.0,"axis":"x","origin":[8.0,14.170223,7.942171]},"faces":{"down":{"uv":[11.5,10.25,10.5,11.25],"rotation":0,"texture":"#0","tintindex":0},"east":{"uv":[2.5,12.25,3.5,12.75],"rotation":0,"texture":"#0","tintindex":0},"north":{"uv":[12.0,5.75,13.0,6.25],"rotation":0,"texture":"#0","tintindex":0},"south":{"uv":[3.5,12.25,4.5,12.75],"rotation":0,"texture":"#0","tintindex":0},"up":{"uv":[2.0,11.5,1.0,10.5],"rotation":0,"texture":"#0","tintindex":0},"west":{"uv":[12.25,7.75,13.25,8.25],"rotation":0,"texture":"#0","tintindex":0}}},{"name":"cube","from":[5.6,6.4121323,5.915076],"to":[10.4,10.612133,8.915075],"rotation":{"angle":0.0,"axis":"x","origin":[8.0,10.012133,7.115076]},"faces":{"down":{"uv":[10.0,0.0,8.0,1.25],"rotation":0,"texture":"#0","tintindex":0},"east":{"uv":[4.25,8.5,5.5,10.25],"rotation":0,"texture":"#0","tintindex":0},"north":{"uv":[2.0,4.5,4.0,6.25],"rotation":0,"texture":"#0","tintindex":0},"south":{"uv":[6.0,0.0,8.0,1.75],"rotation":0,"texture":"#0","tintindex":0},"up":{"uv":[5.75,8.5,3.75,7.25],"rotation":0,"texture":"#0","tintindex":0},"west":{"uv":[8.5,5.5,9.75,7.25],"rotation":0,"texture":"#0","tintindex":0}}},{"name":"cube","from":[4.9106154,5.949378,5.915076],"to":[4.9106154,8.349379,8.915075],"rotation":{"angle":-22.5,"axis":"z","origin":[4.9106154,6.5493784,7.715076]},"faces":{"down":{"uv":[0.0,0.0,0.0,1.25],"rotation":0,"texture":"#0","tintindex":0},"east":{"uv":[10.25,3.75,11.5,4.75],"rotation":0,"texture":"#0","tintindex":0},"north":{"uv":[0.0,0.0,0.0,1.0],"rotation":0,"texture":"#0","tintindex":0},"south":{"uv":[0.0,0.0,0.0,1.0],"rotation":0,"texture":"#0","tintindex":0},"up":{"uv":[0.0,1.25,0.0,0.0],"rotation":0,"texture":"#0","tintindex":0},"west":{"uv":[10.25,8.0,11.5,9.0],"rotation":0,"texture":"#0","tintindex":0}}},{"name":"cube","from":[11.089384,5.949378,5.915076],"to":[11.089384,8.349379,8.915075],"rotation":{"angle":22.5,"axis":"z","origin":[11.089384,6.5493784,7.715076]},"faces":{"down":{"uv":[0.0,0.0,0.0,1.25],"rotation":0,"texture":"#0","tintindex":0},"east":{"uv":[11.5,8.0,10.25,9.0],"rotation":0,"texture":"#0","tintindex":0},"north":{"uv":[0.0,0.0,0.0,1.0],"rotation":0,"texture":"#0","tintindex":0},"south":{"uv":[0.0,0.0,0.0,1.0],"rotation":0,"texture":"#0","tintindex":0},"up":{"uv":[0.0,1.25,0.0,0.0],"rotation":0,"texture":"#0","tintindex":0},"west":{"uv":[11.5,3.75,10.25,4.75],"rotation":0,"texture":"#0","tintindex":0}}},{"name":"cube","from":[4.9106154,6.5493784,4.7150755],"to":[5.5106153,8.349379,11.915076],"rotation":{"angle":22.5,"axis":"x","origin":[4.9106154,6.5493784,7.715076]},"faces":{"down":{"uv":[8.75,11.5,8.5,14.5],"rotation":0,"texture":"#0","tintindex":0},"east":{"uv":[5.75,8.0,8.75,8.75],"rotation":0,"texture":"#0","tintindex":0},"north":{"uv":[12.5,8.75,12.75,9.5],"rotation":0,"texture":"#0","tintindex":0},"south":{"uv":[9.5,12.5,9.75,13.25],"rotation":0,"texture":"#0","tintindex":0},"up":{"uv":[2.0,14.5,1.75,11.5],"rotation":0,"texture":"#0","tintindex":0},"west":{"uv":[0.0,8.25,3.0,9.0],"rotation":0,"texture":"#0","tintindex":0}}},{"name":"cube","from":[4.9106154,5.949378,4.1150756],"to":[5.5106153,8.949379,4.7150755],"rotation":{"angle":22.5,"axis":"x","origin":[4.9106154,6.5493784,7.715076]},"faces":{"down":{"uv":[12.75,12.0,12.5,12.25],"rotation":0,"texture":"#0","tintindex":0},"east":{"uv":[9.25,12.25,9.5,13.5],"rotation":0,"texture":"#0","tintindex":0},"north":{"uv":[2.75,9.0,3.0,10.25],"rotation":0,"texture":"#0","tintindex":0},"south":{"uv":[7.75,12.5,8.0,13.75],"rotation":0,"texture":"#0","tintindex":0},"up":{"uv":[12.25,12.75,12.0,12.5],"rotation":0,"texture":"#0","tintindex":0},"west":{"uv":[8.0,12.5,8.25,13.75],"rotation":0,"texture":"#0","tintindex":0}}},{"name":"cube","from":[4.9106154,6.8493786,1.7150756],"to":[5.5106153,8.049378,4.1150756],"rotation":{"angle":22.5,"axis":"x","origin":[4.9106154,6.5493784,7.715076]},"faces":{"down":{"uv":[5.5,10.25,5.25,11.25],"rotation":0,"texture":"#0","tintindex":0},"east":{"uv":[12.5,0.5,13.5,1.0],"rotation":0,"texture":"#0","tintindex":0},"north":{"uv":[11.5,12.5,11.75,13.0],"rotation":0,"texture":"#0","tintindex":0},"south":{"uv":[11.75,12.5,12.0,13.0],"rotation":0,"texture":"#0","tintindex":0},"up":{"uv":[4.0,7.25,3.75,6.25],"rotation":0,"texture":"#0","tintindex":0},"west":{"uv":[12.5,1.0,13.5,1.5],"rotation":0,"texture":"#0","tintindex":0}}},{"name":"cube","from":[4.9106154,7.1493783,11.915076],"to":[5.5106153,8.949379,13.115077],"rotation":{"angle":22.5,"axis":"x","origin":[4.9106154,6.5493784,7.715076]},"faces":{"down":{"uv":[11.5,12.5,11.25,13.0],"rotation":0,"texture":"#0","tintindex":0},"east":{"uv":[5.75,12.5,6.25,13.25],"rotation":0,"texture":"#0","tintindex":0},"north":{"uv":[12.5,9.5,12.75,10.25],"rotation":0,"texture":"#0","tintindex":0},"south":{"uv":[9.75,12.5,10.0,13.25],"rotation":0,"texture":"#0","tintindex":0},"up":{"uv":[11.25,13.0,11.0,12.5],"rotation":0,"texture":"#0","tintindex":0},"west":{"uv":[6.25,12.5,6.75,13.25],"rotation":0,"texture":"#0","tintindex":0}}},{"name":"cube","from":[6.8,5.6,6.5],"to":[9.2,7.4,8.9],"rotation":{"angle":-45.0,"axis":"x","origin":[8.0,6.2,7.4]},"faces":{"down":{"uv":[1.0,10.5,0.0,11.5],"rotation":0,"texture":"#0","tintindex":0},"east":{"uv":[2.75,11.5,3.75,12.25],"rotation":0,"texture":"#0","tintindex":0},"north":{"uv":[6.75,11.25,7.75,12.0],"rotation":0,"texture":"#0","tintindex":0},"south":{"uv":[11.5,3.5,12.5,4.25],"rotation":0,"texture":"#0","tintindex":0},"up":{"uv":[10.5,11.25,9.5,10.25],"rotation":0,"texture":"#0","tintindex":0},"west":{"uv":[3.75,11.5,4.75,12.25],"rotation":0,"texture":"#0","tintindex":0}}}],"display":{"head":{"translation":[0.0,-6.4,0.0],"rotation":[0.0,0.0,0.0],"scale":[3.8095,3.8095,3.8095]}}}