{"textures":{"0":"modelengine:entity/pirate"},"elements":[{"name":"cube","from":[5.3475537,9.2,7.169132],"to":[5.9475536,11.0,8.369133],"rotation":{"angle":-22.5,"axis":"y","origin":[5.6475534,10.1,7.7691326]},"faces":{"down":{"uv":[11.75,4.25,11.5,4.75],"rotation":0,"texture":"#0","tintindex":0},"east":{"uv":[10.25,4.75,10.75,5.5],"rotation":0,"texture":"#0","tintindex":0},"north":{"uv":[8.5,7.25,8.75,8.0],"rotation":0,"texture":"#0","tintindex":0},"south":{"uv":[1.75,9.75,2.0,10.5],"rotation":0,"texture":"#0","tintindex":0},"up":{"uv":[10.0,7.25,9.75,6.75],"rotation":0,"texture":"#0","tintindex":0},"west":{"uv":[4.5,12.25,5.0,13.0],"rotation":0,"texture":"#0","tintindex":0}}},{"name":"cube","from":[5.6,7.4,4.7],"to":[10.4,12.2,9.5],"rotation":{"angle":0.0,"axis":"x","origin":[8.0,-6.4000006,7.1]},"faces":{"down":{"uv":[2.0,4.5,0.0,6.5],"rotation":0,"texture":"#0","tintindex":0},"east":{"uv":[2.0,2.5,4.0,4.5],"rotation":0,"texture":"#0","tintindex":0},"north":{"uv":[0.0,2.5,2.0,4.5],"rotation":0,"texture":"#0","tintindex":0},"south":{"uv":[4.0,0.0,6.0,2.0],"rotation":0,"texture":"#0","tintindex":0},"up":{"uv":[6.0,6.0,4.0,4.0],"rotation":0,"texture":"#0","tintindex":0},"west":{"uv":[4.0,2.0,6.0,4.0],"rotation":0,"texture":"#0","tintindex":0}}},{"name":"cube","from":[7.4,9.2,4.1],"to":[8.6,9.8,4.7],"rotation":{"angle":0.0,"axis":"x","origin":[8.0,-6.4000006,7.1]},"faces":{"down":{"uv":[12.5,6.25,12.0,6.5],"rotation":0,"texture":"#0","tintindex":0},"east":{"uv":[2.75,8.0,3.0,8.25],"rotation":0,"texture":"#0","tintindex":0},"north":{"uv":[10.75,2.25,11.25,2.5],"rotation":0,"texture":"#0","tintindex":0},"south":{"uv":[11.0,7.75,11.5,8.0],"rotation":0,"texture":"#0","tintindex":0},"up":{"uv":[12.0,9.0,11.5,8.75],"rotation":0,"texture":"#0","tintindex":0},"west":{"uv":[5.5,8.5,5.75,8.75],"rotation":0,"texture":"#0","tintindex":0}}},{"name":"cube","from":[5.0,6.2439737,6.0606604],"to":[5.6,9.843974,6.66066],"rotation":{"angle":0.0,"axis":"x","origin":[4.972421,8.943974,6.36066]},"faces":{"down":{"uv":[8.0,11.25,7.75,11.5],"rotation":0,"texture":"#0","tintindex":0},"east":{"uv":[8.0,10.0,8.25,11.5],"rotation":0,"texture":"#0","tintindex":0},"north":{"uv":[1.75,6.5,2.0,8.0],"rotation":0,"texture":"#0","tintindex":0},"south":{"uv":[1.5,12.0,1.75,13.5],"rotation":0,"texture":"#0","tintindex":0},"up":{"uv":[11.5,3.75,11.25,3.5],"rotation":0,"texture":"#0","tintindex":0},"west":{"uv":[5.0,12.25,5.25,13.75],"rotation":0,"texture":"#0","tintindex":0}}},{"name":"cube","from":[5.322036,9.662956,6.0606604],"to":[5.922035,11.462956,6.66066],"rotation":{"angle":-22.5,"axis":"z","origin":[5.6160355,10.562956,6.36066]},"faces":{"down":{"uv":[11.0,6.5,10.75,6.75],"rotation":0,"texture":"#0","tintindex":0},"east":{"uv":[8.75,11.5,9.0,12.25],"rotation":0,"texture":"#0","tintindex":0},"north":{"uv":[10.0,8.0,10.25,8.75],"rotation":0,"texture":"#0","tintindex":0},"south":{"uv":[12.5,7.0,12.75,7.75],"rotation":0,"texture":"#0","tintindex":0},"up":{"uv":[10.0,8.75,9.75,8.5],"rotation":0,"texture":"#0","tintindex":0},"west":{"uv":[8.25,12.5,8.5,13.25],"rotation":0,"texture":"#0","tintindex":0}}},{"name":"cube","from":[5.6,13.260661,4.26066],"to":[10.4,13.260661,7.26066],"rotation":{"angle":-45.0,"axis":"x","origin":[7.97,13.260661,5.76066]},"faces":{"down":{"uv":[8.5,6.75,6.5,8.0],"rotation":0,"texture":"#0","tintindex":0},"east":{"uv":[0.0,0.0,1.25,0.0],"rotation":0,"texture":"#0","tintindex":0},"north":{"uv":[0.0,0.0,2.0,0.0],"rotation":0,"texture":"#0","tintindex":0},"south":{"uv":[0.0,0.0,2.0,0.0],"rotation":0,"texture":"#0","tintindex":0},"up":{"uv":[8.5,6.75,6.5,5.5],"rotation":0,"texture":"#0","tintindex":0},"west":{"uv":[0.0,0.0,1.25,0.0],"rotation":0,"texture":"#0","tintindex":0}}},{"name":"cube","from":[5.594,9.06066,4.26066],"to":[5.594,13.260661,7.26066],"rotation":{"angle":-45.0,"axis":"x","origin":[8.15,13.260661,5.76066]},"faces":{"down":{"uv":[0.0,0.0,0.0,1.25],"rotation":0,"texture":"#0","tintindex":0},"east":{"uv":[8.5,1.25,9.75,3.0],"rotation":0,"texture":"#0","tintindex":0},"north":{"uv":[0.0,0.0,0.0,1.75],"rotation":0,"texture":"#0","tintindex":0},"south":{"uv":[0.0,0.0,0.0,1.75],"rotation":0,"texture":"#0","tintindex":0},"up":{"uv":[0.0,1.25,0.0,0.0],"rotation":0,"texture":"#0","tintindex":0},"west":{"uv":[3.0,8.5,4.25,10.25],"rotation":0,"texture":"#0","tintindex":0}}},{"name":"cube","from":[10.406,9.06066,4.26066],"to":[10.406,13.260661,7.26066],"rotation":{"angle":-45.0,"axis":"x","origin":[7.85,13.260661,5.76066]},"faces":{"down":{"uv":[0.0,0.0,0.0,1.25],"rotation":0,"texture":"#0","tintindex":0},"east":{"uv":[4.25,8.5,3.0,10.25],"rotation":0,"texture":"#0","tintindex":0},"north":{"uv":[0.0,0.0,0.0,1.75],"rotation":0,"texture":"#0","tintindex":0},"south":{"uv":[0.0,0.0,0.0,1.75],"rotation":0,"texture":"#0","tintindex":0},"up":{"uv":[0.0,1.25,0.0,0.0],"rotation":0,"texture":"#0","tintindex":0},"west":{"uv":[9.75,1.25,8.5,3.0],"rotation":0,"texture":"#0","tintindex":0}}},{"name":"cube","from":[10.077965,9.662956,6.0606604],"to":[10.677965,11.462956,6.66066],"rotation":{"angle":22.5,"axis":"z","origin":[10.383965,10.562956,6.36066]},"faces":{"down":{"uv":[10.75,6.5,11.0,6.75],"rotation":0,"texture":"#0","tintindex":0},"east":{"uv":[8.5,12.5,8.25,13.25],"rotation":0,"texture":"#0","tintindex":0},"north":{"uv":[10.25,8.0,10.0,8.75],"rotation":0,"texture":"#0","tintindex":0},"south":{"uv":[12.75,7.0,12.5,7.75],"rotation":0,"texture":"#0","tintindex":0},"up":{"uv":[9.75,8.75,10.0,8.5],"rotation":0,"texture":"#0","tintindex":0},"west":{"uv":[9.0,11.5,8.75,12.25],"rotation":0,"texture":"#0","tintindex":0}}},{"name":"cube","from":[10.4,6.2439737,6.0606604],"to":[11.0,9.843974,6.66066],"rotation":{"angle":0.0,"axis":"x","origin":[11.027579,8.943974,6.36066]},"faces":{"down":{"uv":[7.75,11.25,8.0,11.5],"rotation":0,"texture":"#0","tintindex":0},"east":{"uv":[5.25,12.25,5.0,13.75],"rotation":0,"texture":"#0","tintindex":0},"north":{"uv":[2.0,6.5,1.75,8.0],"rotation":0,"texture":"#0","tintindex":0},"south":{"uv":[1.75,12.0,1.5,13.5],"rotation":0,"texture":"#0","tintindex":0},"up":{"uv":[11.25,3.75,11.5,3.5],"rotation":0,"texture":"#0","tintindex":0},"west":{"uv":[8.25,10.0,8.0,11.5],"rotation":0,"texture":"#0","tintindex":0}}},{"name":"cube","from":[10.052446,9.2,7.169132],"to":[10.652447,11.0,8.369133],"rotation":{"angle":22.5,"axis":"y","origin":[10.352447,10.1,7.7691326]},"faces":{"down":{"uv":[11.5,4.25,11.75,4.75],"rotation":0,"texture":"#0","tintindex":0},"east":{"uv":[5.0,12.25,4.5,13.0],"rotation":0,"texture":"#0","tintindex":0},"north":{"uv":[8.75,7.25,8.5,8.0],"rotation":0,"texture":"#0","tintindex":0},"south":{"uv":[2.0,9.75,1.75,10.5],"rotation":0,"texture":"#0","tintindex":0},"up":{"uv":[9.75,7.25,10.0,6.75],"rotation":0,"texture":"#0","tintindex":0},"west":{"uv":[10.75,4.75,10.25,5.5],"rotation":0,"texture":"#0","tintindex":0}}},{"name":"cube","from":[5.8999996,11.042534,4.9302344],"to":[10.1,12.842533,7.9302344],"rotation":{"angle":-22.5,"axis":"x","origin":[7.4,11.9425335,6.4302344]},"faces":{"down":{"uv":[10.25,4.25,8.5,5.5],"rotation":0,"texture":"#0","tintindex":0},"east":{"uv":[10.75,5.75,12.0,6.5],"rotation":0,"texture":"#0","tintindex":0},"north":{"uv":[9.0,9.5,10.75,10.25],"rotation":0,"texture":"#0","tintindex":0},"south":{"uv":[0.0,9.75,1.75,10.5],"rotation":0,"texture":"#0","tintindex":0},"up":{"uv":[10.25,4.25,8.5,3.0],"rotation":0,"texture":"#0","tintindex":0},"west":{"uv":[10.75,9.0,12.0,9.75],"rotation":0,"texture":"#0","tintindex":0}}},{"name":"cube","from":[5.8999996,12.2,6.5],"to":[10.1,13.400001,10.700001],"rotation":{"angle":0.0,"axis":"x","origin":[8.0,-4.6000004,8.3]},"faces":{"down":{"uv":[1.75,6.5,0.0,8.25],"rotation":0,"texture":"#0","tintindex":0},"east":{"uv":[9.5,11.25,11.25,11.75],"rotation":0,"texture":"#0","tintindex":0},"north":{"uv":[10.75,9.75,12.5,10.25],"rotation":0,"texture":"#0","tintindex":0},"south":{"uv":[11.25,11.25,13.0,11.75],"rotation":0,"texture":"#0","tintindex":0},"up":{"uv":[3.75,8.0,2.0,6.25],"rotation":0,"texture":"#0","tintindex":0},"west":{"uv":[0.0,11.5,1.75,12.0],"rotation":0,"texture":"#0","tintindex":0}}},{"name":"cube","from":[5.6,6.8,9.5],"to":[10.4,12.8,11.3],"rotation":{"angle":0.0,"axis":"x","origin":[8.0,-5.8,8.3]},"faces":{"down":{"uv":[2.0,9.0,0.0,9.75],"rotation":0,"texture":"#0","tintindex":0},"east":{"uv":[5.5,8.75,6.25,11.25],"rotation":0,"texture":"#0","tintindex":0},"north":{"uv":[0.0,0.0,2.0,2.5],"rotation":0,"texture":"#0","tintindex":0},"south":{"uv":[2.0,0.0,4.0,2.5],"rotation":0,"texture":"#0","tintindex":0},"up":{"uv":[10.25,9.5,8.25,8.75],"rotation":0,"texture":"#0","tintindex":0},"west":{"uv":[6.25,8.75,7.0,11.25],"rotation":0,"texture":"#0","tintindex":0}}},{"name":"cube","from":[5.6,4.3999996,9.8],"to":[6.8,6.8,11.0],"rotation":{"angle":0.0,"axis":"x","origin":[6.2,-11.800001,8.0]},"faces":{"down":{"uv":[8.5,1.25,8.0,1.75],"rotation":0,"texture":"#0","tintindex":0},"east":{"uv":[7.25,12.0,7.75,13.0],"rotation":0,"texture":"#0","tintindex":0},"north":{"uv":[6.75,12.0,7.25,13.0],"rotation":0,"texture":"#0","tintindex":0},"south":{"uv":[12.0,8.75,12.5,9.75],"rotation":0,"texture":"#0","tintindex":0},"up":{"uv":[6.5,6.0,6.0,5.5],"rotation":0,"texture":"#0","tintindex":0},"west":{"uv":[2.0,12.25,2.5,13.25],"rotation":0,"texture":"#0","tintindex":0}}},{"name":"cube","from":[8.6,4.3999996,9.8],"to":[9.8,9.2,11.6],"rotation":{"angle":0.0,"axis":"x","origin":[9.2,-11.800001,8.0]},"faces":{"down":{"uv":[13.0,3.5,12.5,4.25],"rotation":0,"texture":"#0","tintindex":0},"east":{"uv":[2.0,9.0,2.75,11.0],"rotation":0,"texture":"#0","tintindex":0},"north":{"uv":[4.75,10.25,5.25,12.25],"rotation":0,"texture":"#0","tintindex":0},"south":{"uv":[9.0,10.25,9.5,12.25],"rotation":0,"texture":"#0","tintindex":0},"up":{"uv":[9.25,13.0,8.75,12.25],"rotation":0,"texture":"#0","tintindex":0},"west":{"uv":[8.25,9.5,9.0,11.5],"rotation":0,"texture":"#0","tintindex":0}}}],"display":{"head":{"translation":[0.0,-6.4,0.0],"rotation":[0.0,0.0,0.0],"scale":[3.8095,3.8095,3.8095]}}}