{"textures":{"0":"modelengine:entity/pirate"},"elements":[{"name":"cube","from":[6.2,5.6,7.1],"to":[8.0,8.6,8.9],"rotation":{"angle":0.0,"axis":"x","origin":[6.8,8.0,7.7]},"faces":{"down":{"uv":[12.5,7.0,11.75,7.75],"rotation":0,"texture":"#0","tintindex":0},"east":{"uv":[2.0,11.0,2.75,12.25],"rotation":0,"texture":"#0","tintindex":0},"north":{"uv":[11.0,0.0,11.75,1.25],"rotation":0,"texture":"#0","tintindex":0},"south":{"uv":[11.0,6.5,11.75,7.75],"rotation":0,"texture":"#0","tintindex":0},"up":{"uv":[6.5,8.0,5.75,7.25],"rotation":0,"texture":"#0","tintindex":0},"west":{"uv":[11.25,2.25,12.0,3.5],"rotation":0,"texture":"#0","tintindex":0}}}],"display":{"head":{"translation":[0.0,-6.4,0.0],"rotation":[0.0,0.0,0.0],"scale":[3.8095,3.8095,3.8095]}}}