{"textures":{"0":"modelengine:entity/pirate"},"elements":[{"name":"cube","from":[6.2,5.6,6.5],"to":[8.0,8.6,8.9],"rotation":{"angle":0.0,"axis":"x","origin":[7.4,8.0,6.5]},"faces":{"down":{"uv":[12.25,7.75,11.5,8.75],"rotation":0,"texture":"#0","tintindex":0},"east":{"uv":[7.0,10.0,8.0,11.25],"rotation":0,"texture":"#0","tintindex":0},"north":{"uv":[5.25,11.25,6.0,12.5],"rotation":0,"texture":"#0","tintindex":0},"south":{"uv":[6.0,11.25,6.75,12.5],"rotation":0,"texture":"#0","tintindex":0},"up":{"uv":[8.5,12.5,7.75,11.5],"rotation":0,"texture":"#0","tintindex":0},"west":{"uv":[10.25,2.5,11.25,3.75],"rotation":0,"texture":"#0","tintindex":0}}},{"name":"cube","from":[5.8999996,4.3999996,6.2],"to":[8.3,5.6,9.2],"rotation":{"angle":0.0,"axis":"x","origin":[7.7,8.0,6.8]},"faces":{"down":{"uv":[4.75,10.25,3.75,11.5],"rotation":0,"texture":"#0","tintindex":0},"east":{"uv":[11.75,5.25,13.0,5.75],"rotation":0,"texture":"#0","tintindex":0},"north":{"uv":[12.25,10.75,13.25,11.25],"rotation":0,"texture":"#0","tintindex":0},"south":{"uv":[12.5,0.0,13.5,0.5],"rotation":0,"texture":"#0","tintindex":0},"up":{"uv":[3.75,11.5,2.75,10.25],"rotation":0,"texture":"#0","tintindex":0},"west":{"uv":[11.75,6.5,13.0,7.0],"rotation":0,"texture":"#0","tintindex":0}}}],"display":{"head":{"translation":[0.0,-6.4,0.0],"rotation":[0.0,0.0,0.0],"scale":[3.8095,3.8095,3.8095]}}}