{"textures":{"0":"modelengine:entity/pirate"},"elements":[{"name":"cube","from":[7.1,5.6,6.2],"to":[8.9,8.0,8.0],"rotation":{"angle":0.0,"axis":"x","origin":[8.9,10.4,6.2]},"faces":{"down":{"uv":[12.75,2.75,12.0,3.5],"rotation":0,"texture":"#0","tintindex":0},"east":{"uv":[11.75,0.0,12.5,1.0],"rotation":0,"texture":"#0","tintindex":0},"north":{"uv":[11.5,10.25,12.25,11.25],"rotation":0,"texture":"#0","tintindex":0},"south":{"uv":[11.75,1.0,12.5,2.0],"rotation":0,"texture":"#0","tintindex":0},"up":{"uv":[12.75,2.75,12.0,2.0],"rotation":0,"texture":"#0","tintindex":0},"west":{"uv":[11.75,4.25,12.5,5.25],"rotation":0,"texture":"#0","tintindex":0}}},{"name":"cube","from":[7.1,4.3999996,6.2],"to":[8.3,5.6,8.0],"rotation":{"angle":0.0,"axis":"x","origin":[8.9,8.0,6.2]},"faces":{"down":{"uv":[5.75,12.5,5.25,13.25],"rotation":0,"texture":"#0","tintindex":0},"east":{"uv":[3.0,8.0,3.75,8.5],"rotation":0,"texture":"#0","tintindex":0},"north":{"uv":[9.75,2.5,10.25,3.0],"rotation":0,"texture":"#0","tintindex":0},"south":{"uv":[10.25,9.0,10.75,9.5],"rotation":0,"texture":"#0","tintindex":0},"up":{"uv":[13.0,5.0,12.5,4.25],"rotation":0,"texture":"#0","tintindex":0},"west":{"uv":[12.5,1.5,13.25,2.0],"rotation":0,"texture":"#0","tintindex":0}}},{"name":"cube","from":[8.3,5.0,6.2],"to":[8.9,5.6,7.4],"rotation":{"angle":0.0,"axis":"x","origin":[9.5,8.0,6.2]},"faces":{"down":{"uv":[11.0,12.5,10.75,13.0],"rotation":0,"texture":"#0","tintindex":0},"east":{"uv":[12.5,5.0,13.0,5.25],"rotation":0,"texture":"#0","tintindex":0},"north":{"uv":[11.75,2.0,12.0,2.25],"rotation":0,"texture":"#0","tintindex":0},"south":{"uv":[12.5,11.75,12.75,12.0],"rotation":0,"texture":"#0","tintindex":0},"up":{"uv":[10.75,13.0,10.5,12.5],"rotation":0,"texture":"#0","tintindex":0},"west":{"uv":[12.5,6.25,13.0,6.5],"rotation":0,"texture":"#0","tintindex":0}}}],"display":{"head":{"translation":[0.0,-6.4,0.0],"rotation":[0.0,0.0,0.0],"scale":[3.8095,3.8095,3.8095]}}}