{"textures":{"0":"modelengine:entity/pirate"},"elements":[{"name":"cube","from":[7.1,3.1999998,8.0],"to":[8.9,8.0,9.8],"rotation":{"angle":0.0,"axis":"x","origin":[8.3,7.4,8.6]},"faces":{"down":{"uv":[0.75,12.0,1.5,12.75],"rotation":0,"texture":"#0","tintindex":0},"east":{"uv":[3.25,12.75,2.5,14.75],"rotation":0,"texture":"#0","tintindex":0},"north":{"uv":[0.75,12.75,0.0,14.75],"rotation":0,"texture":"#0","tintindex":0},"south":{"uv":[1.5,12.75,0.75,14.75],"rotation":0,"texture":"#0","tintindex":0},"up":{"uv":[0.0,12.75,0.75,12.0],"rotation":0,"texture":"#0","tintindex":0},"west":{"uv":[4.0,12.75,3.25,14.75],"rotation":0,"texture":"#0","tintindex":0}}},{"name":"cube","from":[7.1,3.1999998,7.1],"to":[8.9,4.3999996,8.0],"rotation":{"angle":0.0,"axis":"x","origin":[8.0,6.2,6.5]},"faces":{"down":{"uv":[8.75,5.75,9.5,6.125],"rotation":0,"texture":"#0","tintindex":0},"east":{"uv":[10.375,12.5,10.0,13.0],"rotation":0,"texture":"#0","tintindex":0},"north":{"uv":[13.0,8.25,12.25,8.75],"rotation":0,"texture":"#0","tintindex":0},"south":{"uv":[13.0,10.25,12.25,10.75],"rotation":0,"texture":"#0","tintindex":0},"up":{"uv":[9.75,6.375,10.5,6.0],"rotation":0,"texture":"#0","tintindex":0},"west":{"uv":[10.375,12.5,10.0,13.0],"rotation":0,"texture":"#0","tintindex":0}}}],"display":{"head":{"translation":[0.0,-6.4,0.0],"rotation":[0.0,0.0,0.0],"scale":[3.8095,3.8095,3.8095]}}}