{"textures":{"0":"modelengine:entity/pirate"},"elements":[{"name":"cube","from":[8.0,5.6,7.1],"to":[9.8,8.6,8.9],"rotation":{"angle":0.0,"axis":"x","origin":[9.2,8.0,7.7]},"faces":{"down":{"uv":[11.75,7.0,12.5,7.75],"rotation":0,"texture":"#0","tintindex":0},"east":{"uv":[12.0,2.25,11.25,3.5],"rotation":0,"texture":"#0","tintindex":0},"north":{"uv":[11.75,0.0,11.0,1.25],"rotation":0,"texture":"#0","tintindex":0},"south":{"uv":[11.75,6.5,11.0,7.75],"rotation":0,"texture":"#0","tintindex":0},"up":{"uv":[5.75,8.0,6.5,7.25],"rotation":0,"texture":"#0","tintindex":0},"west":{"uv":[2.75,11.0,2.0,12.25],"rotation":0,"texture":"#0","tintindex":0}}}],"display":{"head":{"translation":[0.0,-6.4,0.0],"rotation":[0.0,0.0,0.0],"scale":[3.8095,3.8095,3.8095]}}}