{"textures":{"0":"modelengine:entity/em_nothingness"},"elements":[{"name":"cube","from":[-16.0,8.0,-16.0],"to":[32.0,8.0,32.0],"rotation":{"angle":0.0,"axis":"x","origin":[8.0,8.0,8.0]},"faces":{"down":{"uv":[0.0,0.0,1.84375,2.125],"rotation":180,"texture":"#0","tintindex":0},"east":{"uv":[0.0,0.0,2.0,2.0],"rotation":0,"texture":"#0","tintindex":0},"north":{"uv":[0.0,0.0,0.0,16.0],"rotation":0,"texture":"#0","tintindex":0},"south":{"uv":[0.0,0.0,0.0,16.0],"rotation":0,"texture":"#0","tintindex":0},"up":{"uv":[0.0,0.0,1.84375,2.125],"rotation":180,"texture":"#0","tintindex":0},"west":{"uv":[2.0,0.0,0.0,2.0],"rotation":0,"texture":"#0","tintindex":0}}}],"display":{"head":{"translation":[0.0,-6.4,0.0],"rotation":[0.0,0.0,0.0],"scale":[3.7333333,3.7333333,3.7333333]}}}