{"textures":{"0":"modelengine:entity/pumpkinmonster","1":"modelengine:entity/pumpkinmonster_e"},"elements":[{"name":"cube","from":[1.3999997,3.42901,0.8456719],"to":[2.6,4.6290097,2.645672],"rotation":{"angle":0.0,"axis":"x","origin":[8.0,-9.170991,6.845672]},"faces":{"down":{"uv":[3.0,11.5,2.75,11.875],"rotation":0,"texture":"#0","tintindex":0},"east":{"uv":[1.75,11.5,2.125,11.75],"rotation":0,"texture":"#0","tintindex":0},"north":{"uv":[10.375,11.625,10.625,11.875],"rotation":0,"texture":"#0","tintindex":0},"south":{"uv":[10.625,11.625,10.875,11.875],"rotation":0,"texture":"#0","tintindex":0},"up":{"uv":[2.75,11.875,2.5,11.5],"rotation":0,"texture":"#0","tintindex":0},"west":{"uv":[2.125,11.5,2.5,11.75],"rotation":0,"texture":"#0","tintindex":0}}},{"name":"cube","from":[1.3999997,5.82901,0.8456719],"to":[14.0,12.42901,14.045672],"rotation":{"angle":0.0,"axis":"x","origin":[7.4,-1.3709903,6.845672]},"faces":{"down":{"uv":[5.25,0.0,2.625,2.75],"rotation":0,"texture":"#0","tintindex":0},"east":{"uv":[5.25,0.0,8.0,1.375],"rotation":0,"texture":"#0","tintindex":0},"north":{"uv":[0.0,5.5,2.625,6.875],"rotation":0,"texture":"#0","tintindex":0},"south":{"uv":[2.625,5.5,5.25,6.875],"rotation":0,"texture":"#0","tintindex":0},"up":{"uv":[2.625,2.75,0.0,0.0],"rotation":0,"texture":"#0","tintindex":0},"west":{"uv":[5.25,1.375,8.0,2.75],"rotation":0,"texture":"#0","tintindex":0}}},{"name":"cube","from":[5.0,11.229011,7.445672],"to":[10.4,13.62901,11.645673],"rotation":{"angle":22.5,"axis":"x","origin":[7.7,12.42901,9.545672]},"faces":{"down":{"uv":[10.75,0.5,9.625,1.375],"rotation":0,"texture":"#0","tintindex":0},"east":{"uv":[10.375,3.625,11.25,4.125],"rotation":0,"texture":"#0","tintindex":0},"north":{"uv":[10.25,6.375,11.375,6.875],"rotation":0,"texture":"#0","tintindex":0},"south":{"uv":[10.25,6.875,11.375,7.375],"rotation":0,"texture":"#0","tintindex":0},"up":{"uv":[9.75,10.375,8.625,9.5],"rotation":0,"texture":"#0","tintindex":0},"west":{"uv":[10.625,0.0,11.5,0.5],"rotation":0,"texture":"#0","tintindex":0}}},{"name":"cube","from":[5.6,13.02901,8.645672],"to":[9.8,17.82901,12.245672],"rotation":{"angle":45.0,"axis":"x","origin":[7.7,12.42901,9.545672]},"faces":{"down":{"uv":[11.125,4.125,10.25,4.875],"rotation":0,"texture":"#0","tintindex":0},"east":{"uv":[9.75,9.5,10.5,10.5],"rotation":0,"texture":"#0","tintindex":0},"north":{"uv":[3.75,9.625,4.625,10.625],"rotation":0,"texture":"#0","tintindex":0},"south":{"uv":[4.625,9.625,5.5,10.625],"rotation":0,"texture":"#0","tintindex":0},"up":{"uv":[10.75,9.25,9.875,8.5],"rotation":0,"texture":"#0","tintindex":0},"west":{"uv":[9.875,7.5,10.625,8.5],"rotation":0,"texture":"#0","tintindex":0}}},{"name":"cube","from":[11.6,4.6290097,0.8456719],"to":[14.0,5.82901,3.245672],"rotation":{"angle":0.0,"axis":"x","origin":[7.4,-7.97099,6.845672]},"faces":{"down":{"uv":[10.25,4.125,9.75,4.625],"rotation":0,"texture":"#0","tintindex":0},"east":{"uv":[11.375,6.375,11.875,6.625],"rotation":0,"texture":"#0","tintindex":0},"north":{"uv":[4.875,11.375,5.375,11.625],"rotation":0,"texture":"#0","tintindex":0},"south":{"uv":[6.625,11.375,7.125,11.625],"rotation":0,"texture":"#0","tintindex":0},"up":{"uv":[9.875,8.125,9.375,7.625],"rotation":0,"texture":"#0","tintindex":0},"west":{"uv":[11.375,6.625,11.875,6.875],"rotation":0,"texture":"#0","tintindex":0}}},{"name":"cube","from":[6.2,4.6290097,0.8456719],"to":[9.8,5.82901,1.9856718],"rotation":{"angle":0.0,"axis":"x","origin":[3.7999997,-7.97099,6.845672]},"faces":{"down":{"uv":[11.875,5.375,11.125,5.625],"rotation":0,"texture":"#0","tintindex":0},"east":{"uv":[9.375,11.625,9.625,11.875],"rotation":0,"texture":"#0","tintindex":0},"north":{"uv":[11.125,4.625,11.875,4.875],"rotation":0,"texture":"#0","tintindex":0},"south":{"uv":[11.125,4.875,11.875,5.125],"rotation":0,"texture":"#0","tintindex":0},"up":{"uv":[11.875,5.375,11.125,5.125],"rotation":0,"texture":"#0","tintindex":0},"west":{"uv":[9.625,11.625,9.875,11.875],"rotation":0,"texture":"#0","tintindex":0}}},{"name":"cube","from":[6.8,3.42901,0.8456719],"to":[8.6,4.6290097,1.9856718],"rotation":{"angle":0.0,"axis":"x","origin":[3.7999997,-9.170991,6.845672]},"faces":{"down":{"uv":[1.75,11.5,1.375,11.75],"rotation":0,"texture":"#0","tintindex":0},"east":{"uv":[9.875,11.625,10.125,11.875],"rotation":0,"texture":"#0","tintindex":0},"north":{"uv":[11.5,0.75,11.875,1.0],"rotation":0,"texture":"#0","tintindex":0},"south":{"uv":[1.0,11.5,1.375,11.75],"rotation":0,"texture":"#0","tintindex":0},"up":{"uv":[11.875,1.25,11.5,1.0],"rotation":0,"texture":"#0","tintindex":0},"west":{"uv":[10.125,11.625,10.375,11.875],"rotation":0,"texture":"#0","tintindex":0}}},{"name":"cube","from":[12.860001,3.42901,5.645672],"to":[14.0,4.6290097,7.445672],"rotation":{"angle":0.0,"axis":"x","origin":[8.0,-9.170991,2.645672]},"faces":{"down":{"uv":[6.25,11.5,6.0,11.875],"rotation":0,"texture":"#0","tintindex":0},"east":{"uv":[3.0,11.5,3.375,11.75],"rotation":0,"texture":"#0","tintindex":0},"north":{"uv":[0.5,11.75,0.75,12.0],"rotation":0,"texture":"#0","tintindex":0},"south":{"uv":[0.75,11.75,1.0,12.0],"rotation":0,"texture":"#0","tintindex":0},"up":{"uv":[6.0,11.875,5.75,11.5],"rotation":0,"texture":"#0","tintindex":0},"west":{"uv":[5.375,11.5,5.75,11.75],"rotation":0,"texture":"#0","tintindex":0}}},{"name":"cube","from":[12.860001,4.6290097,5.045672],"to":[14.0,5.82901,8.645672],"rotation":{"angle":0.0,"axis":"x","origin":[8.0,-7.97099,2.645672]},"faces":{"down":{"uv":[6.625,8.25,6.375,9.0],"rotation":0,"texture":"#0","tintindex":0},"east":{"uv":[11.125,5.625,11.875,5.875],"rotation":0,"texture":"#0","tintindex":0},"north":{"uv":[0.0,11.75,0.25,12.0],"rotation":0,"texture":"#0","tintindex":0},"south":{"uv":[0.25,11.75,0.5,12.0],"rotation":0,"texture":"#0","tintindex":0},"up":{"uv":[8.25,2.625,8.0,1.875],"rotation":0,"texture":"#0","tintindex":0},"west":{"uv":[11.125,5.875,11.875,6.125],"rotation":0,"texture":"#0","tintindex":0}}},{"name":"cube","from":[12.860001,3.42901,11.045672],"to":[14.0,4.6290097,11.645673],"rotation":{"angle":0.0,"axis":"x","origin":[8.0,-9.170991,8.045672]},"faces":{"down":{"uv":[5.125,7.125,4.875,7.25],"rotation":0,"texture":"#0","tintindex":0},"east":{"uv":[6.625,8.5,6.75,8.75],"rotation":0,"texture":"#0","tintindex":0},"north":{"uv":[11.875,6.875,12.125,7.125],"rotation":0,"texture":"#0","tintindex":0},"south":{"uv":[11.875,7.125,12.125,7.375],"rotation":0,"texture":"#0","tintindex":0},"up":{"uv":[4.875,7.25,4.625,7.125],"rotation":0,"texture":"#0","tintindex":0},"west":{"uv":[4.0,8.75,4.125,9.0],"rotation":0,"texture":"#0","tintindex":0}}},{"name":"cube","from":[12.860001,4.6290097,10.445673],"to":[14.0,5.82901,11.645673],"rotation":{"angle":0.0,"axis":"x","origin":[8.0,-7.97099,8.045672]},"faces":{"down":{"uv":[2.5,11.75,2.25,12.0],"rotation":0,"texture":"#0","tintindex":0},"east":{"uv":[1.25,11.75,1.5,12.0],"rotation":0,"texture":"#0","tintindex":0},"north":{"uv":[1.0,11.75,1.25,12.0],"rotation":0,"texture":"#0","tintindex":0},"south":{"uv":[1.5,11.75,1.75,12.0],"rotation":0,"texture":"#0","tintindex":0},"up":{"uv":[2.25,12.0,2.0,11.75],"rotation":0,"texture":"#0","tintindex":0},"west":{"uv":[1.75,11.75,2.0,12.0],"rotation":0,"texture":"#0","tintindex":0}}},{"name":"cube","from":[1.3999997,3.42901,11.045672],"to":[2.5399995,4.6290097,11.645673],"rotation":{"angle":0.0,"axis":"x","origin":[-3.4000006,-9.170991,8.045672]},"faces":{"down":{"uv":[4.625,7.125,4.375,7.25],"rotation":0,"texture":"#0","tintindex":0},"east":{"uv":[6.75,7.25,6.875,7.5],"rotation":0,"texture":"#0","tintindex":0},"north":{"uv":[11.375,11.75,11.625,12.0],"rotation":0,"texture":"#0","tintindex":0},"south":{"uv":[11.625,11.75,11.875,12.0],"rotation":0,"texture":"#0","tintindex":0},"up":{"uv":[4.375,7.25,4.125,7.125],"rotation":0,"texture":"#0","tintindex":0},"west":{"uv":[6.625,8.25,6.75,8.5],"rotation":0,"texture":"#0","tintindex":0}}},{"name":"cube","from":[1.3999997,4.6290097,10.445673],"to":[2.5399995,5.82901,11.645673],"rotation":{"angle":0.0,"axis":"x","origin":[-3.4000006,-7.97099,8.045672]},"faces":{"down":{"uv":[12.0,11.25,11.75,11.5],"rotation":0,"texture":"#0","tintindex":0},"east":{"uv":[11.75,7.875,12.0,8.125],"rotation":0,"texture":"#0","tintindex":0},"north":{"uv":[11.75,7.625,12.0,7.875],"rotation":0,"texture":"#0","tintindex":0},"south":{"uv":[11.75,8.125,12.0,8.375],"rotation":0,"texture":"#0","tintindex":0},"up":{"uv":[11.375,12.0,11.125,11.75],"rotation":0,"texture":"#0","tintindex":0},"west":{"uv":[9.0,11.75,9.25,12.0],"rotation":0,"texture":"#0","tintindex":0}}},{"name":"cube","from":[1.3999997,4.6290097,5.045672],"to":[2.5399995,5.82901,8.645672],"rotation":{"angle":0.0,"axis":"x","origin":[-3.4000006,-7.97099,2.645672]},"faces":{"down":{"uv":[6.375,9.625,6.125,10.375],"rotation":0,"texture":"#0","tintindex":0},"east":{"uv":[11.125,6.125,11.875,6.375],"rotation":0,"texture":"#0","tintindex":0},"north":{"uv":[5.5,11.75,5.75,12.0],"rotation":0,"texture":"#0","tintindex":0},"south":{"uv":[6.25,11.75,6.5,12.0],"rotation":0,"texture":"#0","tintindex":0},"up":{"uv":[4.0,9.5,3.75,8.75],"rotation":0,"texture":"#0","tintindex":0},"west":{"uv":[8.625,11.125,9.375,11.375],"rotation":0,"texture":"#0","tintindex":0}}},{"name":"cube","from":[1.3999997,3.42901,5.645672],"to":[2.5399995,4.6290097,7.445672],"rotation":{"angle":0.0,"axis":"x","origin":[-3.4000006,-9.170991,2.645672]},"faces":{"down":{"uv":[11.75,8.0,11.5,8.375],"rotation":0,"texture":"#0","tintindex":0},"east":{"uv":[6.25,11.5,6.625,11.75],"rotation":0,"texture":"#0","tintindex":0},"north":{"uv":[3.0,11.75,3.25,12.0],"rotation":0,"texture":"#0","tintindex":0},"south":{"uv":[5.25,11.75,5.5,12.0],"rotation":0,"texture":"#0","tintindex":0},"up":{"uv":[11.75,8.0,11.5,7.625],"rotation":0,"texture":"#0","tintindex":0},"west":{"uv":[11.5,7.375,11.875,7.625],"rotation":0,"texture":"#0","tintindex":0}}},{"name":"cube","from":[12.8,3.42901,0.8456719],"to":[14.0,4.6290097,2.645672],"rotation":{"angle":0.0,"axis":"x","origin":[7.4,-9.170991,6.845672]},"faces":{"down":{"uv":[9.375,11.375,9.125,11.75],"rotation":0,"texture":"#0","tintindex":0},"east":{"uv":[6.375,9.0,6.75,9.25],"rotation":0,"texture":"#0","tintindex":0},"north":{"uv":[8.75,11.625,9.0,11.875],"rotation":0,"texture":"#0","tintindex":0},"south":{"uv":[11.625,9.0,11.875,9.25],"rotation":0,"texture":"#0","tintindex":0},"up":{"uv":[6.375,10.75,6.125,10.375],"rotation":0,"texture":"#0","tintindex":0},"west":{"uv":[6.375,9.25,6.75,9.5],"rotation":0,"texture":"#0","tintindex":0}}},{"name":"cube","from":[1.3999997,4.6290097,0.8456719],"to":[3.7999997,5.82901,3.245672],"rotation":{"angle":0.0,"axis":"x","origin":[8.0,-7.97099,6.845672]},"faces":{"down":{"uv":[7.625,10.875,7.125,11.375],"rotation":0,"texture":"#0","tintindex":0},"east":{"uv":[7.125,11.375,7.625,11.625],"rotation":0,"texture":"#0","tintindex":0},"north":{"uv":[11.375,6.875,11.875,7.125],"rotation":0,"texture":"#0","tintindex":0},"south":{"uv":[11.375,7.125,11.875,7.375],"rotation":0,"texture":"#0","tintindex":0},"up":{"uv":[7.125,11.375,6.625,10.875],"rotation":0,"texture":"#0","tintindex":0},"west":{"uv":[7.625,11.375,8.125,11.625],"rotation":0,"texture":"#0","tintindex":0}}},{"name":"cube","from":[-0.40000033,12.57901,4.445672],"to":[6.2,12.57901,13.445672],"rotation":{"angle":0.0,"axis":"x","origin":[5.6,12.57901,12.845673]},"faces":{"down":{"uv":[1.375,6.875,0.0,8.75],"rotation":0,"texture":"#0","tintindex":0},"east":{"uv":[0.0,0.0,1.875,0.0],"rotation":0,"texture":"#0","tintindex":0},"north":{"uv":[0.0,0.0,1.375,0.0],"rotation":0,"texture":"#0","tintindex":0},"south":{"uv":[0.0,0.0,1.375,0.0],"rotation":0,"texture":"#0","tintindex":0},"up":{"uv":[1.375,8.75,0.0,6.875],"rotation":0,"texture":"#0","tintindex":0},"west":{"uv":[0.0,0.0,1.875,0.0],"rotation":0,"texture":"#0","tintindex":0}}},{"name":"cube","from":[-6.9543285,12.35,4.445672],"to":[-0.35432816,12.35,13.445672],"rotation":{"angle":22.5,"axis":"z","origin":[-0.95432806,12.35,12.845673]},"faces":{"down":{"uv":[4.125,6.875,2.75,8.75],"rotation":0,"texture":"#0","tintindex":0},"east":{"uv":[0.0,0.0,1.875,0.0],"rotation":0,"texture":"#0","tintindex":0},"north":{"uv":[0.0,0.0,1.375,0.0],"rotation":0,"texture":"#0","tintindex":0},"south":{"uv":[0.0,0.0,1.375,0.0],"rotation":0,"texture":"#0","tintindex":0},"up":{"uv":[4.125,8.75,2.75,6.875],"rotation":0,"texture":"#0","tintindex":0},"west":{"uv":[0.0,0.0,1.875,0.0],"rotation":0,"texture":"#0","tintindex":0}}}],"display":{"head":{"translation":[0.0,-6.4,0.0],"rotation":[0.0,0.0,0.0],"scale":[3.8095,3.8095,3.8095]}}}