{"textures":{"0":"modelengine:entity/pumpkinmonster","1":"modelengine:entity/pumpkinmonster_e"},"elements":[{"name":"cube","from":[6.2,1.3999997,6.2],"to":[9.8,8.0,9.8],"rotation":{"angle":0.0,"axis":"x","origin":[9.8,7.4,6.2]},"faces":{"down":{"uv":[11.125,2.875,10.375,3.625],"rotation":0,"texture":"#0","tintindex":0},"east":{"uv":[0.0,8.75,0.75,10.125],"rotation":0,"texture":"#0","tintindex":0},"north":{"uv":[8.375,8.125,9.125,9.5],"rotation":0,"texture":"#0","tintindex":0},"south":{"uv":[0.75,8.75,1.5,10.125],"rotation":0,"texture":"#0","tintindex":0},"up":{"uv":[11.125,2.875,10.375,2.125],"rotation":0,"texture":"#0","tintindex":0},"west":{"uv":[1.5,8.75,2.25,10.125],"rotation":0,"texture":"#0","tintindex":0}}},{"name":"cube","from":[2.6,1.3999997,8.0],"to":[6.2,8.0,8.0],"rotation":{"angle":0.0,"axis":"x","origin":[9.8,-5.8,6.2]},"faces":{"down":{"uv":[0.75,0.0,0.0,0.0],"rotation":0,"texture":"#0","tintindex":0},"east":{"uv":[0.0,0.0,0.0,1.375],"rotation":0,"texture":"#0","tintindex":0},"north":{"uv":[7.125,9.5,7.875,10.875],"rotation":0,"texture":"#0","tintindex":0},"south":{"uv":[7.875,9.5,8.625,10.875],"rotation":0,"texture":"#0","tintindex":0},"up":{"uv":[0.75,0.0,0.0,0.0],"rotation":0,"texture":"#0","tintindex":0},"west":{"uv":[0.0,0.0,0.0,1.375],"rotation":0,"texture":"#0","tintindex":0}}}],"display":{"head":{"translation":[0.0,-6.4,0.0],"rotation":[0.0,0.0,0.0],"scale":[3.8095,3.8095,3.8095]}}}