{"textures":{"0":"modelengine:entity/pumpkinmonster","1":"modelengine:entity/pumpkinmonster_e"},"elements":[{"name":"cube","from":[5.6,1.9999998,6.2],"to":[9.8,8.6,9.8],"rotation":{"angle":0.0,"axis":"x","origin":[9.8,8.0,6.2]},"faces":{"down":{"uv":[11.125,5.625,10.25,6.375],"rotation":0,"texture":"#0","tintindex":0},"east":{"uv":[9.0,3.25,9.75,4.625],"rotation":0,"texture":"#0","tintindex":0},"north":{"uv":[8.0,0.5,8.875,1.875],"rotation":0,"texture":"#0","tintindex":0},"south":{"uv":[6.75,8.125,7.625,9.5],"rotation":0,"texture":"#0","tintindex":0},"up":{"uv":[11.125,5.625,10.25,4.875],"rotation":0,"texture":"#0","tintindex":0},"west":{"uv":[9.125,8.125,9.875,9.5],"rotation":0,"texture":"#0","tintindex":0}}}],"display":{"head":{"translation":[0.0,-6.4,0.0],"rotation":[0.0,0.0,0.0],"scale":[3.8095,3.8095,3.8095]}}}