{"textures":{"0":"modelengine:entity/pumpkinmonster","1":"modelengine:entity/pumpkinmonster_e"},"elements":[{"name":"cube","from":[6.2,1.3999997,6.2],"to":[9.8,8.0,9.8],"rotation":{"angle":0.0,"axis":"x","origin":[9.8,7.4,6.2]},"faces":{"down":{"uv":[11.125,1.375,10.375,2.125],"rotation":0,"texture":"#0","tintindex":0},"east":{"uv":[4.125,8.25,4.875,9.625],"rotation":0,"texture":"#0","tintindex":0},"north":{"uv":[8.25,3.25,9.0,4.625],"rotation":0,"texture":"#0","tintindex":0},"south":{"uv":[4.875,8.25,5.625,9.625],"rotation":0,"texture":"#0","tintindex":0},"up":{"uv":[3.75,10.875,3.0,10.125],"rotation":0,"texture":"#0","tintindex":0},"west":{"uv":[5.625,8.25,6.375,9.625],"rotation":0,"texture":"#0","tintindex":0}}}],"display":{"head":{"translation":[0.0,-6.4,0.0],"rotation":[0.0,0.0,0.0],"scale":[3.8095,3.8095,3.8095]}}}