{"textures":{"0":"modelengine:entity/pumpkinmonster","1":"modelengine:entity/pumpkinmonster_e"},"elements":[{"name":"cube","from":[6.2,1.9999998,6.2],"to":[10.4,8.6,9.8],"rotation":{"angle":0.0,"axis":"x","origin":[6.2,8.0,6.2]},"faces":{"down":{"uv":[10.25,5.625,11.125,6.375],"rotation":0,"texture":"#0","tintindex":0},"east":{"uv":[9.875,8.125,9.125,9.5],"rotation":0,"texture":"#0","tintindex":0},"north":{"uv":[8.875,0.5,8.0,1.875],"rotation":0,"texture":"#0","tintindex":0},"south":{"uv":[7.625,8.125,6.75,9.5],"rotation":0,"texture":"#0","tintindex":0},"up":{"uv":[10.25,5.625,11.125,4.875],"rotation":0,"texture":"#0","tintindex":0},"west":{"uv":[9.75,3.25,9.0,4.625],"rotation":0,"texture":"#0","tintindex":0}}}],"display":{"head":{"translation":[0.0,-6.4,0.0],"rotation":[0.0,0.0,0.0],"scale":[3.8095,3.8095,3.8095]}}}