{"textures":{"0":"modelengine:entity/pumpkinmonster","1":"modelengine:entity/pumpkinmonster_e"},"elements":[{"name":"cube","from":[6.8,1.3999997,6.8],"to":[9.2,8.0,9.8],"rotation":{"angle":0.0,"axis":"x","origin":[9.8,7.4,6.2]},"faces":{"down":{"uv":[10.875,10.75,10.375,11.375],"rotation":0,"texture":"#0","tintindex":0},"east":{"uv":[9.625,4.625,10.25,6.0],"rotation":0,"texture":"#0","tintindex":0},"north":{"uv":[2.0,10.125,2.5,11.5],"rotation":0,"texture":"#0","tintindex":0},"south":{"uv":[2.5,10.125,3.0,11.5],"rotation":0,"texture":"#0","tintindex":0},"up":{"uv":[11.25,8.75,10.75,8.125],"rotation":0,"texture":"#0","tintindex":0},"west":{"uv":[5.5,9.625,6.125,11.0],"rotation":0,"texture":"#0","tintindex":0}}}],"display":{"head":{"translation":[0.0,-6.4,0.0],"rotation":[0.0,0.0,0.0],"scale":[3.8095,3.8095,3.8095]}}}