{"textures":{"0":"modelengine:entity/pumpkinmonster","1":"modelengine:entity/pumpkinmonster_e"},"elements":[{"name":"cube","from":[6.8,1.3999997,6.8],"to":[9.2,8.0,9.2],"rotation":{"angle":0.0,"axis":"x","origin":[9.8,7.4,6.2]},"faces":{"down":{"uv":[6.0,11.0,5.5,11.5],"rotation":0,"texture":"#0","tintindex":0},"east":{"uv":[0.5,10.125,1.0,11.5],"rotation":0,"texture":"#0","tintindex":0},"north":{"uv":[0.0,10.125,0.5,11.5],"rotation":0,"texture":"#0","tintindex":0},"south":{"uv":[1.0,10.125,1.5,11.5],"rotation":0,"texture":"#0","tintindex":0},"up":{"uv":[11.375,11.25,10.875,10.75],"rotation":0,"texture":"#0","tintindex":0},"west":{"uv":[1.5,10.125,2.0,11.5],"rotation":0,"texture":"#0","tintindex":0}}},{"name":"cube","from":[5.6,-5.200001,8.0],"to":[13.400001,5.6,8.0],"rotation":{"angle":0.0,"axis":"x","origin":[9.8,7.4,6.2]},"faces":{"down":{"uv":[1.625,0.0,0.0,0.0],"rotation":0,"texture":"#0","tintindex":0},"east":{"uv":[0.0,0.0,0.0,2.25],"rotation":0,"texture":"#0","tintindex":0},"north":{"uv":[5.25,2.75,6.875,5.0],"rotation":0,"texture":"#0","tintindex":0},"south":{"uv":[5.25,5.0,6.875,7.25],"rotation":0,"texture":"#0","tintindex":0},"up":{"uv":[1.625,0.0,0.0,0.0],"rotation":0,"texture":"#0","tintindex":0},"west":{"uv":[0.0,0.0,0.0,2.25],"rotation":0,"texture":"#0","tintindex":0}}}],"display":{"head":{"translation":[0.0,-6.4,0.0],"rotation":[0.0,0.0,0.0],"scale":[3.8095,3.8095,3.8095]}}}