{"textures":{"0":"modelengine:entity/miner"},"elements":[{"name":"cube","from":[6.8,4.3999996,6.95],"to":[9.2,8.0,9.35],"rotation":{"angle":0.0,"axis":"x","origin":[6.8,4.3999996,2.1499996]},"faces":{"down":{"uv":[6.9875,1.7625,6.5125,2.2375],"rotation":0,"texture":"#0","tintindex":0},"east":{"uv":[6.1375,3.0125,6.6125,3.7375],"rotation":0,"texture":"#0","tintindex":0},"north":{"uv":[1.8875,6.1375,2.3625,6.8625],"rotation":0,"texture":"#0","tintindex":0},"south":{"uv":[4.1375,6.1375,4.6125,6.8625],"rotation":0,"texture":"#0","tintindex":0},"up":{"uv":[6.9875,1.7375,6.5125,1.2625],"rotation":0,"texture":"#0","tintindex":0},"west":{"uv":[4.6375,6.1375,5.1125,6.8625],"rotation":0,"texture":"#0","tintindex":0}}},{"name":"cube","from":[8.0,8.0,7.55],"to":[8.0,9.2,8.75],"rotation":{"angle":0.0,"axis":"x","origin":[6.8,4.3999996,2.1499996]},"faces":{"down":{"uv":[6.9875,1.7625,6.5125,2.2375],"rotation":0,"texture":"#0","tintindex":0},"east":{"uv":[0.25,7.625,0.0,7.875],"rotation":0,"texture":"#0","tintindex":0},"north":{"uv":[1.8875,6.1375,2.3625,6.8625],"rotation":0,"texture":"#0","tintindex":0},"south":{"uv":[4.1375,6.1375,4.6125,6.8625],"rotation":0,"texture":"#0","tintindex":0},"up":{"uv":[6.9875,1.7375,6.5125,1.2625],"rotation":0,"texture":"#0","tintindex":0},"west":{"uv":[0.0,7.625,0.25,7.875],"rotation":0,"texture":"#0","tintindex":0}}}],"display":{"head":{"translation":[0.0,-6.4,0.0],"rotation":[0.0,0.0,0.0],"scale":[3.8095,3.8095,3.8095]}}}