{"textures":{"0":"modelengine:entity/miner"},"elements":[{"name":"cube","from":[7.1,5.6,5.8999996],"to":[8.9,8.0,8.3],"rotation":{"angle":0.0,"axis":"x","origin":[8.0,6.5,7.1]},"faces":{"down":{"uv":[7.2375,5.7625,6.8875,6.2375],"rotation":0,"texture":"#0","tintindex":0},"east":{"uv":[6.3875,4.2625,6.8625,4.7375],"rotation":0,"texture":"#0","tintindex":0},"north":{"uv":[4.5125,6.8875,4.8625,7.3625],"rotation":0,"texture":"#0","tintindex":0},"south":{"uv":[4.8875,6.8875,5.2375,7.3625],"rotation":0,"texture":"#0","tintindex":0},"up":{"uv":[5.6125,7.3625,5.2625,6.8875],"rotation":0,"texture":"#0","tintindex":0},"west":{"uv":[5.1375,6.3875,5.6125,6.8625],"rotation":0,"texture":"#0","tintindex":0}}},{"name":"cube","from":[7.1,3.7999997,5.8999996],"to":[8.3,5.6,8.3],"rotation":{"angle":0.0,"axis":"x","origin":[8.0,3.4999998,7.1]},"faces":{"down":{"uv":[2.6125,7.2625,2.3875,7.7375],"rotation":0,"texture":"#0","tintindex":0},"east":{"uv":[6.7625,0.8875,7.2375,1.2375],"rotation":0,"texture":"#0","tintindex":0},"north":{"uv":[6.6375,7.2625,6.8625,7.6125],"rotation":0,"texture":"#0","tintindex":0},"south":{"uv":[7.2625,7.0125,7.4875,7.3625],"rotation":0,"texture":"#0","tintindex":0},"up":{"uv":[7.4875,2.7375,7.2625,2.2625],"rotation":0,"texture":"#0","tintindex":0},"west":{"uv":[6.8875,6.2625,7.3625,6.6125],"rotation":0,"texture":"#0","tintindex":0}}},{"name":"cube","from":[8.3,4.3999996,5.8999996],"to":[8.9,5.6,7.1],"rotation":{"angle":0.0,"axis":"x","origin":[8.6,3.4999998,7.1]},"faces":{"down":{"uv":[3.4875,7.3875,3.3875,7.6125],"rotation":0,"texture":"#0","tintindex":0},"east":{"uv":[7.3875,1.2625,7.6125,1.4875],"rotation":0,"texture":"#0","tintindex":0},"north":{"uv":[3.1375,7.3875,3.2375,7.6125],"rotation":0,"texture":"#0","tintindex":0},"south":{"uv":[3.2625,7.3875,3.3625,7.6125],"rotation":0,"texture":"#0","tintindex":0},"up":{"uv":[7.4875,3.4875,7.3875,3.2625],"rotation":0,"texture":"#0","tintindex":0},"west":{"uv":[7.3875,1.5125,7.6125,1.7375],"rotation":0,"texture":"#0","tintindex":0}}}],"display":{"head":{"translation":[0.0,-6.4,0.0],"rotation":[0.0,0.0,0.0],"scale":[3.8095,3.8095,3.8095]}}}