{"textures":{"0":"modelengine:entity/roman_soldier"},"elements":[{"name":"cube","from":[5.299896,10.550372,4.9970284],"to":[10.699896,12.950372,10.997028],"rotation":{"angle":0.0,"axis":"x","origin":[7.699896,11.750372,7.3970284]},"faces":{"down":{"uv":[4.5,3.25,3.375,4.5],"rotation":0,"texture":"#0","tintindex":0},"east":{"uv":[2.875,6.5,4.125,7.0],"rotation":0,"texture":"#0","tintindex":0},"north":{"uv":[5.375,6.625,6.5,7.125],"rotation":0,"texture":"#0","tintindex":0},"south":{"uv":[6.5,6.625,7.625,7.125],"rotation":0,"texture":"#0","tintindex":0},"up":{"uv":[4.5,3.25,3.375,2.0],"rotation":0,"texture":"#0","tintindex":0},"west":{"uv":[4.125,6.5,5.375,7.0],"rotation":0,"texture":"#0","tintindex":0}}},{"name":"cube","from":[7.3998957,8.750372,4.9970284],"to":[8.5998955,9.950373,5.5970287],"rotation":{"angle":0.0,"axis":"x","origin":[7.999896,9.350372,7.9970284]},"faces":{"down":{"uv":[0.25,8.625,0.0,8.75],"rotation":0,"texture":"#0","tintindex":0},"east":{"uv":[8.5,5.25,8.625,5.5],"rotation":0,"texture":"#0","tintindex":0},"north":{"uv":[8.5,5.0,8.75,5.25],"rotation":0,"texture":"#0","tintindex":0},"south":{"uv":[6.25,8.5,6.5,8.75],"rotation":0,"texture":"#0","tintindex":0},"up":{"uv":[8.0,8.625,7.75,8.5],"rotation":0,"texture":"#0","tintindex":0},"west":{"uv":[6.5,8.5,6.625,8.75],"rotation":0,"texture":"#0","tintindex":0}}},{"name":"cube","from":[11.065889,7.2021933,4.9970284],"to":[11.66589,10.802195,7.9970284],"rotation":{"angle":22.5,"axis":"z","origin":[11.3658905,9.002193,6.4970284]},"faces":{"down":{"uv":[4.125,8.5,4.0,9.125],"rotation":0,"texture":"#0","tintindex":0},"east":{"uv":[4.375,7.0,5.0,7.75],"rotation":0,"texture":"#0","tintindex":0},"north":{"uv":[1.125,8.5,1.25,9.25],"rotation":0,"texture":"#0","tintindex":0},"south":{"uv":[3.5,8.5,3.625,9.25],"rotation":0,"texture":"#0","tintindex":0},"up":{"uv":[4.0,9.125,3.875,8.5],"rotation":0,"texture":"#0","tintindex":0},"west":{"uv":[7.125,4.75,7.75,5.5],"rotation":0,"texture":"#0","tintindex":0}}},{"name":"cube","from":[5.5998955,6.9503717,5.5970287],"to":[10.399897,11.750372,10.397028],"rotation":{"angle":0.0,"axis":"x","origin":[7.999896,9.350372,7.9970284]},"faces":{"down":{"uv":[2.0,5.5,1.0,6.5],"rotation":0,"texture":"#0","tintindex":0},"east":{"uv":[4.875,0.0,5.875,1.0],"rotation":0,"texture":"#0","tintindex":0},"north":{"uv":[4.25,4.75,5.25,5.75],"rotation":0,"texture":"#0","tintindex":0},"south":{"uv":[4.875,1.0,5.875,2.0],"rotation":0,"texture":"#0","tintindex":0},"up":{"uv":[1.0,6.5,0.0,5.5],"rotation":0,"texture":"#0","tintindex":0},"west":{"uv":[5.25,4.75,6.25,5.75],"rotation":0,"texture":"#0","tintindex":0}}},{"name":"cube","from":[4.3579865,6.1232767,4.9970284],"to":[4.957987,9.723276,7.9970284],"rotation":{"angle":-22.5,"axis":"z","origin":[7.3579865,8.523276,7.3970284]},"faces":{"down":{"uv":[4.0,8.5,4.125,9.125],"rotation":0,"texture":"#0","tintindex":0},"east":{"uv":[7.75,4.75,7.125,5.5],"rotation":0,"texture":"#0","tintindex":0},"north":{"uv":[1.25,8.5,1.125,9.25],"rotation":0,"texture":"#0","tintindex":0},"south":{"uv":[3.625,8.5,3.5,9.25],"rotation":0,"texture":"#0","tintindex":0},"up":{"uv":[3.875,9.125,4.0,8.5],"rotation":0,"texture":"#0","tintindex":0},"west":{"uv":[5.0,7.0,4.375,7.75],"rotation":0,"texture":"#0","tintindex":0}}},{"name":"cube","from":[10.167147,8.150372,7.443325],"to":[10.767147,10.550372,9.243325],"rotation":{"angle":22.5,"axis":"y","origin":[10.467148,9.350372,8.343325]},"faces":{"down":{"uv":[7.875,5.125,7.75,5.5],"rotation":0,"texture":"#0","tintindex":0},"east":{"uv":[3.0,3.75,3.375,4.25],"rotation":0,"texture":"#0","tintindex":0},"north":{"uv":[4.5,8.5,4.625,9.0],"rotation":0,"texture":"#0","tintindex":0},"south":{"uv":[4.625,8.5,4.75,9.0],"rotation":0,"texture":"#0","tintindex":0},"up":{"uv":[7.75,4.75,7.625,4.375],"rotation":0,"texture":"#0","tintindex":0},"west":{"uv":[0.875,8.0,1.25,8.5],"rotation":0,"texture":"#0","tintindex":0}}},{"name":"cube","from":[5.299896,8.150372,9.197029],"to":[10.699896,10.550372,10.997028],"rotation":{"angle":0.0,"axis":"x","origin":[7.699896,11.750372,7.3970284]},"faces":{"down":{"uv":[8.375,3.375,7.25,3.75],"rotation":0,"texture":"#0","tintindex":0},"east":{"uv":[7.75,8.0,8.125,8.5],"rotation":0,"texture":"#0","tintindex":0},"north":{"uv":[6.75,5.5,7.875,6.0],"rotation":0,"texture":"#0","tintindex":0},"south":{"uv":[6.75,6.0,7.875,6.5],"rotation":0,"texture":"#0","tintindex":0},"up":{"uv":[8.375,1.75,7.25,1.375],"rotation":0,"texture":"#0","tintindex":0},"west":{"uv":[1.25,8.125,1.625,8.625],"rotation":0,"texture":"#0","tintindex":0}}},{"name":"cube","from":[4.699896,7.3239,9.15198],"to":[11.299896,7.9239,13.351981],"rotation":{"angle":22.5,"axis":"x","origin":[7.999896,7.6239004,11.251981]},"faces":{"down":{"uv":[5.875,3.875,4.5,4.75],"rotation":0,"texture":"#0","tintindex":0},"east":{"uv":[5.875,1.875,6.75,2.0],"rotation":0,"texture":"#0","tintindex":0},"north":{"uv":[8.25,0.375,9.625,0.5],"rotation":0,"texture":"#0","tintindex":0},"south":{"uv":[8.25,0.5,9.625,0.625],"rotation":0,"texture":"#0","tintindex":0},"up":{"uv":[5.875,3.875,4.5,3.0],"rotation":0,"texture":"#0","tintindex":0},"west":{"uv":[6.75,6.5,7.625,6.625],"rotation":0,"texture":"#0","tintindex":0}}},{"name":"cube","from":[7.3998957,12.950372,7.3970284],"to":[8.5998955,15.350372,8.597029],"rotation":{"angle":0.0,"axis":"x","origin":[7.3998957,14.1503725,7.3970284]},"faces":{"down":{"uv":[8.75,4.75,8.5,5.0],"rotation":0,"texture":"#0","tintindex":0},"east":{"uv":[8.375,8.375,8.625,8.875],"rotation":0,"texture":"#0","tintindex":0},"north":{"uv":[1.75,6.5,2.0,7.0],"rotation":0,"texture":"#0","tintindex":0},"south":{"uv":[0.875,8.5,1.125,9.0],"rotation":0,"texture":"#0","tintindex":0},"up":{"uv":[8.25,4.375,8.0,4.125],"rotation":0,"texture":"#0","tintindex":0},"west":{"uv":[1.75,8.5,2.0,9.0],"rotation":0,"texture":"#0","tintindex":0}}},{"name":"cube","from":[9.367899,14.362175,7.0970287],"to":[12.367899,14.962174,8.897028],"rotation":{"angle":-22.5,"axis":"z","origin":[11.7678995,16.462175,8.297029]},"faces":{"down":{"uv":[8.625,3.75,8.0,4.125],"rotation":0,"texture":"#0","tintindex":0},"east":{"uv":[5.0,7.0,5.375,7.125],"rotation":0,"texture":"#0","tintindex":0},"north":{"uv":[8.5,4.5,9.125,4.625],"rotation":0,"texture":"#0","tintindex":0},"south":{"uv":[8.5,4.625,9.125,4.75],"rotation":0,"texture":"#0","tintindex":0},"up":{"uv":[8.625,3.125,8.0,2.75],"rotation":0,"texture":"#0","tintindex":0},"west":{"uv":[7.25,1.75,7.625,1.875],"rotation":0,"texture":"#0","tintindex":0}}},{"name":"cube","from":[7.026563,15.394796,7.0970287],"to":[8.976563,15.994796,8.897028],"rotation":{"angle":0.0,"axis":"x","origin":[6.576563,16.594795,7.6970286]},"faces":{"down":{"uv":[8.28125,6.0,7.875,6.375],"rotation":0,"texture":"#0","tintindex":0},"east":{"uv":[5.375,6.5,5.75,6.625],"rotation":0,"texture":"#0","tintindex":0},"north":{"uv":[8.25,7.875,8.65625,8.0],"rotation":0,"texture":"#0","tintindex":0},"south":{"uv":[8.375,3.625,8.78125,3.75],"rotation":0,"texture":"#0","tintindex":0},"up":{"uv":[8.28125,6.0,7.875,5.625],"rotation":0,"texture":"#0","tintindex":0},"west":{"uv":[6.875,0.75,7.25,0.875],"rotation":0,"texture":"#0","tintindex":0}}},{"name":"cube","from":[3.6318924,14.362175,7.0970287],"to":[6.631892,14.962174,8.897028],"rotation":{"angle":22.5,"axis":"z","origin":[4.2318926,16.462175,8.297029]},"faces":{"down":{"uv":[8.0,3.75,8.625,4.125],"rotation":0,"texture":"#0","tintindex":0},"east":{"uv":[7.625,1.75,7.25,1.875],"rotation":0,"texture":"#0","tintindex":0},"north":{"uv":[9.125,4.5,8.5,4.625],"rotation":0,"texture":"#0","tintindex":0},"south":{"uv":[9.125,4.625,8.5,4.75],"rotation":0,"texture":"#0","tintindex":0},"up":{"uv":[8.0,3.125,8.625,2.75],"rotation":0,"texture":"#0","tintindex":0},"west":{"uv":[5.375,7.0,5.0,7.125],"rotation":0,"texture":"#0","tintindex":0}}},{"name":"cube","from":[4.002282,14.4365015,7.3970284],"to":[7.002282,18.036503,8.597029],"rotation":{"angle":22.5,"axis":"z","origin":[4.002282,16.536503,7.9970284]},"faces":{"down":{"uv":[8.375,1.375,9.0,1.625],"rotation":0,"texture":"#0","tintindex":0},"east":{"uv":[6.25,8.125,6.0,8.875],"rotation":0,"texture":"#0","tintindex":0},"north":{"uv":[5.625,7.125,5.0,7.875],"rotation":0,"texture":"#0","tintindex":0},"south":{"uv":[6.25,7.125,5.625,7.875],"rotation":0,"texture":"#0","tintindex":0},"up":{"uv":[0.0,8.625,0.625,8.375],"rotation":0,"texture":"#0","tintindex":0},"west":{"uv":[6.0,8.125,5.75,8.875],"rotation":0,"texture":"#0","tintindex":0}}},{"name":"cube","from":[5.2326446,8.150372,7.443325],"to":[5.8326445,10.550372,9.243325],"rotation":{"angle":-22.5,"axis":"y","origin":[5.5326443,9.350372,8.343325]},"faces":{"down":{"uv":[7.75,5.125,7.875,5.5],"rotation":0,"texture":"#0","tintindex":0},"east":{"uv":[1.25,8.0,0.875,8.5],"rotation":0,"texture":"#0","tintindex":0},"north":{"uv":[4.625,8.5,4.5,9.0],"rotation":0,"texture":"#0","tintindex":0},"south":{"uv":[4.75,8.5,4.625,9.0],"rotation":0,"texture":"#0","tintindex":0},"up":{"uv":[7.625,4.75,7.75,4.375],"rotation":0,"texture":"#0","tintindex":0},"west":{"uv":[3.375,3.75,3.0,4.25],"rotation":0,"texture":"#0","tintindex":0}}},{"name":"cube","from":[6.199896,15.470373,7.409028],"to":[9.799896,19.070374,8.609028],"rotation":{"angle":0.0,"axis":"x","origin":[7.3998957,16.670372,7.3970284]},"faces":{"down":{"uv":[8.75,3.125,8.0,3.375],"rotation":0,"texture":"#0","tintindex":0},"east":{"uv":[8.125,1.75,8.375,2.5],"rotation":0,"texture":"#0","tintindex":0},"north":{"uv":[6.875,0.0,7.625,0.75],"rotation":0,"texture":"#0","tintindex":0},"south":{"uv":[1.75,7.0,2.5,7.75],"rotation":0,"texture":"#0","tintindex":0},"up":{"uv":[4.0,5.75,3.25,5.5],"rotation":0,"texture":"#0","tintindex":0},"west":{"uv":[5.5,8.125,5.75,8.875],"rotation":0,"texture":"#0","tintindex":0}}},{"name":"cube","from":[8.997509,14.4365015,7.3970284],"to":[11.99751,18.036503,8.597029],"rotation":{"angle":-22.5,"axis":"z","origin":[11.99751,16.536503,7.9970284]},"faces":{"down":{"uv":[9.0,1.375,8.375,1.625],"rotation":0,"texture":"#0","tintindex":0},"east":{"uv":[5.75,8.125,6.0,8.875],"rotation":0,"texture":"#0","tintindex":0},"north":{"uv":[5.0,7.125,5.625,7.875],"rotation":0,"texture":"#0","tintindex":0},"south":{"uv":[5.625,7.125,6.25,7.875],"rotation":0,"texture":"#0","tintindex":0},"up":{"uv":[0.625,8.625,0.0,8.375],"rotation":0,"texture":"#0","tintindex":0},"west":{"uv":[6.0,8.125,6.25,8.875],"rotation":0,"texture":"#0","tintindex":0}}}],"display":{"head":{"translation":[0.0,-6.4,0.0],"rotation":[0.0,0.0,0.0],"scale":[3.8095,3.8095,3.8095]}}}