{"textures":{"0":"modelengine:entity/roman_soldier"},"elements":[{"name":"cube","from":[6.2,4.3999996,7.4],"to":[9.2,9.2,11.0],"rotation":{"angle":0.0,"axis":"x","origin":[10.4,9.8,8.0]},"faces":{"down":{"uv":[7.5,7.125,6.875,7.875],"rotation":0,"texture":"#0","tintindex":0},"east":{"uv":[5.875,0.875,6.625,1.875],"rotation":0,"texture":"#0","tintindex":0},"north":{"uv":[6.625,0.875,7.25,1.875],"rotation":0,"texture":"#0","tintindex":0},"south":{"uv":[6.625,2.75,7.25,3.75],"rotation":0,"texture":"#0","tintindex":0},"up":{"uv":[6.875,7.875,6.25,7.125],"rotation":0,"texture":"#0","tintindex":0},"west":{"uv":[5.875,2.75,6.625,3.75],"rotation":0,"texture":"#0","tintindex":0}}}],"display":{"head":{"translation":[0.0,-6.4,0.0],"rotation":[0.0,0.0,0.0],"scale":[3.8095,3.8095,3.8095]}}}