{"textures":{"0":"modelengine:entity/roman_soldier"},"elements":[{"name":"cube","from":[6.5,5.6,7.1],"to":[7.1,6.8,10.1],"rotation":{"angle":0.0,"axis":"x","origin":[2.2999997,12.8,7.4]},"faces":{"down":{"uv":[4.375,8.5,4.5,9.125],"rotation":0,"texture":"#0","tintindex":0},"east":{"uv":[9.0,3.375,8.375,3.625],"rotation":0,"texture":"#0","tintindex":0},"north":{"uv":[5.875,2.75,5.75,3.0],"rotation":0,"texture":"#0","tintindex":0},"south":{"uv":[0.625,8.625,0.5,8.875],"rotation":0,"texture":"#0","tintindex":0},"up":{"uv":[4.125,9.125,4.25,8.5],"rotation":0,"texture":"#0","tintindex":0},"west":{"uv":[9.0,2.25,8.375,2.5],"rotation":0,"texture":"#0","tintindex":0}}},{"name":"cube","from":[7.1,5.6,7.1],"to":[8.3,8.0,10.1],"rotation":{"angle":0.0,"axis":"x","origin":[2.2999997,12.8,7.4]},"faces":{"down":{"uv":[4.875,8.375,5.125,9.0],"rotation":0,"texture":"#0","tintindex":0},"east":{"uv":[8.5,5.125,7.875,5.625],"rotation":0,"texture":"#0","tintindex":0},"north":{"uv":[3.25,8.5,3.0,9.0],"rotation":0,"texture":"#0","tintindex":0},"south":{"uv":[3.5,8.5,3.25,9.0],"rotation":0,"texture":"#0","tintindex":0},"up":{"uv":[8.375,2.25,8.625,1.625],"rotation":0,"texture":"#0","tintindex":0},"west":{"uv":[5.5,7.875,4.875,8.375],"rotation":0,"texture":"#0","tintindex":0}}},{"name":"cube","from":[6.8,5.6,-1.3000002],"to":[7.4,8.0,5.8999996],"rotation":{"angle":0.0,"axis":"x","origin":[2.6,13.400001,9.8]},"faces":{"down":{"uv":[8.25,6.375,8.375,7.875],"rotation":0,"texture":"#0","tintindex":0},"east":{"uv":[7.375,4.25,5.875,4.75],"rotation":0,"texture":"#0","tintindex":0},"north":{"uv":[4.875,8.5,4.75,9.0],"rotation":0,"texture":"#0","tintindex":0},"south":{"uv":[8.125,8.5,8.0,9.0],"rotation":0,"texture":"#0","tintindex":0},"up":{"uv":[1.625,9.625,1.75,8.125],"rotation":0,"texture":"#0","tintindex":0},"west":{"uv":[7.375,3.75,5.875,4.25],"rotation":0,"texture":"#0","tintindex":0}}},{"name":"cube","from":[6.5,5.3,5.3],"to":[7.7,8.3,6.5],"rotation":{"angle":0.0,"axis":"x","origin":[2.8999999,13.7,9.8]},"faces":{"down":{"uv":[4.0,5.5,4.25,5.75],"rotation":0,"texture":"#0","tintindex":0},"east":{"uv":[7.5,8.25,7.25,8.875],"rotation":0,"texture":"#0","tintindex":0},"north":{"uv":[8.5,4.5,8.25,5.125],"rotation":0,"texture":"#0","tintindex":0},"south":{"uv":[7.25,8.25,7.0,8.875],"rotation":0,"texture":"#0","tintindex":0},"up":{"uv":[4.25,4.75,4.5,4.5],"rotation":0,"texture":"#0","tintindex":0},"west":{"uv":[7.0,8.25,6.75,8.875],"rotation":0,"texture":"#0","tintindex":0}}},{"name":"cube","from":[5.8999996,6.8,7.1],"to":[7.1,8.0,8.9],"rotation":{"angle":0.0,"axis":"x","origin":[2.2999997,12.8,7.4]},"faces":{"down":{"uv":[3.625,8.5,3.875,8.875],"rotation":0,"texture":"#0","tintindex":0},"east":{"uv":[3.25,6.25,2.875,6.5],"rotation":0,"texture":"#0","tintindex":0},"north":{"uv":[8.875,1.625,8.625,1.875],"rotation":0,"texture":"#0","tintindex":0},"south":{"uv":[8.875,1.875,8.625,2.125],"rotation":0,"texture":"#0","tintindex":0},"up":{"uv":[7.375,4.75,7.625,4.375],"rotation":0,"texture":"#0","tintindex":0},"west":{"uv":[3.375,4.25,3.0,4.5],"rotation":0,"texture":"#0","tintindex":0}}},{"name":"cube","from":[6.8,6.2,-1.9000006],"to":[7.4,7.4,-1.3000002],"rotation":{"angle":0.0,"axis":"x","origin":[2.6,13.400001,9.8]},"faces":{"down":{"uv":[6.875,1.875,7.0,2.0],"rotation":0,"texture":"#0","tintindex":0},"east":{"uv":[8.75,6.0,8.625,6.25],"rotation":0,"texture":"#0","tintindex":0},"north":{"uv":[8.75,3.75,8.625,4.0],"rotation":0,"texture":"#0","tintindex":0},"south":{"uv":[8.75,5.75,8.625,6.0],"rotation":0,"texture":"#0","tintindex":0},"up":{"uv":[6.75,2.0,6.875,1.875],"rotation":0,"texture":"#0","tintindex":0},"west":{"uv":[8.75,5.5,8.625,5.75],"rotation":0,"texture":"#0","tintindex":0}}},{"name":"cube","from":[6.8,6.2,6.5],"to":[7.4,7.4,12.5],"rotation":{"angle":0.0,"axis":"x","origin":[2.6,13.400001,9.8]},"faces":{"down":{"uv":[5.375,8.375,5.5,9.625],"rotation":0,"texture":"#0","tintindex":0},"east":{"uv":[6.75,7.875,5.5,8.125],"rotation":0,"texture":"#0","tintindex":0},"north":{"uv":[1.625,8.625,1.5,8.875],"rotation":0,"texture":"#0","tintindex":0},"south":{"uv":[8.75,2.75,8.625,3.0],"rotation":0,"texture":"#0","tintindex":0},"up":{"uv":[0.625,9.625,0.75,8.375],"rotation":0,"texture":"#0","tintindex":0},"west":{"uv":[8.875,2.5,7.625,2.75],"rotation":0,"texture":"#0","tintindex":0}}}],"display":{"head":{"translation":[0.0,-6.4,0.0],"rotation":[0.0,0.0,0.0],"scale":[3.8095,3.8095,3.8095]}}}