{"textures":{"0":"modelengine:entity/roman_soldier"},"elements":[{"name":"cube","from":[6.8,3.7999997,8.0],"to":[9.2,8.0,11.0],"rotation":{"angle":0.0,"axis":"x","origin":[5.3,13.400001,8.6]},"faces":{"down":{"uv":[2.75,7.875,3.25,8.5],"rotation":0,"texture":"#0","tintindex":0},"east":{"uv":[3.125,7.0,2.5,7.875],"rotation":0,"texture":"#0","tintindex":0},"north":{"uv":[3.0,4.625,2.5,5.5],"rotation":0,"texture":"#0","tintindex":0},"south":{"uv":[1.75,7.25,1.25,8.125],"rotation":0,"texture":"#0","tintindex":0},"up":{"uv":[2.25,8.5,2.75,7.875],"rotation":0,"texture":"#0","tintindex":0},"west":{"uv":[7.625,1.875,7.0,2.75],"rotation":0,"texture":"#0","tintindex":0}}},{"name":"cube","from":[6.8,3.7999997,6.8],"to":[9.2,5.0,8.0],"rotation":{"angle":0.0,"axis":"x","origin":[5.3,13.400001,8.6]},"faces":{"down":{"uv":[2.5,8.5,3.0,8.75],"rotation":0,"texture":"#0","tintindex":0},"east":{"uv":[1.5,8.625,1.25,8.875],"rotation":0,"texture":"#0","tintindex":0},"north":{"uv":[6.75,5.5,6.25,5.75],"rotation":0,"texture":"#0","tintindex":0},"south":{"uv":[8.875,7.625,8.375,7.875],"rotation":0,"texture":"#0","tintindex":0},"up":{"uv":[2.0,8.75,2.5,8.5],"rotation":0,"texture":"#0","tintindex":0},"west":{"uv":[0.5,8.625,0.25,8.875],"rotation":0,"texture":"#0","tintindex":0}}}],"display":{"head":{"translation":[0.0,-6.4,0.0],"rotation":[0.0,0.0,0.0],"scale":[3.8095,3.8095,3.8095]}}}