{"textures":{"0":"modelengine:entity/roman_soldier"},"elements":[{"name":"cube","from":[8.0,6.2,6.2],"to":[11.0,9.8,10.4],"rotation":{"angle":0.0,"axis":"x","origin":[4.3999996,6.2,6.8]},"faces":{"down":{"uv":[3.75,7.0,4.375,7.875],"rotation":0,"texture":"#0","tintindex":0},"east":{"uv":[1.75,6.5,0.875,7.25],"rotation":0,"texture":"#0","tintindex":0},"north":{"uv":[0.625,7.25,0.0,8.0],"rotation":0,"texture":"#0","tintindex":0},"south":{"uv":[1.25,7.25,0.625,8.0],"rotation":0,"texture":"#0","tintindex":0},"up":{"uv":[3.125,7.875,3.75,7.0],"rotation":0,"texture":"#0","tintindex":0},"west":{"uv":[0.875,6.5,0.0,7.25],"rotation":0,"texture":"#0","tintindex":0}}},{"name":"cube","from":[8.0,4.3999996,6.5],"to":[10.4,6.2,10.1],"rotation":{"angle":0.0,"axis":"x","origin":[4.3999996,6.2,6.8]},"faces":{"down":{"uv":[7.75,4.375,8.25,5.125],"rotation":0,"texture":"#0","tintindex":0},"east":{"uv":[8.75,1.0,8.0,1.375],"rotation":0,"texture":"#0","tintindex":0},"north":{"uv":[8.75,0.0,8.25,0.375],"rotation":0,"texture":"#0","tintindex":0},"south":{"uv":[8.75,4.125,8.25,4.5],"rotation":0,"texture":"#0","tintindex":0},"up":{"uv":[4.375,8.5,4.875,7.75],"rotation":0,"texture":"#0","tintindex":0},"west":{"uv":[8.75,0.625,8.0,1.0],"rotation":0,"texture":"#0","tintindex":0}}}],"display":{"head":{"translation":[0.0,-6.4,0.0],"rotation":[0.0,0.0,0.0],"scale":[3.8095,3.8095,3.8095]}}}