{"textures":{"0":"modelengine:entity/roman_soldier"},"elements":[{"name":"cube","from":[6.8,5.0,5.0],"to":[9.2,8.0,8.0],"rotation":{"angle":0.0,"axis":"x","origin":[3.1999998,9.8,4.7]},"faces":{"down":{"uv":[7.75,7.25,8.25,7.875],"rotation":0,"texture":"#0","tintindex":0},"east":{"uv":[7.875,2.75,7.25,3.375],"rotation":0,"texture":"#0","tintindex":0},"north":{"uv":[3.75,7.875,3.25,8.5],"rotation":0,"texture":"#0","tintindex":0},"south":{"uv":[4.25,7.875,3.75,8.5],"rotation":0,"texture":"#0","tintindex":0},"up":{"uv":[7.75,7.125,8.25,6.5],"rotation":0,"texture":"#0","tintindex":0},"west":{"uv":[7.875,0.75,7.25,1.375],"rotation":0,"texture":"#0","tintindex":0}}}],"display":{"head":{"translation":[0.0,-6.4,0.0],"rotation":[0.0,0.0,0.0],"scale":[3.8095,3.8095,3.8095]}}}