{"textures":{"0":"modelengine:entity/roman_soldier"},"elements":[{"name":"cube","from":[4.3999996,10.067507,4.471031],"to":[11.6,14.267507,9.271031],"rotation":{"angle":-22.5,"axis":"x","origin":[8.0,12.467507,5.671031]},"faces":{"down":{"uv":[4.875,1.0,3.375,2.0],"rotation":0,"texture":"#0","tintindex":0},"east":{"uv":[5.75,5.75,6.75,6.625],"rotation":0,"texture":"#0","tintindex":0},"north":{"uv":[0.0,3.75,1.5,4.625],"rotation":0,"texture":"#0","tintindex":0},"south":{"uv":[1.5,3.75,3.0,4.625],"rotation":0,"texture":"#0","tintindex":0},"up":{"uv":[4.875,1.0,3.375,0.0],"rotation":0,"texture":"#0","tintindex":0},"west":{"uv":[5.875,0.0,6.875,0.875],"rotation":0,"texture":"#0","tintindex":0}}},{"name":"cube","from":[5.0,13.667507,4.471031],"to":[11.0,15.467507,8.071032],"rotation":{"angle":0.0,"axis":"x","origin":[8.0,12.467507,5.671031]},"faces":{"down":{"uv":[1.25,11.25,0.0,12.0],"rotation":0,"texture":"#0","tintindex":0},"east":{"uv":[1.25,10.5,2.0,10.875],"rotation":0,"texture":"#0","tintindex":0},"north":{"uv":[0.0,10.5,1.25,10.875],"rotation":0,"texture":"#0","tintindex":0},"south":{"uv":[0.0,10.875,1.25,11.25],"rotation":0,"texture":"#0","tintindex":0},"up":{"uv":[1.25,12.75,0.0,12.0],"rotation":0,"texture":"#0","tintindex":0},"west":{"uv":[1.25,10.875,2.0,11.25],"rotation":0,"texture":"#0","tintindex":0}}},{"name":"cube","from":[5.0,8.027856,5.715438],"to":[11.0,11.627856,9.915438],"rotation":{"angle":0.0,"axis":"x","origin":[8.6,9.827856,6.3154383]},"faces":{"down":{"uv":[2.5,4.625,1.25,5.5],"rotation":0,"texture":"#0","tintindex":0},"east":{"uv":[2.0,6.25,2.875,7.0],"rotation":0,"texture":"#0","tintindex":0},"north":{"uv":[2.0,5.5,3.25,6.25],"rotation":0,"texture":"#0","tintindex":0},"south":{"uv":[5.75,2.0,7.0,2.75],"rotation":0,"texture":"#0","tintindex":0},"up":{"uv":[1.25,5.5,0.0,4.625],"rotation":0,"texture":"#0","tintindex":0},"west":{"uv":[6.25,4.75,7.125,5.5],"rotation":0,"texture":"#0","tintindex":0}}},{"name":"cube","from":[5.0,3.2278562,5.715438],"to":[11.0,8.027856,5.715438],"rotation":{"angle":0.0,"axis":"x","origin":[8.6,9.754824,6.3197193]},"faces":{"down":{"uv":[1.25,0.0,0.0,0.0],"rotation":0,"texture":"#0","tintindex":0},"east":{"uv":[0.0,0.0,0.0,1.0],"rotation":0,"texture":"#0","tintindex":0},"north":{"uv":[4.5,2.0,5.75,3.0],"rotation":0,"texture":"#0","tintindex":0},"south":{"uv":[4.5,2.0,5.75,3.0],"rotation":0,"texture":"#0","tintindex":0},"up":{"uv":[1.25,0.0,0.0,0.0],"rotation":0,"texture":"#0","tintindex":0},"west":{"uv":[0.0,0.0,0.0,1.0],"rotation":0,"texture":"#0","tintindex":0}}},{"name":"cube","from":[5.0,4.336282,9.455664],"to":[11.0,7.936282,9.455664],"rotation":{"angle":-22.5,"axis":"x","origin":[8.6,9.136282,9.455664]},"faces":{"down":{"uv":[1.25,0.0,0.0,0.0],"rotation":0,"texture":"#0","tintindex":0},"east":{"uv":[0.0,0.0,0.0,0.75],"rotation":0,"texture":"#0","tintindex":0},"north":{"uv":[4.5,2.25,5.75,3.0],"rotation":0,"texture":"#0","tintindex":0},"south":{"uv":[4.5,2.25,5.75,3.0],"rotation":0,"texture":"#0","tintindex":0},"up":{"uv":[1.25,0.0,0.0,0.0],"rotation":0,"texture":"#0","tintindex":0},"west":{"uv":[0.0,0.0,0.0,0.75],"rotation":0,"texture":"#0","tintindex":0}}},{"name":"cube","from":[6.8,7.1,5.8999996],"to":[9.2,8.9,9.5],"rotation":{"angle":-22.5,"axis":"x","origin":[9.8,8.0,8.0]},"faces":{"down":{"uv":[2.25,7.75,1.75,8.5],"rotation":0,"texture":"#0","tintindex":0},"east":{"uv":[6.75,7.875,7.5,8.25],"rotation":0,"texture":"#0","tintindex":0},"north":{"uv":[6.25,8.125,6.75,8.5],"rotation":0,"texture":"#0","tintindex":0},"south":{"uv":[8.125,8.0,8.625,8.375],"rotation":0,"texture":"#0","tintindex":0},"up":{"uv":[8.125,2.5,7.625,1.75],"rotation":0,"texture":"#0","tintindex":0},"west":{"uv":[0.0,8.0,0.75,8.375],"rotation":0,"texture":"#0","tintindex":0}}}],"display":{"head":{"translation":[0.0,-6.4,0.0],"rotation":[0.0,0.0,0.0],"scale":[3.8095,3.8095,3.8095]}}}